timestamp,pet_name,price_eur
2026-02-19 16:00:24,Crystal Egg,0.08
2026-02-19 16:00:24,Retired Egg,0.05
2026-02-19 16:00:24,Ride Potion,0.54
2026-02-19 16:00:24,Cherub Chipmunk,0.3
2026-02-19 16:00:24,Newborn Fire Stallion,0.05
2026-02-19 16:00:24,Moon Egg,0.1
2026-02-19 16:00:24,Urban Egg,0.42
2026-02-19 16:00:24,Reborn Fire Stallion,0.27
2026-02-19 16:00:24,Fly Potion,1.0
2026-02-19 16:00:24,Fire Stallion,1.81
2026-02-19 16:00:24,Royal Egg,0.05
2026-02-19 16:00:24,Garden Egg,0.11
2026-02-19 16:00:24,Newborn Fire Mare,0.23
2026-02-19 16:00:24,Paint Sealer,0.05
2026-02-19 16:00:24,Samoyed,0.46
2026-02-19 16:00:24,Newborn Unicorn,0.78
2026-02-19 16:00:24,Onza,0.68
2026-02-19 16:00:24,Danger Egg,0.55
2026-02-19 16:00:24,Reborn Fire Mare,0.95
2026-02-19 16:00:24,Muskrat,0.27
2026-02-19 16:00:24,Japan Egg,0.24
2026-02-19 16:00:24,Desert Egg,0.25
2026-02-19 16:00:24,Aussie Egg,2.85
2026-02-19 16:00:24,Full-Grown Unicorn,0.83
2026-02-19 16:00:24,Newborn Dragonfruit Fox,4.5
2026-02-19 16:00:24,Japanese Snow Fairy,0.33
2026-02-19 16:00:24,Mythic Egg,0.26
2026-02-19 16:00:24,Fire Foal,0.67
2026-02-19 16:00:24,Fossil Egg,0.5
2026-02-19 16:00:24,Newborn Dragon,0.1
2026-02-19 16:00:24,Ocean Egg,0.43
2026-02-19 16:00:24,Angus Cow,0.29
2026-02-19 16:00:24,Reborn Unicorn,3.51
2026-02-19 16:00:24,Classic Trade Stand,0.3
2026-02-19 16:00:24,Newborn Dango Penguins,3.6
2026-02-19 16:00:24,Fire Mare,4.7
2026-02-19 16:00:24,Newborn Christmas Spirit,0.1
2026-02-19 16:00:24,Water Opossum,0.65
2026-02-19 16:00:24,Newborn Fire Foal,0.05
2026-02-19 16:00:24,Reborn Cherub Chipmunk,0.07
2026-02-19 16:00:24,Newborn Maine Coon,0.07
2026-02-19 16:00:24,Christmas Spirit,2.66
2026-02-19 16:00:24,Sneak Weasel,0.29
2026-02-19 16:00:24,Southeast Asia Egg,0.25
2026-02-19 16:00:24,Woodland Egg,0.59
2026-02-19 16:00:24,Turtle Doves,0.45
2026-02-19 16:00:24,Ehecatl,0.54
2026-02-19 16:00:24,Shih Tzu,0.26
2026-02-19 16:00:24,Maine Coon,1.61
2026-02-19 16:00:24,Newborn Kitty Bat,0.29
2026-02-19 16:02:57,Crystal Egg,0.08
2026-02-19 16:02:57,Retired Egg,0.05
2026-02-19 16:02:57,Ride Potion,0.55
2026-02-19 16:02:57,Cherub Chipmunk,0.29
2026-02-19 16:02:57,Newborn Fire Stallion,0.05
2026-02-19 16:02:57,Moon Egg,0.1
2026-02-19 16:02:57,Urban Egg,0.42
2026-02-19 16:02:57,Reborn Fire Stallion,0.34
2026-02-19 16:02:57,Fly Potion,1.0
2026-02-19 16:02:57,Fire Stallion,1.81
2026-02-19 16:02:57,Royal Egg,0.05
2026-02-19 16:02:57,Garden Egg,0.11
2026-02-19 16:02:57,Newborn Fire Mare,0.23
2026-02-19 16:02:57,Paint Sealer,0.05
2026-02-19 16:02:57,Samoyed,0.46
2026-02-19 16:02:57,Newborn Unicorn,0.78
2026-02-19 16:02:57,Onza,0.68
2026-02-19 16:02:57,Danger Egg,0.55
2026-02-19 16:02:57,Reborn Fire Mare,0.95
2026-02-19 16:02:57,Muskrat,0.27
2026-02-19 16:02:57,Japan Egg,0.24
2026-02-19 16:02:57,Desert Egg,0.25
2026-02-19 16:02:57,Aussie Egg,2.85
2026-02-19 16:02:57,Full-Grown Unicorn,0.83
2026-02-19 16:02:57,Newborn Dragonfruit Fox,4.5
2026-02-19 16:02:57,Japanese Snow Fairy,0.33
2026-02-19 16:02:57,Mythic Egg,0.26
2026-02-19 16:02:57,Fire Foal,0.67
2026-02-19 16:02:57,Fossil Egg,0.5
2026-02-19 16:02:57,Newborn Dragon,0.1
2026-02-19 16:02:57,Ocean Egg,0.43
2026-02-19 16:02:57,Angus Cow,0.29
2026-02-19 16:02:57,Reborn Unicorn,3.51
2026-02-19 16:02:57,Classic Trade Stand,0.31
2026-02-19 16:02:57,Newborn Dango Penguins,3.6
2026-02-19 16:02:57,Fire Mare,4.52
2026-02-19 16:02:57,Newborn Christmas Spirit,0.11
2026-02-19 16:02:57,Water Opossum,0.65
2026-02-19 16:02:57,Newborn Fire Foal,0.05
2026-02-19 16:02:57,Reborn Cherub Chipmunk,0.07
2026-02-19 16:02:57,Newborn Maine Coon,0.07
2026-02-19 16:02:57,Christmas Spirit,2.66
2026-02-19 16:02:57,Sneak Weasel,0.29
2026-02-19 16:02:57,Southeast Asia Egg,0.25
2026-02-19 16:02:57,Woodland Egg,0.59
2026-02-19 16:02:57,Turtle Doves,0.45
2026-02-19 16:02:57,Ehecatl,0.54
2026-02-19 16:02:57,Shih Tzu,0.26
2026-02-19 16:02:57,Maine Coon,1.61
2026-02-19 16:02:57,Newborn Kitty Bat,0.32
2026-02-19 16:29:25,Crystal Egg,0.09
2026-02-19 16:29:25,Retired Egg,0.05
2026-02-19 16:29:25,Ride Potion,0.55
2026-02-19 16:29:25,Cherub Chipmunk,0.3
2026-02-19 16:29:25,Newborn Fire Stallion,0.05
2026-02-19 16:29:25,Moon Egg,0.1
2026-02-19 16:29:25,Urban Egg,0.45
2026-02-19 16:29:25,Reborn Fire Stallion,0.32
2026-02-19 16:29:25,Fly Potion,1.0
2026-02-19 16:29:25,Fire Stallion,1.69
2026-02-19 16:29:25,Royal Egg,0.05
2026-02-19 16:29:25,Garden Egg,0.11
2026-02-19 16:29:25,Newborn Fire Mare,0.23
2026-02-19 16:29:25,Paint Sealer,0.05
2026-02-19 16:29:25,Samoyed,0.46
2026-02-19 16:29:25,Newborn Unicorn,0.8
2026-02-19 16:29:25,Onza,0.9
2026-02-19 16:29:25,Danger Egg,0.56
2026-02-19 16:29:25,Reborn Fire Mare,0.95
2026-02-19 16:29:25,Muskrat,0.31
2026-02-19 16:29:25,Japan Egg,0.24
2026-02-19 16:29:25,Desert Egg,0.25
2026-02-19 16:29:25,Aussie Egg,2.82
2026-02-19 16:29:25,Full-Grown Unicorn,1.05
2026-02-19 16:29:25,Newborn Dragonfruit Fox,4.5
2026-02-19 16:29:25,Japanese Snow Fairy,0.33
2026-02-19 16:29:25,Mythic Egg,0.26
2026-02-19 16:29:25,Fire Foal,0.66
2026-02-19 16:29:25,Fossil Egg,0.5
2026-02-19 16:29:25,Newborn Dragon,0.11
2026-02-19 16:29:25,Ocean Egg,0.43
2026-02-19 16:29:25,Angus Cow,0.32
2026-02-19 16:29:25,Reborn Unicorn,3.51
2026-02-19 16:29:25,Classic Trade Stand,0.37
2026-02-19 16:29:25,Newborn Dango Penguins,3.6
2026-02-19 16:29:25,Fire Mare,4.88
2026-02-19 16:29:25,Newborn Christmas Spirit,0.11
2026-02-19 16:29:25,Water Opossum,0.69
2026-02-19 16:29:25,Newborn Fire Foal,0.05
2026-02-19 16:29:25,Reborn Cherub Chipmunk,0.07
2026-02-19 16:29:25,Newborn Maine Coon,0.07
2026-02-19 16:29:25,Sneak Weasel,0.3
2026-02-19 16:29:25,Christmas Spirit,2.65
2026-02-19 16:29:25,Southeast Asia Egg,0.25
2026-02-19 16:29:25,Woodland Egg,0.63
2026-02-19 16:29:25,Turtle Doves,0.45
2026-02-19 16:29:25,Ehecatl,0.54
2026-02-19 16:29:25,Shih Tzu,0.26
2026-02-19 16:29:25,Maine Coon,1.61
2026-02-19 16:29:25,Newborn Kitty Bat,0.29
2026-02-19 16:30:59,Crystal Egg,0.09
2026-02-19 16:30:59,Retired Egg,0.05
2026-02-19 16:30:59,Ride Potion,0.55
2026-02-19 16:30:59,Cherub Chipmunk,0.3
2026-02-19 16:30:59,Newborn Fire Stallion,0.05
2026-02-19 16:30:59,Moon Egg,0.1
2026-02-19 16:30:59,Urban Egg,0.45
2026-02-19 16:30:59,Reborn Fire Stallion,0.32
2026-02-19 16:30:59,Fly Potion,1.02
2026-02-19 16:30:59,Fire Stallion,1.69
2026-02-19 16:30:59,Royal Egg,0.05
2026-02-19 16:30:59,Garden Egg,0.11
2026-02-19 16:30:59,Newborn Fire Mare,0.23
2026-02-19 16:30:59,Paint Sealer,0.05
2026-02-19 16:30:59,Samoyed,0.46
2026-02-19 16:30:59,Newborn Unicorn,0.8
2026-02-19 16:30:59,Onza,0.9
2026-02-19 16:30:59,Danger Egg,0.56
2026-02-19 16:30:59,Reborn Fire Mare,0.95
2026-02-19 16:30:59,Muskrat,0.31
2026-02-19 16:30:59,Japan Egg,0.24
2026-02-19 16:30:59,Desert Egg,0.25
2026-02-19 16:30:59,Aussie Egg,2.82
2026-02-19 16:30:59,Full-Grown Unicorn,1.05
2026-02-19 16:30:59,Newborn Dragonfruit Fox,4.5
2026-02-19 16:30:59,Japanese Snow Fairy,0.33
2026-02-19 16:30:59,Mythic Egg,0.26
2026-02-19 16:30:59,Fire Foal,0.66
2026-02-19 16:30:59,Fossil Egg,0.5
2026-02-19 16:30:59,Newborn Dragon,0.11
2026-02-19 16:30:59,Ocean Egg,0.43
2026-02-19 16:30:59,Angus Cow,0.32
2026-02-19 16:30:59,Reborn Unicorn,3.51
2026-02-19 16:30:59,Classic Trade Stand,0.37
2026-02-19 16:30:59,Newborn Dango Penguins,3.6
2026-02-19 16:30:59,Fire Mare,4.88
2026-02-19 16:30:59,Newborn Christmas Spirit,0.1
2026-02-19 16:30:59,Water Opossum,0.69
2026-02-19 16:30:59,Newborn Fire Foal,0.05
2026-02-19 16:30:59,Reborn Cherub Chipmunk,0.07
2026-02-19 16:30:59,Newborn Maine Coon,0.07
2026-02-19 16:30:59,Sneak Weasel,0.28
2026-02-19 16:30:59,Christmas Spirit,2.65
2026-02-19 16:30:59,Southeast Asia Egg,0.25
2026-02-19 16:30:59,Woodland Egg,0.63
2026-02-19 16:30:59,Turtle Doves,0.45
2026-02-19 16:30:59,Ehecatl,0.54
2026-02-19 16:30:59,Shih Tzu,0.26
2026-02-19 16:30:59,Maine Coon,1.61
2026-02-19 16:30:59,Newborn Kitty Bat,0.29
2026-02-19 16:32:52,Crystal Egg,0.08
2026-02-19 16:32:52,Retired Egg,0.05
2026-02-19 16:32:52,Ride Potion,0.53
2026-02-19 16:32:52,Cherub Chipmunk,0.3
2026-02-19 16:32:52,Newborn Fire Stallion,0.05
2026-02-19 16:32:52,Moon Egg,0.1
2026-02-19 16:32:52,Urban Egg,0.45
2026-02-19 16:32:52,Reborn Fire Stallion,0.32
2026-02-19 16:32:52,Fly Potion,1.0
2026-02-19 16:32:52,Fire Stallion,1.69
2026-02-19 16:32:52,Royal Egg,0.05
2026-02-19 16:32:52,Garden Egg,0.11
2026-02-19 16:32:52,Newborn Fire Mare,0.23
2026-02-19 16:32:52,Paint Sealer,0.05
2026-02-19 16:32:52,Samoyed,0.45
2026-02-19 16:32:52,Newborn Unicorn,0.8
2026-02-19 16:32:52,Onza,0.9
2026-02-19 16:32:52,Danger Egg,0.56
2026-02-19 16:32:52,Reborn Fire Mare,0.95
2026-02-19 16:32:52,Muskrat,0.31
2026-02-19 16:32:52,Japan Egg,0.24
2026-02-19 16:32:52,Desert Egg,0.25
2026-02-19 16:32:52,Aussie Egg,2.82
2026-02-19 16:32:52,Full-Grown Unicorn,1.05
2026-02-19 16:32:52,Newborn Dragonfruit Fox,4.5
2026-02-19 16:32:52,Japanese Snow Fairy,0.3
2026-02-19 16:32:52,Mythic Egg,0.26
2026-02-19 16:32:52,Fire Foal,0.66
2026-02-19 16:32:52,Fossil Egg,0.5
2026-02-19 16:32:52,Newborn Dragon,0.11
2026-02-19 16:32:52,Ocean Egg,0.43
2026-02-19 16:32:52,Angus Cow,0.3
2026-02-19 16:32:52,Reborn Unicorn,3.51
2026-02-19 16:32:52,Classic Trade Stand,0.37
2026-02-19 16:32:52,Newborn Dango Penguins,3.62
2026-02-19 16:32:52,Fire Mare,4.88
2026-02-19 16:32:52,Newborn Christmas Spirit,0.1
2026-02-19 16:32:52,Water Opossum,0.69
2026-02-19 16:32:52,Newborn Fire Foal,0.05
2026-02-19 16:32:52,Reborn Cherub Chipmunk,0.07
2026-02-19 16:32:52,Newborn Maine Coon,0.07
2026-02-19 16:32:52,Sneak Weasel,0.28
2026-02-19 16:32:52,Christmas Spirit,2.65
2026-02-19 16:32:52,Southeast Asia Egg,0.25
2026-02-19 16:32:52,Woodland Egg,0.63
2026-02-19 16:32:52,Turtle Doves,0.45
2026-02-19 16:32:52,Ehecatl,0.54
2026-02-19 16:32:52,Shih Tzu,0.26
2026-02-19 16:32:52,Maine Coon,1.61
2026-02-19 16:32:52,Newborn Kitty Bat,0.29
2026-02-19 16:57:45,Crystal Egg,0.08
2026-02-19 16:57:45,Retired Egg,0.05
2026-02-19 16:57:45,Ride Potion,0.53
2026-02-19 16:57:45,Cherub Chipmunk,0.29
2026-02-19 16:57:45,Newborn Fire Stallion,0.05
2026-02-19 16:57:45,Moon Egg,0.1
2026-02-19 16:57:45,Urban Egg,0.46
2026-02-19 16:57:45,Reborn Fire Stallion,0.27
2026-02-19 16:57:45,Fly Potion,1.02
2026-02-19 16:57:45,Fire Stallion,1.79
2026-02-19 16:57:45,Royal Egg,0.05
2026-02-19 16:57:45,Garden Egg,0.11
2026-02-19 16:57:45,Newborn Fire Mare,0.23
2026-02-19 16:57:45,Paint Sealer,0.05
2026-02-19 16:57:45,Samoyed,0.4
2026-02-19 16:57:45,Newborn Unicorn,0.8
2026-02-19 16:57:45,Onza,0.72
2026-02-19 16:57:45,Danger Egg,0.56
2026-02-19 16:57:45,Reborn Fire Mare,0.95
2026-02-19 16:57:45,Muskrat,0.31
2026-02-19 16:57:45,Japan Egg,0.23
2026-02-19 16:57:45,Desert Egg,0.25
2026-02-19 16:57:45,Aussie Egg,2.67
2026-02-19 16:57:45,Full-Grown Unicorn,1.05
2026-02-19 16:57:45,Newborn Dragonfruit Fox,4.5
2026-02-19 16:57:45,Japanese Snow Fairy,0.3
2026-02-19 16:57:45,Mythic Egg,0.26
2026-02-19 16:57:45,Fire Foal,0.66
2026-02-19 16:57:45,Fossil Egg,0.5
2026-02-19 16:57:45,Newborn Dragon,0.05
2026-02-19 16:57:45,Ocean Egg,0.43
2026-02-19 16:57:45,Angus Cow,0.31
2026-02-19 16:57:45,Reborn Unicorn,3.51
2026-02-19 16:57:45,Classic Trade Stand,0.34
2026-02-19 16:57:45,Newborn Dango Penguins,3.62
2026-02-19 16:57:45,Fire Mare,4.79
2026-02-19 16:57:45,Newborn Christmas Spirit,0.1
2026-02-19 16:57:45,Water Opossum,0.65
2026-02-19 16:57:45,Newborn Fire Foal,0.05
2026-02-19 16:57:45,Reborn Cherub Chipmunk,0.07
2026-02-19 16:57:45,Newborn Maine Coon,0.07
2026-02-19 16:57:45,Sneak Weasel,0.29
2026-02-19 16:57:45,Christmas Spirit,2.48
2026-02-19 16:57:45,Southeast Asia Egg,0.25
2026-02-19 16:57:45,Woodland Egg,0.64
2026-02-19 16:57:45,Turtle Doves,0.45
2026-02-19 16:57:45,Ehecatl,0.54
2026-02-19 16:57:45,Shih Tzu,0.25
2026-02-19 16:57:45,Maine Coon,1.61
2026-02-19 16:57:45,Newborn Kitty Bat,0.29
2026-02-19 17:16:53,Newborn Unicorn,0.8
2026-02-19 17:16:53,Full-Grown Unicorn,0.91
2026-02-19 17:16:53,Reborn Unicorn,3.51
2026-02-19 17:16:53,Luminous Unicorn,5.35
2026-02-19 17:16:53,Luminous Unicorn,3.9
2026-02-19 17:16:53,Full-Grown Unicorn,1.98
2026-02-19 17:16:53,Unicorn Horn,9.76
2026-02-19 17:16:53,Newborn Golden Unicorn,0.19
2026-02-19 17:16:53,Full-Grown Unicorn,1.29
2026-02-19 17:16:53,Newborn Diamond Unicorn,0.2
2026-02-19 17:16:53,Newborn Dragonfruit Fox,4.5
2026-02-19 17:16:53,Newborn Dragon,0.1
2026-02-19 17:16:53,Full-Grown Strawberry Shortcake Bat Dragon,10.67
2026-02-19 17:16:53,Newborn Ancient Dragon,0.05
2026-02-19 17:16:53,Newborn Rose Dragon,3.2
2026-02-19 17:16:53,Full-Grown Dragonfly,0.06
2026-02-19 17:16:53,Reborn Ancient Dragon,0.56
2026-02-19 17:16:53,Reborn Dragon,0.45
2026-02-19 17:16:53,Full-Grown Dragonfruit Fox,4.49
2026-02-19 17:16:53,Newborn Dragonfly,0.05
2026-02-19 17:16:53,Fly Potion,1.0
2026-02-19 17:55:50,Newborn Unicorn,0.88
2026-02-19 17:55:50,Full-Grown Unicorn,1.0
2026-02-19 17:55:50,Reborn Unicorn,4.12
2026-02-19 17:55:50,Luminous Unicorn,6.19
2026-02-19 17:55:50,Luminous Unicorn,4.52
2026-02-19 17:55:50,Full-Grown Unicorn,2.27
2026-02-19 17:55:50,Unicorn Horn,11.6
2026-02-19 17:55:50,Newborn Golden Unicorn,0.22
2026-02-19 17:55:50,Full-Grown Unicorn,1.37
2026-02-19 17:55:50,Newborn Diamond Unicorn,0.23
2026-02-19 17:55:50,Newborn Dragonfruit Fox,4.98
2026-02-19 17:55:50,Newborn Dragon,0.14
2026-02-19 17:55:50,Full-Grown Strawberry Shortcake Bat Dragon,11.95
2026-02-19 17:55:50,Newborn Ancient Dragon,0.08
2026-02-19 17:55:50,Newborn Rose Dragon,3.67
2026-02-19 17:55:50,Full-Grown Dragonfly,0.07
2026-02-19 17:55:50,Reborn Ancient Dragon,0.6
2026-02-19 17:55:50,Reborn Dragon,0.48
2026-02-19 17:55:50,Full-Grown Dragonfruit Fox,4.97
2026-02-19 17:55:50,Newborn Dragonfly,0.05
2026-02-19 17:55:50,Full-Grown Giant Panda,26.84
2026-02-19 17:55:50,Newborn Giant Panda,27.94
2026-02-19 17:55:50,Full-Grown Giant Panda,27.4
2026-02-19 17:55:50,Full-Grown Giant Panda,27.9
2026-02-19 17:55:50,Teen Giant Panda,27.42
2026-02-19 17:55:50,Post-Teen Giant Panda,32.4
2026-02-19 17:55:50,Junior Giant Panda,28.0
2026-02-19 17:55:50,Pre-Teen Giant Panda,30.0
2026-02-19 17:55:50,Luminous Giant Panda,85.99
2026-02-19 17:55:50,Post-Teen Giant Panda,27.3
2026-02-19 18:30:12,Full-Grown Giant Panda,24.9
2026-02-19 18:30:12,Newborn Giant Panda,27.94
2026-02-19 18:30:12,Full-Grown Giant Panda,27.39
2026-02-19 18:30:12,Full-Grown Giant Panda,27.9
2026-02-19 18:30:12,Teen Giant Panda,27.42
2026-02-19 18:30:12,Post-Teen Giant Panda,32.4
2026-02-19 18:30:12,Junior Giant Panda,28.0
2026-02-19 18:30:12,Pre-Teen Giant Panda,30.0
2026-02-19 18:30:12,Post-Teen Giant Panda,31.82
2026-02-19 18:30:12,Luminous Giant Panda,110.0
2026-02-19 19:00:04,Full-Grown Giant Panda,24.9
2026-02-19 19:00:04,Newborn Giant Panda,27.94
2026-02-19 19:00:04,Full-Grown Giant Panda,27.39
2026-02-19 19:00:04,Full-Grown Giant Panda,27.9
2026-02-19 19:00:04,Teen Giant Panda,27.42
2026-02-19 19:00:04,Post-Teen Giant Panda,32.4
2026-02-19 19:00:04,Junior Giant Panda,28.0
2026-02-19 19:00:04,Pre-Teen Giant Panda,30.0
2026-02-19 19:00:04,Luminous Giant Panda,110.0
2026-02-19 19:00:04,Post-Teen Giant Panda,31.83
2026-02-19 19:44:07,Full-Grown Giant Panda,30.0
2026-02-19 19:44:07,Newborn Giant Panda,27.9
2026-02-19 19:44:07,Full-Grown Giant Panda,27.39
2026-02-19 19:44:07,Full-Grown Giant Panda,27.9
2026-02-19 19:44:07,Teen Giant Panda,27.42
2026-02-19 19:44:07,Post-Teen Giant Panda,32.0
2026-02-19 19:44:07,Junior Giant Panda,27.99
2026-02-19 19:44:07,Pre-Teen Giant Panda,30.0
2026-02-19 19:44:07,Luminous Giant Panda,110.0
2026-02-19 19:44:07,Post-Teen Giant Panda,31.82
2026-02-19 20:40:42,Full-Grown Giant Panda,27.0
2026-02-19 20:40:42,Newborn Giant Panda,27.89
2026-02-19 20:40:42,Full-Grown Giant Panda,27.39
2026-02-19 20:40:42,Full-Grown Giant Panda,30.0
2026-02-19 20:40:42,Teen Giant Panda,27.42
2026-02-19 20:40:42,Post-Teen Giant Panda,31.0
2026-02-19 20:40:42,Junior Giant Panda,27.99
2026-02-19 20:40:42,Pre-Teen Giant Panda,30.0
2026-02-19 20:40:42,Luminous Giant Panda,129.15
2026-02-19 20:40:42,Post-Teen Giant Panda,27.3
2026-02-19 21:40:12,Full-Grown Giant Panda,29.98
2026-02-19 21:40:12,Newborn Giant Panda,27.89
2026-02-19 21:40:12,Full-Grown Giant Panda,27.39
2026-02-19 21:40:12,Full-Grown Giant Panda,30.0
2026-02-19 21:40:12,Teen Giant Panda,27.42
2026-02-19 21:40:12,Post-Teen Giant Panda,30.0
2026-02-19 21:40:12,Junior Giant Panda,28.0
2026-02-19 21:40:12,Pre-Teen Giant Panda,29.99
2026-02-19 21:40:12,Luminous Giant Panda,131.1
2026-02-19 21:40:12,Post-Teen Giant Panda,31.83
2026-02-19 22:38:55,Full-Grown Giant Panda,29.97
2026-02-19 22:38:55,Newborn Giant Panda,27.89
2026-02-19 22:38:55,Full-Grown Giant Panda,27.5
2026-02-19 22:38:55,Full-Grown Giant Panda,28.0
2026-02-19 22:38:55,Teen Giant Panda,27.42
2026-02-19 22:38:55,Post-Teen Giant Panda,30.0
2026-02-19 22:38:55,Junior Giant Panda,28.0
2026-02-19 22:38:55,Pre-Teen Giant Panda,29.99
2026-02-19 22:38:55,Luminous Giant Panda,115.0
2026-02-19 22:38:55,Post-Teen Giant Panda,31.84
2026-02-19 23:36:42,Full-Grown Giant Panda,29.97
2026-02-19 23:36:42,Newborn Giant Panda,27.89
2026-02-19 23:36:42,Full-Grown Giant Panda,28.0
2026-02-19 23:36:42,Full-Grown Giant Panda,30.0
2026-02-19 23:36:42,Teen Giant Panda,75.91
2026-02-19 23:36:42,Post-Teen Giant Panda,30.0
2026-02-19 23:36:42,Junior Giant Panda,28.99
2026-02-19 23:36:42,Pre-Teen Giant Panda,29.99
2026-02-19 23:36:42,Luminous Giant Panda,115.0
2026-02-19 23:36:42,Post-Teen Giant Panda,31.84
2026-02-20 02:38:06,Full-Grown Giant Panda,29.97
2026-02-20 02:38:06,Newborn Giant Panda,27.89
2026-02-20 02:38:06,Full-Grown Giant Panda,31.6
2026-02-20 02:38:06,Full-Grown Giant Panda,31.21
2026-02-20 02:38:06,Teen Giant Panda,29.99
2026-02-20 02:38:06,Post-Teen Giant Panda,27.88
2026-02-20 02:38:06,Junior Giant Panda,27.88
2026-02-20 02:38:06,Pre-Teen Giant Panda,27.88
2026-02-20 02:38:06,Luminous Giant Panda,111.97
2026-02-20 02:38:06,Pre-Teen Giant Panda,29.99
2026-02-20 04:52:55,Full-Grown Giant Panda,27.94
2026-02-20 04:52:55,Newborn Giant Panda,27.9
2026-02-20 04:52:55,Full-Grown Giant Panda,31.6
2026-02-20 04:52:55,Full-Grown Giant Panda,30.0
2026-02-20 04:52:55,Teen Giant Panda,29.99
2026-02-20 04:52:55,Post-Teen Giant Panda,43.52
2026-02-20 04:52:55,Junior Giant Panda,27.94
2026-02-20 04:52:55,Pre-Teen Giant Panda,27.94
2026-02-20 04:52:55,Luminous Giant Panda,111.89
2026-02-20 04:52:55,Pre-Teen Giant Panda,29.99
2026-02-20 05:58:46,Full-Grown Giant Panda,27.94
2026-02-20 05:58:46,Newborn Giant Panda,27.8
2026-02-20 05:58:46,Full-Grown Giant Panda,31.59
2026-02-20 05:58:46,Full-Grown Giant Panda,30.0
2026-02-20 05:58:46,Teen Giant Panda,29.99
2026-02-20 05:58:46,Post-Teen Giant Panda,43.51
2026-02-20 05:58:46,Junior Giant Panda,27.94
2026-02-20 05:58:46,Pre-Teen Giant Panda,27.94
2026-02-20 05:58:46,Luminous Giant Panda,111.89
2026-02-20 05:58:46,Post-Teen Giant Panda,29.99
2026-02-20 07:10:01,Full-Grown Giant Panda,27.94
2026-02-20 07:10:01,Newborn Giant Panda,27.89
2026-02-20 07:10:01,Full-Grown Giant Panda,31.59
2026-02-20 07:10:01,Full-Grown Giant Panda,30.0
2026-02-20 07:10:01,Teen Giant Panda,29.99
2026-02-20 07:10:01,Post-Teen Giant Panda,43.52
2026-02-20 07:10:01,Junior Giant Panda,27.94
2026-02-20 07:10:01,Pre-Teen Giant Panda,27.94
2026-02-20 07:10:01,Luminous Giant Panda,110.0
2026-02-20 07:10:01,Pre-Teen Giant Panda,29.99
2026-02-20 08:51:26,Full-Grown Giant Panda,27.94
2026-02-20 08:51:26,Newborn Giant Panda,27.89
2026-02-20 08:51:26,Full-Grown Giant Panda,31.59
2026-02-20 08:51:26,Full-Grown Giant Panda,30.0
2026-02-20 08:51:26,Teen Giant Panda,29.99
2026-02-20 08:51:26,Post-Teen Giant Panda,43.53
2026-02-20 08:51:26,Junior Giant Panda,27.94
2026-02-20 08:51:26,Pre-Teen Giant Panda,27.94
2026-02-20 08:51:26,Luminous Giant Panda,110.0
2026-02-20 08:51:26,Pre-Teen Giant Panda,29.99
2026-02-20 09:51:01,Full-Grown Giant Panda,27.94
2026-02-20 09:51:01,Newborn Giant Panda,27.89
2026-02-20 09:51:01,Full-Grown Giant Panda,31.59
2026-02-20 09:51:01,Full-Grown Giant Panda,30.0
2026-02-20 09:51:01,Teen Giant Panda,29.99
2026-02-20 09:51:01,Post-Teen Giant Panda,43.56
2026-02-20 09:51:01,Junior Giant Panda,27.94
2026-02-20 09:51:01,Pre-Teen Giant Panda,27.94
2026-02-20 09:51:01,Luminous Giant Panda,110.0
2026-02-20 09:51:01,Post-Teen Giant Panda,29.99
2026-02-20 10:45:03,Full-Grown Giant Panda,27.94
2026-02-20 10:45:03,Newborn Giant Panda,27.89
2026-02-20 10:45:03,Full-Grown Giant Panda,31.59
2026-02-20 10:45:03,Full-Grown Giant Panda,30.0
2026-02-20 10:45:03,Teen Giant Panda,29.99
2026-02-20 10:45:03,Post-Teen Giant Panda,43.54
2026-02-20 10:45:03,Junior Giant Panda,27.94
2026-02-20 10:45:03,Pre-Teen Giant Panda,27.94
2026-02-20 10:45:03,Luminous Giant Panda,110.0
2026-02-20 10:45:03,Post-Teen Giant Panda,29.99
2026-02-20 11:38:05,Full-Grown Giant Panda,27.94
2026-02-20 11:38:05,Newborn Giant Panda,27.89
2026-02-20 11:38:05,Full-Grown Giant Panda,31.59
2026-02-20 11:38:05,Full-Grown Giant Panda,31.0
2026-02-20 11:38:05,Teen Giant Panda,29.99
2026-02-20 11:38:05,Post-Teen Giant Panda,43.54
2026-02-20 11:38:05,Junior Giant Panda,27.94
2026-02-20 11:38:05,Pre-Teen Giant Panda,27.94
2026-02-20 11:38:05,Luminous Giant Panda,110.0
2026-02-20 11:38:05,Post-Teen Giant Panda,29.99
2026-02-20 13:12:43,Full-Grown Giant Panda,27.7
2026-02-20 13:12:43,Newborn Giant Panda,27.7
2026-02-20 13:12:43,Full-Grown Giant Panda,31.59
2026-02-20 13:12:43,Full-Grown Giant Panda,29.99
2026-02-20 13:12:43,Teen Giant Panda,27.7
2026-02-20 13:12:43,Post-Teen Giant Panda,27.7
2026-02-20 13:12:43,Junior Giant Panda,27.75
2026-02-20 13:12:43,Pre-Teen Giant Panda,27.7
2026-02-20 13:12:43,Luminous Giant Panda,109.0
2026-02-20 13:12:43,Post-Teen Giant Panda,29.99
2026-02-20 14:45:32,Full-Grown Giant Panda,29.97
2026-02-20 14:45:32,Newborn Giant Panda,27.7
2026-02-20 14:45:32,Full-Grown Giant Panda,31.59
2026-02-20 14:45:32,Full-Grown Giant Panda,29.0
2026-02-20 14:45:32,Teen Giant Panda,27.72
2026-02-20 14:45:32,Post-Teen Giant Panda,43.55
2026-02-20 14:45:32,Junior Giant Panda,134.73
2026-02-20 14:45:32,Pre-Teen Giant Panda,30.8
2026-02-20 14:45:32,Luminous Giant Panda,104.98
2026-02-20 14:45:32,Post-Teen Giant Panda,28.0
2026-02-20 15:42:38,Full-Grown Giant Panda,27.65
2026-02-20 15:42:38,Newborn Giant Panda,27.65
2026-02-20 15:42:38,Full-Grown Giant Panda,31.59
2026-02-20 15:42:38,Full-Grown Giant Panda,28.0
2026-02-20 15:42:38,Teen Giant Panda,27.72
2026-02-20 15:42:38,Post-Teen Giant Panda,27.65
2026-02-20 15:42:38,Junior Giant Panda,27.65
2026-02-20 15:42:38,Pre-Teen Giant Panda,27.65
2026-02-20 15:42:38,Luminous Giant Panda,104.97
2026-02-20 15:42:38,Post-Teen Giant Panda,27.0
2026-02-20 16:50:49,Full-Grown Giant Panda,27.59
2026-02-20 16:50:49,Newborn Giant Panda,27.65
2026-02-20 16:50:49,Full-Grown Giant Panda,31.59
2026-02-20 16:50:49,Full-Grown Giant Panda,28.5
2026-02-20 16:50:49,Post-Teen Giant Panda,27.65
2026-02-20 16:50:49,Junior Giant Panda,27.64
2026-02-20 16:50:49,Pre-Teen Giant Panda,27.64
2026-02-20 16:50:49,Luminous Giant Panda,99.98
2026-02-20 16:50:49,Post-Teen Giant Panda,29.99
2026-02-20 16:50:49,Pre-Teen Giant Panda,31.6
2026-02-20 17:42:56,Full-Grown Giant Panda,29.98
2026-02-20 17:42:56,Newborn Giant Panda,27.49
2026-02-20 17:42:56,Full-Grown Giant Panda,31.55
2026-02-20 17:42:56,Full-Grown Giant Panda,29.9
2026-02-20 17:42:56,Post-Teen Giant Panda,27.5
2026-02-20 17:42:56,Junior Giant Panda,27.49
2026-02-20 17:42:56,Pre-Teen Giant Panda,27.49
2026-02-20 17:42:56,Luminous Giant Panda,95.0
2026-02-20 17:42:56,Post-Teen Giant Panda,29.99
2026-02-20 17:42:56,Pre-Teen Giant Panda,31.6
2026-02-20 19:41:02,Full-Grown Giant Panda,39.99
2026-02-20 19:41:02,Newborn Giant Panda,34.5
2026-02-20 19:41:02,Full-Grown Giant Panda,34.99
2026-02-20 19:41:02,Full-Grown Giant Panda,35.99
2026-02-20 19:41:02,Post-Teen Giant Panda,43.61
2026-02-20 19:41:02,Junior Giant Panda,134.94
2026-02-20 19:41:02,Luminous Giant Panda,118.71
2026-02-20 19:41:02,Post-Teen Giant Panda,37.67
2026-02-20 19:41:02,Pre-Teen Giant Panda,37.68
2026-02-20 19:41:02,Newborn Giant Panda,35.99
2026-02-20 20:40:53,Full-Grown Giant Panda,39.9
2026-02-20 20:40:53,Newborn Giant Panda,39.99
2026-02-20 20:40:53,Full-Grown Giant Panda,34.99
2026-02-20 20:40:53,Full-Grown Giant Panda,35.99
2026-02-20 20:40:53,Post-Teen Giant Panda,43.62
2026-02-20 20:40:53,Junior Giant Panda,134.96
2026-02-20 20:40:53,Luminous Giant Panda,118.71
2026-02-20 20:40:53,Post-Teen Giant Panda,37.67
2026-02-20 20:40:53,Pre-Teen Giant Panda,37.68
2026-02-20 20:40:53,Newborn Giant Panda,35.99
2026-02-20 21:32:35,Full-Grown Giant Panda,35.23
2026-02-20 21:32:35,Newborn Giant Panda,37.99
2026-02-20 21:32:35,Full-Grown Giant Panda,39.0
2026-02-20 21:32:35,Full-Grown Giant Panda,35.97
2026-02-20 21:32:35,Post-Teen Giant Panda,43.65
2026-02-20 21:32:35,Luminous Giant Panda,131.31
2026-02-20 21:32:35,Post-Teen Giant Panda,37.67
2026-02-20 21:32:35,Pre-Teen Giant Panda,37.68
2026-02-20 21:32:35,Newborn Giant Panda,35.97
2026-02-20 21:32:35,Newborn Giant Panda,41.0
2026-02-20 22:34:03,Full-Grown Giant Panda,38.7
2026-02-20 22:34:03,Newborn Giant Panda,37.99
2026-02-20 22:34:03,Full-Grown Giant Panda,39.0
2026-02-20 22:34:03,Full-Grown Giant Panda,39.95
2026-02-20 22:34:03,Post-Teen Giant Panda,43.62
2026-02-20 22:34:03,Junior Giant Panda,39.9
2026-02-20 22:34:03,Luminous Giant Panda,128.73
2026-02-20 22:34:03,Post-Teen Giant Panda,37.67
2026-02-20 22:34:03,Pre-Teen Giant Panda,37.68
2026-02-20 22:34:03,Teen Giant Panda,39.0
2026-02-20 23:35:15,Full-Grown Giant Panda,37.9
2026-02-20 23:35:15,Newborn Giant Panda,37.9
2026-02-20 23:35:15,Full-Grown Giant Panda,42.5
2026-02-20 23:35:15,Full-Grown Giant Panda,38.8
2026-02-20 23:35:15,Post-Teen Giant Panda,43.62
2026-02-20 23:35:15,Junior Giant Panda,39.9
2026-02-20 23:35:15,Luminous Giant Panda,128.5
2026-02-20 23:35:15,Post-Teen Giant Panda,40.0
2026-02-20 23:35:15,Pre-Teen Giant Panda,51.14
2026-02-20 23:35:15,Teen Giant Panda,39.0
2026-02-21 02:31:57,Full-Grown Giant Panda,39.25
2026-02-21 02:31:57,Newborn Giant Panda,36.99
2026-02-21 02:31:57,Full-Grown Giant Panda,37.98
2026-02-21 02:31:57,Full-Grown Giant Panda,38.64
2026-02-21 02:31:57,Post-Teen Giant Panda,43.62
2026-02-21 02:31:57,Junior Giant Panda,38.65
2026-02-21 02:31:57,Luminous Giant Panda,114.99
2026-02-21 02:31:57,Post-Teen Giant Panda,38.64
2026-02-21 02:31:57,Pre-Teen Giant Panda,51.14
2026-02-21 02:31:57,Teen Giant Panda,39.87
2026-02-21 04:42:02,Full-Grown Giant Panda,36.97
2026-02-21 04:42:02,Newborn Giant Panda,36.86
2026-02-21 04:42:02,Full-Grown Giant Panda,37.0
2026-02-21 04:42:02,Full-Grown Giant Panda,35.8
2026-02-21 04:42:02,Post-Teen Giant Panda,36.97
2026-02-21 04:42:02,Junior Giant Panda,36.97
2026-02-21 04:42:02,Pre-Teen Giant Panda,36.97
2026-02-21 04:42:02,Luminous Giant Panda,114.95
2026-02-21 04:42:02,Post-Teen Giant Panda,36.0
2026-02-21 04:42:02,Pre-Teen Giant Panda,35.99
2026-02-21 05:48:18,Full-Grown Giant Panda,36.97
2026-02-21 05:48:18,Newborn Giant Panda,36.03
2026-02-21 05:48:18,Full-Grown Giant Panda,37.0
2026-02-21 05:48:18,Full-Grown Giant Panda,35.45
2026-02-21 05:48:18,Post-Teen Giant Panda,36.97
2026-02-21 05:48:18,Junior Giant Panda,36.6
2026-02-21 05:48:18,Pre-Teen Giant Panda,36.97
2026-02-21 05:48:18,Luminous Giant Panda,114.95
2026-02-21 05:48:18,Pre-Teen Giant Panda,35.9
2026-02-21 05:48:18,Teen Giant Panda,38.42
2026-02-21 06:53:05,Full-Grown Giant Panda,39.24
2026-02-21 06:53:05,Newborn Giant Panda,35.99
2026-02-21 06:53:05,Full-Grown Giant Panda,37.99
2026-02-21 06:53:05,Full-Grown Giant Panda,42.49
2026-02-21 06:53:05,Post-Teen Giant Panda,36.04
2026-02-21 06:53:05,Junior Giant Panda,36.04
2026-02-21 06:53:05,Pre-Teen Giant Panda,36.04
2026-02-21 06:53:05,Luminous Giant Panda,114.95
2026-02-21 06:53:05,Pre-Teen Giant Panda,35.9
2026-02-21 06:53:05,Junior Giant Panda,35.8
2026-02-21 07:37:48,Full-Grown Giant Panda,39.24
2026-02-21 07:37:48,Newborn Giant Panda,35.8
2026-02-21 07:37:48,Full-Grown Giant Panda,35.0
2026-02-21 07:37:48,Full-Grown Giant Panda,35.0
2026-02-21 07:37:48,Teen Giant Panda,40.7
2026-02-21 07:37:48,Post-Teen Giant Panda,36.04
2026-02-21 07:37:48,Junior Giant Panda,36.04
2026-02-21 07:37:48,Pre-Teen Giant Panda,36.04
2026-02-21 07:37:48,Luminous Giant Panda,114.99
2026-02-21 07:37:48,Pre-Teen Giant Panda,35.9
2026-02-21 08:39:23,Full-Grown Giant Panda,37.99
2026-02-21 08:39:23,Newborn Giant Panda,35.6
2026-02-21 08:39:23,Full-Grown Giant Panda,37.0
2026-02-21 08:39:23,Full-Grown Giant Panda,34.67
2026-02-21 08:39:23,Teen Giant Panda,39.17
2026-02-21 08:39:23,Post-Teen Giant Panda,36.04
2026-02-21 08:39:23,Junior Giant Panda,36.04
2026-02-21 08:39:23,Pre-Teen Giant Panda,36.04
2026-02-21 08:39:23,Luminous Giant Panda,114.99
2026-02-21 08:39:23,Pre-Teen Giant Panda,35.9
2026-02-21 09:36:53,Full-Grown Giant Panda,36.2
2026-02-21 09:36:53,Newborn Giant Panda,33.99
2026-02-21 09:36:53,Full-Grown Giant Panda,35.0
2026-02-21 09:36:53,Full-Grown Giant Panda,34.67
2026-02-21 09:36:53,Teen Giant Panda,37.67
2026-02-21 09:36:53,Post-Teen Giant Panda,36.04
2026-02-21 09:36:53,Junior Giant Panda,36.04
2026-02-21 09:36:53,Pre-Teen Giant Panda,36.04
2026-02-21 09:36:53,Luminous Giant Panda,127.44
2026-02-21 09:36:53,Pre-Teen Giant Panda,35.9
2026-02-21 10:33:33,Full-Grown Giant Panda,36.2
2026-02-21 10:33:33,Newborn Giant Panda,33.34
2026-02-21 10:33:33,Full-Grown Giant Panda,34.99
2026-02-21 10:33:33,Full-Grown Giant Panda,34.67
2026-02-21 10:33:33,Teen Giant Panda,34.67
2026-02-21 10:33:33,Post-Teen Giant Panda,36.04
2026-02-21 10:33:33,Junior Giant Panda,36.04
2026-02-21 10:33:33,Pre-Teen Giant Panda,36.04
2026-02-21 10:33:33,Luminous Giant Panda,127.44
2026-02-21 10:33:33,Post-Teen Giant Panda,33.34
2026-02-21 11:28:27,Full-Grown Giant Panda,36.18
2026-02-21 11:28:27,Newborn Giant Panda,33.0
2026-02-21 11:28:27,Full-Grown Giant Panda,35.0
2026-02-21 11:28:27,Full-Grown Giant Panda,36.0
2026-02-21 11:28:27,Teen Giant Panda,34.67
2026-02-21 11:28:27,Post-Teen Giant Panda,36.04
2026-02-21 11:28:27,Junior Giant Panda,36.04
2026-02-21 11:28:27,Pre-Teen Giant Panda,36.04
2026-02-21 11:28:27,Luminous Giant Panda,114.99
2026-02-21 11:28:27,Pre-Teen Giant Panda,35.9
2026-02-21 13:01:46,Full-Grown Giant Panda,36.17
2026-02-21 13:01:46,Newborn Giant Panda,33.6
2026-02-21 13:01:46,Full-Grown Giant Panda,41.24
2026-02-21 13:01:46,Full-Grown Giant Panda,36.0
2026-02-21 13:01:46,Teen Giant Panda,34.67
2026-02-21 13:01:46,Post-Teen Giant Panda,33.78
2026-02-21 13:01:46,Junior Giant Panda,33.78
2026-02-21 13:01:46,Pre-Teen Giant Panda,33.78
2026-02-21 13:01:46,Luminous Giant Panda,113.69
2026-02-21 13:01:46,Pre-Teen Giant Panda,35.9
2026-02-21 14:33:02,Full-Grown Giant Panda,35.97
2026-02-21 14:33:02,Newborn Giant Panda,32.99
2026-02-21 14:33:02,Full-Grown Giant Panda,41.24
2026-02-21 14:33:02,Full-Grown Giant Panda,36.0
2026-02-21 14:33:02,Teen Giant Panda,37.67
2026-02-21 14:33:02,Post-Teen Giant Panda,33.47
2026-02-21 14:33:02,Junior Giant Panda,33.47
2026-02-21 14:33:02,Pre-Teen Giant Panda,33.47
2026-02-21 14:33:02,Luminous Giant Panda,113.69
2026-02-21 14:33:02,Pre-Teen Giant Panda,34.98
2026-02-21 15:32:17,Full-Grown Giant Panda,34.55
2026-02-21 15:32:17,Newborn Giant Panda,32.98
2026-02-21 15:32:17,Full-Grown Giant Panda,37.67
2026-02-21 15:32:17,Full-Grown Giant Panda,34.9
2026-02-21 15:32:17,Teen Giant Panda,37.67
2026-02-21 15:32:17,Post-Teen Giant Panda,33.47
2026-02-21 15:32:17,Junior Giant Panda,33.47
2026-02-21 15:32:17,Pre-Teen Giant Panda,33.47
2026-02-21 15:32:17,Luminous Giant Panda,113.69
2026-02-21 15:32:17,Pre-Teen Giant Panda,34.97
2026-02-21 16:38:04,Full-Grown Giant Panda,33.97
2026-02-21 16:38:04,Newborn Giant Panda,32.98
2026-02-21 16:38:04,Full-Grown Giant Panda,37.0
2026-02-21 16:38:04,Full-Grown Giant Panda,34.9
2026-02-21 16:38:04,Teen Giant Panda,37.67
2026-02-21 16:38:04,Post-Teen Giant Panda,33.47
2026-02-21 16:38:04,Junior Giant Panda,33.47
2026-02-21 16:38:04,Pre-Teen Giant Panda,33.47
2026-02-21 16:38:04,Luminous Giant Panda,127.44
2026-02-21 16:38:04,Pre-Teen Giant Panda,33.96
2026-02-21 17:31:34,Full-Grown Giant Panda,34.0
2026-02-21 17:31:34,Newborn Giant Panda,32.98
2026-02-21 17:31:34,Full-Grown Giant Panda,32.91
2026-02-21 17:31:34,Full-Grown Giant Panda,34.99
2026-02-21 17:31:34,Teen Giant Panda,37.67
2026-02-21 17:31:34,Post-Teen Giant Panda,32.08
2026-02-21 17:31:34,Junior Giant Panda,32.98
2026-02-21 17:31:34,Pre-Teen Giant Panda,32.98
2026-02-21 17:31:34,Luminous Giant Panda,127.43
2026-02-21 17:31:34,Pre-Teen Giant Panda,33.96
2026-02-21 18:44:53,Full-Grown Giant Panda,34.0
2026-02-21 18:44:53,Newborn Giant Panda,32.98
2026-02-21 18:44:53,Full-Grown Giant Panda,37.0
2026-02-21 18:44:53,Full-Grown Giant Panda,35.0
2026-02-21 18:44:53,Teen Giant Panda,37.67
2026-02-21 18:44:53,Post-Teen Giant Panda,32.98
2026-02-21 18:44:53,Junior Giant Panda,32.98
2026-02-21 18:44:53,Pre-Teen Giant Panda,32.98
2026-02-21 18:44:53,Luminous Giant Panda,124.26
2026-02-21 18:44:53,Pre-Teen Giant Panda,33.88
2026-02-21 19:30:42,Full-Grown Giant Panda,34.0
2026-02-21 19:30:42,Newborn Giant Panda,33.0
2026-02-21 19:30:42,Full-Grown Giant Panda,36.01
2026-02-21 19:30:42,Full-Grown Giant Panda,35.0
2026-02-21 19:30:42,Teen Giant Panda,37.67
2026-02-21 19:30:42,Post-Teen Giant Panda,43.61
2026-02-21 19:30:42,Junior Giant Panda,32.98
2026-02-21 19:30:42,Pre-Teen Giant Panda,32.98
2026-02-21 19:30:42,Luminous Giant Panda,124.26
2026-02-21 19:30:42,Pre-Teen Giant Panda,33.84
2026-02-21 20:32:47,Full-Grown Giant Panda,34.0
2026-02-21 20:32:47,Newborn Giant Panda,32.98
2026-02-21 20:32:47,Full-Grown Giant Panda,37.79
2026-02-21 20:32:47,Full-Grown Giant Panda,35.0
2026-02-21 20:32:47,Post-Teen Giant Panda,43.61
2026-02-21 20:32:47,Teen Giant Panda,37.67
2026-02-21 20:32:47,Junior Giant Panda,36.04
2026-02-21 20:32:47,Pre-Teen Giant Panda,33.0
2026-02-21 20:32:47,Luminous Giant Panda,124.26
2026-02-21 20:32:47,Pre-Teen Giant Panda,35.9
2026-02-21 21:30:21,Full-Grown Giant Panda,34.0
2026-02-21 21:30:21,Newborn Giant Panda,36.24
2026-02-21 21:30:21,Full-Grown Giant Panda,36.99
2026-02-21 21:30:21,Full-Grown Giant Panda,30.62
2026-02-21 21:30:21,Teen Giant Panda,37.67
2026-02-21 21:30:21,Post-Teen Giant Panda,43.61
2026-02-21 21:30:21,Junior Giant Panda,36.04
2026-02-21 21:30:21,Pre-Teen Giant Panda,30.61
2026-02-21 21:30:21,Luminous Giant Panda,127.44
2026-02-21 21:30:21,Pre-Teen Giant Panda,33.84
2026-02-21 22:31:21,Full-Grown Giant Panda,39.99
2026-02-21 22:31:21,Newborn Giant Panda,37.0
2026-02-21 22:31:21,Full-Grown Giant Panda,36.88
2026-02-21 22:31:21,Full-Grown Giant Panda,36.0
2026-02-21 22:31:21,Teen Giant Panda,37.67
2026-02-21 22:31:21,Post-Teen Giant Panda,43.61
2026-02-21 22:31:21,Junior Giant Panda,36.2
2026-02-21 22:31:21,Luminous Giant Panda,124.26
2026-02-21 22:31:21,Pre-Teen Giant Panda,51.12
2026-02-21 22:31:21,Newborn Giant Panda,35.0
2026-02-21 23:31:07,Full-Grown Giant Panda,39.98
2026-02-21 23:31:07,Newborn Giant Panda,37.67
2026-02-21 23:31:07,Full-Grown Giant Panda,35.98
2026-02-21 23:31:07,Full-Grown Giant Panda,36.0
2026-02-21 23:31:07,Teen Giant Panda,37.67
2026-02-21 23:31:07,Post-Teen Giant Panda,43.61
2026-02-21 23:31:07,Junior Giant Panda,36.2
2026-02-21 23:31:07,Luminous Giant Panda,126.2
2026-02-21 23:31:07,Pre-Teen Giant Panda,39.99
2026-02-21 23:31:07,Newborn Giant Panda,35.41
2026-02-22 02:44:12,Full-Grown Giant Panda,36.98
2026-02-22 02:44:12,Newborn Giant Panda,34.95
2026-02-22 02:44:12,Full-Grown Giant Panda,39.9
2026-02-22 02:44:12,Full-Grown Giant Panda,36.67
2026-02-22 02:44:12,Teen Giant Panda,37.67
2026-02-22 02:44:12,Junior Giant Panda,36.2
2026-02-22 02:44:12,Post-Teen Giant Panda,43.61
2026-02-22 02:44:12,Luminous Giant Panda,117.0
2026-02-22 02:44:12,Pre-Teen Giant Panda,39.99
2026-02-22 02:44:12,Newborn Giant Panda,36.92
2026-02-22 04:54:56,Full-Grown Giant Panda,34.89
2026-02-22 04:54:56,Newborn Giant Panda,34.0
2026-02-22 04:54:56,Full-Grown Giant Panda,39.7
2026-02-22 04:54:56,Full-Grown Giant Panda,36.6
2026-02-22 04:54:56,Teen Giant Panda,36.0
2026-02-22 04:54:56,Junior Giant Panda,34.9
2026-02-22 04:54:56,Pre-Teen Giant Panda,38.0
2026-02-22 04:54:56,Post-Teen Giant Panda,43.61
2026-02-22 04:54:56,Luminous Giant Panda,116.9
2026-02-22 04:54:56,Pre-Teen Giant Panda,38.12
2026-02-22 05:56:51,Full-Grown Giant Panda,34.9
2026-02-22 05:56:51,Newborn Giant Panda,31.46
2026-02-22 05:56:51,Full-Grown Giant Panda,38.0
2026-02-22 05:56:51,Full-Grown Giant Panda,36.6
2026-02-22 05:56:51,Teen Giant Panda,34.9
2026-02-22 05:56:51,Junior Giant Panda,34.9
2026-02-22 05:56:51,Pre-Teen Giant Panda,38.0
2026-02-22 05:56:51,Post-Teen Giant Panda,43.61
2026-02-22 05:56:51,Luminous Giant Panda,117.0
2026-02-22 05:56:51,Pre-Teen Giant Panda,37.48
2026-02-22 07:00:16,Full-Grown Giant Panda,34.9
2026-02-22 07:00:16,Newborn Giant Panda,34.8
2026-02-22 07:00:16,Full-Grown Giant Panda,38.0
2026-02-22 07:00:16,Full-Grown Giant Panda,36.6
2026-02-22 07:00:16,Teen Giant Panda,34.9
2026-02-22 07:00:16,Junior Giant Panda,34.9
2026-02-22 07:00:16,Pre-Teen Giant Panda,34.89
2026-02-22 07:00:16,Post-Teen Giant Panda,43.61
2026-02-22 07:00:16,Luminous Giant Panda,117.0
2026-02-22 07:00:16,Pre-Teen Giant Panda,37.48
2026-02-22 07:44:09,Full-Grown Giant Panda,34.9
2026-02-22 07:44:09,Newborn Giant Panda,34.8
2026-02-22 07:44:09,Full-Grown Giant Panda,38.0
2026-02-22 07:44:09,Full-Grown Giant Panda,36.6
2026-02-22 07:44:09,Teen Giant Panda,34.9
2026-02-22 07:44:09,Junior Giant Panda,34.9
2026-02-22 07:44:09,Pre-Teen Giant Panda,34.89
2026-02-22 07:44:09,Post-Teen Giant Panda,43.61
2026-02-22 07:44:09,Luminous Giant Panda,117.0
2026-02-22 07:44:09,Post-Teen Giant Panda,43.7
2026-02-22 08:40:31,Full-Grown Giant Panda,34.89
2026-02-22 08:40:31,Newborn Giant Panda,34.7
2026-02-22 08:40:31,Full-Grown Giant Panda,37.5
2026-02-22 08:40:31,Full-Grown Giant Panda,35.0
2026-02-22 08:40:31,Teen Giant Panda,34.9
2026-02-22 08:40:31,Junior Giant Panda,34.7
2026-02-22 08:40:31,Pre-Teen Giant Panda,34.89
2026-02-22 08:40:31,Post-Teen Giant Panda,43.61
2026-02-22 08:40:31,Luminous Giant Panda,117.0
2026-02-22 08:40:31,Post-Teen Giant Panda,43.7
2026-02-22 09:38:21,Full-Grown Giant Panda,34.89
2026-02-22 09:38:21,Newborn Giant Panda,34.7
2026-02-22 09:38:21,Full-Grown Giant Panda,37.99
2026-02-22 09:38:21,Full-Grown Giant Panda,34.6
2026-02-22 09:38:21,Teen Giant Panda,34.9
2026-02-22 09:38:21,Junior Giant Panda,34.7
2026-02-22 09:38:21,Pre-Teen Giant Panda,34.89
2026-02-22 09:38:21,Post-Teen Giant Panda,43.61
2026-02-22 09:38:21,Luminous Giant Panda,117.0
2026-02-22 09:38:21,Post-Teen Giant Panda,40.0
2026-02-22 10:33:20,Full-Grown Giant Panda,34.89
2026-02-22 10:33:20,Newborn Giant Panda,34.7
2026-02-22 10:33:20,Full-Grown Giant Panda,37.99
2026-02-22 10:33:20,Full-Grown Giant Panda,34.6
2026-02-22 10:33:20,Teen Giant Panda,34.9
2026-02-22 10:33:20,Junior Giant Panda,34.7
2026-02-22 10:33:20,Pre-Teen Giant Panda,34.89
2026-02-22 10:33:20,Post-Teen Giant Panda,43.61
2026-02-22 10:33:20,Luminous Giant Panda,117.0
2026-02-22 10:33:20,Post-Teen Giant Panda,40.0
2026-02-22 11:28:12,Full-Grown Giant Panda,34.85
2026-02-22 11:28:12,Newborn Giant Panda,34.2
2026-02-22 11:28:12,Full-Grown Giant Panda,37.38
2026-02-22 11:28:12,Full-Grown Giant Panda,34.6
2026-02-22 11:28:12,Teen Giant Panda,34.9
2026-02-22 11:28:12,Junior Giant Panda,32.2
2026-02-22 11:28:12,Pre-Teen Giant Panda,34.89
2026-02-22 11:28:12,Post-Teen Giant Panda,43.61
2026-02-22 11:28:12,Luminous Giant Panda,117.0
2026-02-22 11:28:12,Post-Teen Giant Panda,40.0
2026-02-22 13:03:45,Full-Grown Giant Panda,34.84
2026-02-22 13:03:45,Newborn Giant Panda,34.18
2026-02-22 13:03:45,Full-Grown Giant Panda,34.57
2026-02-22 13:03:45,Full-Grown Giant Panda,33.43
2026-02-22 13:03:45,Teen Giant Panda,34.9
2026-02-22 13:03:45,Junior Giant Panda,34.7
2026-02-22 13:03:45,Pre-Teen Giant Panda,34.89
2026-02-22 13:03:45,Post-Teen Giant Panda,43.61
2026-02-22 13:03:45,Luminous Giant Panda,116.9
2026-02-22 13:03:45,Post-Teen Giant Panda,40.0
2026-02-22 14:33:06,Full-Grown Giant Panda,34.75
2026-02-22 14:33:06,Newborn Giant Panda,33.0
2026-02-22 14:33:06,Full-Grown Giant Panda,34.48
2026-02-22 14:33:06,Full-Grown Giant Panda,33.23
2026-02-22 14:33:06,Teen Giant Panda,34.9
2026-02-22 14:33:06,Junior Giant Panda,34.7
2026-02-22 14:33:06,Pre-Teen Giant Panda,34.89
2026-02-22 14:33:06,Post-Teen Giant Panda,43.61
2026-02-22 14:33:06,Luminous Giant Panda,116.88
2026-02-22 14:33:06,Post-Teen Giant Panda,40.0
2026-02-22 15:32:32,Full-Grown Giant Panda,34.75
2026-02-22 15:32:32,Newborn Giant Panda,33.0
2026-02-22 15:32:32,Full-Grown Giant Panda,34.45
2026-02-22 15:32:32,Full-Grown Giant Panda,33.1
2026-02-22 15:32:32,Teen Giant Panda,34.9
2026-02-22 15:32:32,Junior Giant Panda,34.7
2026-02-22 15:32:32,Pre-Teen Giant Panda,34.89
2026-02-22 15:32:32,Post-Teen Giant Panda,43.61
2026-02-22 15:32:32,Luminous Giant Panda,116.86
2026-02-22 15:32:32,Post-Teen Giant Panda,40.0
2026-02-22 16:38:52,Full-Grown Giant Panda,33.74
2026-02-22 16:38:52,Newborn Giant Panda,30.8
2026-02-22 16:38:52,Full-Grown Giant Panda,34.45
2026-02-22 16:38:52,Full-Grown Giant Panda,33.1
2026-02-22 16:38:52,Teen Giant Panda,34.9
2026-02-22 16:38:52,Junior Giant Panda,34.7
2026-02-22 16:38:52,Pre-Teen Giant Panda,34.89
2026-02-22 16:38:52,Post-Teen Giant Panda,43.61
2026-02-22 16:38:52,Luminous Giant Panda,116.75
2026-02-22 16:38:52,Post-Teen Giant Panda,40.0
2026-02-22 17:31:22,Full-Grown Giant Panda,33.74
2026-02-22 17:31:22,Newborn Giant Panda,33.0
2026-02-22 17:31:22,Full-Grown Giant Panda,34.41
2026-02-22 17:31:22,Full-Grown Giant Panda,33.1
2026-02-22 17:31:22,Teen Giant Panda,34.9
2026-02-22 17:31:22,Junior Giant Panda,33.0
2026-02-22 17:31:22,Pre-Teen Giant Panda,34.89
2026-02-22 17:31:22,Post-Teen Giant Panda,43.61
2026-02-22 17:31:22,Luminous Giant Panda,116.75
2026-02-22 17:31:22,Post-Teen Giant Panda,40.0
2026-02-22 18:45:03,Full-Grown Giant Panda,33.72
2026-02-22 18:45:03,Newborn Giant Panda,33.0
2026-02-22 18:45:03,Full-Grown Giant Panda,34.47
2026-02-22 18:45:03,Full-Grown Giant Panda,33.24
2026-02-22 18:45:03,Teen Giant Panda,34.9
2026-02-22 18:45:03,Pre-Teen Giant Panda,34.89
2026-02-22 18:45:03,Post-Teen Giant Panda,43.64
2026-02-22 18:45:03,Luminous Giant Panda,116.8
2026-02-22 18:45:03,Post-Teen Giant Panda,40.0
2026-02-22 18:45:03,Newborn Giant Panda,32.4
2026-02-22 19:31:57,Full-Grown Giant Panda,33.7
2026-02-22 19:31:57,Newborn Giant Panda,33.0
2026-02-22 19:31:57,Full-Grown Giant Panda,34.47
2026-02-22 19:31:57,Full-Grown Giant Panda,35.41
2026-02-22 19:31:57,Teen Giant Panda,34.9
2026-02-22 19:31:57,Junior Giant Panda,33.0
2026-02-22 19:31:57,Pre-Teen Giant Panda,34.89
2026-02-22 19:31:57,Luminous Giant Panda,116.8
2026-02-22 19:31:57,Post-Teen Giant Panda,43.64
2026-02-22 19:31:57,Post-Teen Giant Panda,40.0
2026-02-22 20:35:10,Full-Grown Giant Panda,30.7
2026-02-22 20:35:10,Newborn Giant Panda,32.99
2026-02-22 20:35:10,Full-Grown Giant Panda,34.4
2026-02-22 20:35:10,Full-Grown Giant Panda,35.41
2026-02-22 20:35:10,Teen Giant Panda,33.9
2026-02-22 20:35:10,Pre-Teen Giant Panda,34.89
2026-02-22 20:35:10,Luminous Giant Panda,120.0
2026-02-22 20:35:10,Post-Teen Giant Panda,43.64
2026-02-22 20:35:10,Newborn Giant Panda,32.68
2026-02-22 20:35:10,Post-Teen Giant Panda,34.0
2026-02-22 21:31:35,Full-Grown Giant Panda,30.7
2026-02-22 21:31:35,Newborn Giant Panda,31.28
2026-02-22 21:31:35,Full-Grown Giant Panda,37.5
2026-02-22 21:31:35,Full-Grown Giant Panda,37.67
2026-02-22 21:31:35,Teen Giant Panda,33.9
2026-02-22 21:31:35,Luminous Giant Panda,115.0
2026-02-22 21:31:35,Pre-Teen Giant Panda,34.89
2026-02-22 21:31:35,Post-Teen Giant Panda,43.64
2026-02-22 21:31:35,Newborn Giant Panda,32.68
2026-02-22 21:31:35,Post-Teen Giant Panda,34.0
2026-02-22 22:32:01,Full-Grown Giant Panda,32.0
2026-02-22 22:32:01,Newborn Giant Panda,31.28
2026-02-22 22:32:01,Full-Grown Giant Panda,36.16
2026-02-22 22:32:01,Full-Grown Giant Panda,37.67
2026-02-22 22:32:01,Teen Giant Panda,33.9
2026-02-22 22:32:01,Luminous Giant Panda,115.0
2026-02-22 22:32:01,Pre-Teen Giant Panda,34.89
2026-02-22 22:32:01,Post-Teen Giant Panda,41.28
2026-02-22 22:32:01,Newborn Giant Panda,32.68
2026-02-22 22:32:01,Post-Teen Giant Panda,34.0
2026-02-22 23:33:02,Full-Grown Giant Panda,30.7
2026-02-22 23:33:02,Newborn Giant Panda,31.28
2026-02-22 23:33:02,Full-Grown Giant Panda,36.16
2026-02-22 23:33:02,Full-Grown Giant Panda,36.92
2026-02-22 23:33:02,Teen Giant Panda,33.9
2026-02-22 23:33:02,Luminous Giant Panda,115.0
2026-02-22 23:33:02,Pre-Teen Giant Panda,34.89
2026-02-22 23:33:02,Post-Teen Giant Panda,41.28
2026-02-22 23:33:02,Newborn Giant Panda,32.68
2026-02-22 23:33:02,Post-Teen Giant Panda,34.0
2026-02-23 02:44:45,Full-Grown Giant Panda,30.7
2026-02-23 02:44:45,Newborn Giant Panda,31.28
2026-02-23 02:44:45,Full-Grown Giant Panda,34.99
2026-02-23 02:44:45,Full-Grown Giant Panda,31.9
2026-02-23 02:44:45,Luminous Giant Panda,150.65
2026-02-23 02:44:45,Junior Giant Panda,30.6
2026-02-23 02:44:45,Pre-Teen Giant Panda,34.89
2026-02-23 02:44:45,Post-Teen Giant Panda,41.28
2026-02-23 02:44:45,Teen Giant Panda,33.9
2026-02-23 02:44:45,Newborn Giant Panda,34.51
2026-02-23 05:04:26,Full-Grown Giant Panda,33.6
2026-02-23 05:04:26,Newborn Giant Panda,31.27
2026-02-23 05:04:26,Full-Grown Giant Panda,34.98
2026-02-23 05:04:26,Full-Grown Giant Panda,33.34
2026-02-23 05:04:26,Junior Giant Panda,31.26
2026-02-23 05:04:26,Luminous Giant Panda,150.65
2026-02-23 05:04:26,Pre-Teen Giant Panda,34.89
2026-02-23 05:04:26,Post-Teen Giant Panda,41.28
2026-02-23 05:04:26,Teen Giant Panda,31.26
2026-02-23 05:04:26,Newborn Giant Panda,34.49
2026-02-23 07:14:24,Full-Grown Giant Panda,33.6
2026-02-23 07:14:24,Newborn Giant Panda,31.28
2026-02-23 07:14:24,Full-Grown Giant Panda,35.45
2026-02-23 07:14:24,Full-Grown Giant Panda,35.12
2026-02-23 07:14:24,Luminous Giant Panda,150.65
2026-02-23 07:14:24,Junior Giant Panda,31.26
2026-02-23 07:14:24,Pre-Teen Giant Panda,34.89
2026-02-23 07:14:24,Post-Teen Giant Panda,37.67
2026-02-23 07:14:24,Teen Giant Panda,32.23
2026-02-23 07:14:24,Newborn Giant Panda,34.5
2026-02-23 08:58:26,Full-Grown Giant Panda,33.6
2026-02-23 08:58:26,Newborn Giant Panda,31.19
2026-02-23 08:58:26,Full-Grown Giant Panda,34.4
2026-02-23 08:58:26,Full-Grown Giant Panda,35.14
2026-02-23 08:58:26,Luminous Giant Panda,148.99
2026-02-23 08:58:26,Junior Giant Panda,31.26
2026-02-23 08:58:26,Pre-Teen Giant Panda,34.89
2026-02-23 08:58:26,Post-Teen Giant Panda,37.67
2026-02-23 08:58:26,Teen Giant Panda,32.23
2026-02-23 08:58:26,Newborn Giant Panda,34.46
2026-02-23 10:05:50,Full-Grown Giant Panda,33.6
2026-02-23 10:05:50,Newborn Giant Panda,31.27
2026-02-23 10:05:50,Full-Grown Giant Panda,34.39
2026-02-23 10:05:50,Full-Grown Giant Panda,35.06
2026-02-23 10:05:50,Luminous Giant Panda,148.99
2026-02-23 10:05:50,Junior Giant Panda,31.26
2026-02-23 10:05:50,Pre-Teen Giant Panda,34.89
2026-02-23 10:05:50,Teen Giant Panda,32.23
2026-02-23 10:05:50,Post-Teen Giant Panda,37.67
2026-02-23 10:05:50,Newborn Giant Panda,34.43
2026-02-23 11:43:26,Full-Grown Giant Panda,33.6
2026-02-23 11:43:26,Newborn Giant Panda,31.27
2026-02-23 11:43:26,Full-Grown Giant Panda,34.4
2026-02-23 11:43:26,Full-Grown Giant Panda,35.0
2026-02-23 11:43:26,Luminous Giant Panda,148.99
2026-02-23 11:43:26,Junior Giant Panda,31.26
2026-02-23 11:43:26,Pre-Teen Giant Panda,34.89
2026-02-23 11:43:26,Teen Giant Panda,32.23
2026-02-23 11:43:26,Post-Teen Giant Panda,37.67
2026-02-23 11:43:26,Newborn Giant Panda,34.37
2026-02-23 13:19:49,Full-Grown Giant Panda,33.6
2026-02-23 13:19:49,Newborn Giant Panda,31.27
2026-02-23 13:19:49,Full-Grown Giant Panda,34.39
2026-02-23 13:19:49,Full-Grown Giant Panda,34.99
2026-02-23 13:19:49,Luminous Giant Panda,148.98
2026-02-23 13:19:49,Junior Giant Panda,31.26
2026-02-23 13:19:49,Pre-Teen Giant Panda,34.89
2026-02-23 13:19:49,Teen Giant Panda,32.23
2026-02-23 13:19:49,Post-Teen Giant Panda,37.67
2026-02-23 13:19:49,Newborn Giant Panda,34.37
2026-02-23 14:55:12,Full-Grown Giant Panda,31.25
2026-02-23 14:55:12,Newborn Giant Panda,31.27
2026-02-23 14:55:12,Full-Grown Giant Panda,34.39
2026-02-23 14:55:12,Full-Grown Giant Panda,33.79
2026-02-23 14:55:12,Luminous Giant Panda,148.95
2026-02-23 14:55:12,Junior Giant Panda,33.34
2026-02-23 14:55:12,Pre-Teen Giant Panda,34.89
2026-02-23 14:55:12,Teen Giant Panda,32.23
2026-02-23 14:55:12,Post-Teen Giant Panda,37.67
2026-02-23 14:55:12,Newborn Giant Panda,33.78
2026-02-23 15:54:08,Full-Grown Giant Panda,31.25
2026-02-23 15:54:08,Newborn Giant Panda,31.26
2026-02-23 15:54:08,Full-Grown Giant Panda,34.37
2026-02-23 15:54:08,Full-Grown Giant Panda,35.06
2026-02-23 15:54:08,Junior Giant Panda,33.34
2026-02-23 15:54:08,Luminous Giant Panda,140.0
2026-02-23 15:54:08,Pre-Teen Giant Panda,34.89
2026-02-23 15:54:08,Teen Giant Panda,32.23
2026-02-23 15:54:08,Post-Teen Giant Panda,37.67
2026-02-23 15:54:08,Newborn Giant Panda,41.0
2026-02-23 17:06:46,Full-Grown Giant Panda,31.25
2026-02-23 17:06:46,Newborn Giant Panda,31.25
2026-02-23 17:06:46,Full-Grown Giant Panda,33.93
2026-02-23 17:06:46,Full-Grown Giant Panda,35.06
2026-02-23 17:06:46,Junior Giant Panda,33.34
2026-02-23 17:06:46,Luminous Giant Panda,139.94
2026-02-23 17:06:46,Pre-Teen Giant Panda,34.89
2026-02-23 17:06:46,Teen Giant Panda,32.23
2026-02-23 17:06:46,Post-Teen Giant Panda,37.67
2026-02-23 17:06:46,Newborn Giant Panda,38.0
2026-02-23 19:13:20,Full-Grown Giant Panda,31.25
2026-02-23 19:13:20,Newborn Giant Panda,31.23
2026-02-23 19:13:20,Full-Grown Giant Panda,33.47
2026-02-23 19:13:20,Full-Grown Giant Panda,34.53
2026-02-23 19:13:20,Luminous Giant Panda,139.92
2026-02-23 19:13:20,Junior Giant Panda,33.34
2026-02-23 19:13:20,Pre-Teen Giant Panda,36.29
2026-02-23 19:13:20,Teen Giant Panda,32.23
2026-02-23 19:13:20,Post-Teen Giant Panda,37.67
2026-02-23 19:13:20,Newborn Giant Panda,36.29
2026-02-23 21:01:54,Full-Grown Giant Panda,31.25
2026-02-23 21:01:54,Newborn Giant Panda,31.22
2026-02-23 21:01:54,Full-Grown Giant Panda,33.5
2026-02-23 21:01:54,Full-Grown Giant Panda,34.53
2026-02-23 21:01:54,Luminous Giant Panda,139.83
2026-02-23 21:01:54,Junior Giant Panda,33.34
2026-02-23 21:01:54,Pre-Teen Giant Panda,36.27
2026-02-23 21:01:54,Teen Giant Panda,32.23
2026-02-23 21:01:54,Post-Teen Giant Panda,37.67
2026-02-23 21:01:54,Newborn Giant Panda,36.27
2026-02-23 21:54:33,Full-Grown Giant Panda,31.25
2026-02-23 21:54:33,Newborn Giant Panda,31.22
2026-02-23 21:54:33,Full-Grown Giant Panda,33.84
2026-02-23 21:54:33,Full-Grown Giant Panda,34.53
2026-02-23 21:54:33,Luminous Giant Panda,139.79
2026-02-23 21:54:33,Junior Giant Panda,33.34
2026-02-23 21:54:33,Pre-Teen Giant Panda,36.26
2026-02-23 21:54:33,Teen Giant Panda,34.85
2026-02-23 21:54:33,Post-Teen Giant Panda,36.17
2026-02-23 21:54:33,Newborn Giant Panda,36.26
2026-02-23 22:50:38,Full-Grown Giant Panda,33.6
2026-02-23 22:50:38,Newborn Giant Panda,31.22
2026-02-23 22:50:38,Full-Grown Giant Panda,33.84
2026-02-23 22:50:38,Full-Grown Giant Panda,34.53
2026-02-23 22:50:38,Luminous Giant Panda,139.73
2026-02-23 22:50:38,Junior Giant Panda,33.34
2026-02-23 22:50:38,Pre-Teen Giant Panda,36.26
2026-02-23 22:50:38,Teen Giant Panda,34.85
2026-02-23 22:50:38,Post-Teen Giant Panda,36.17
2026-02-23 22:50:38,Newborn Giant Panda,36.88
2026-02-23 23:39:00,Full-Grown Giant Panda,33.6
2026-02-23 23:39:00,Newborn Giant Panda,31.21
2026-02-23 23:39:00,Full-Grown Giant Panda,32.91
2026-02-23 23:39:00,Full-Grown Giant Panda,33.99
2026-02-23 23:39:00,Luminous Giant Panda,139.69
2026-02-23 23:39:00,Junior Giant Panda,33.33
2026-02-23 23:39:00,Pre-Teen Giant Panda,36.27
2026-02-23 23:39:00,Teen Giant Panda,31.2
2026-02-23 23:39:00,Post-Teen Giant Panda,36.17
2026-02-23 23:39:00,Newborn Giant Panda,33.96
2026-02-24 02:45:50,Full-Grown Giant Panda,33.6
2026-02-24 02:45:50,Newborn Giant Panda,31.22
2026-02-24 02:45:50,Full-Grown Giant Panda,37.4
2026-02-24 02:45:50,Full-Grown Giant Panda,32.7
2026-02-24 02:45:50,Luminous Giant Panda,139.64
2026-02-24 02:45:50,Junior Giant Panda,31.19
2026-02-24 02:45:50,Pre-Teen Giant Panda,36.24
2026-02-24 02:45:50,Newborn Giant Panda,31.2
2026-02-24 02:45:50,Post-Teen Giant Panda,36.17
2026-02-24 02:45:50,Teen Giant Panda,31.2
2026-02-24 04:57:42,Full-Grown Giant Panda,33.6
2026-02-24 04:57:42,Newborn Giant Panda,31.2
2026-02-24 04:57:42,Full-Grown Giant Panda,38.5
2026-02-24 04:57:42,Full-Grown Giant Panda,32.71
2026-02-24 04:57:42,Luminous Giant Panda,139.5
2026-02-24 04:57:42,Junior Giant Panda,31.0
2026-02-24 04:57:42,Pre-Teen Giant Panda,31.19
2026-02-24 04:57:42,Newborn Giant Panda,33.48
2026-02-24 04:57:42,Post-Teen Giant Panda,36.17
2026-02-24 04:57:42,Teen Giant Panda,31.2
2026-02-24 06:06:00,Full-Grown Giant Panda,33.6
2026-02-24 06:06:00,Newborn Giant Panda,31.22
2026-02-24 06:06:00,Full-Grown Giant Panda,37.0
2026-02-24 06:06:00,Full-Grown Giant Panda,32.7
2026-02-24 06:06:00,Luminous Giant Panda,139.5
2026-02-24 06:06:00,Junior Giant Panda,33.34
2026-02-24 06:06:00,Pre-Teen Giant Panda,36.23
2026-02-24 06:06:00,Newborn Giant Panda,33.48
2026-02-24 06:06:00,Post-Teen Giant Panda,36.44
2026-02-24 06:06:00,Teen Giant Panda,34.85
2026-02-24 07:55:13,Full-Grown Giant Panda,33.6
2026-02-24 07:55:13,Newborn Giant Panda,33.38
2026-02-24 07:55:13,Full-Grown Giant Panda,37.0
2026-02-24 07:55:13,Full-Grown Giant Panda,33.4
2026-02-24 07:55:13,Luminous Giant Panda,139.5
2026-02-24 07:55:13,Junior Giant Panda,33.34
2026-02-24 07:55:13,Pre-Teen Giant Panda,36.24
2026-02-24 07:55:13,Newborn Giant Panda,33.48
2026-02-24 07:55:13,Teen Giant Panda,34.85
2026-02-24 07:55:13,Post-Teen Giant Panda,34.64
2026-02-24 08:58:04,Full-Grown Giant Panda,33.6
2026-02-24 08:58:04,Newborn Giant Panda,33.38
2026-02-24 08:58:04,Full-Grown Giant Panda,37.0
2026-02-24 08:58:04,Full-Grown Giant Panda,33.4
2026-02-24 08:58:04,Luminous Giant Panda,139.5
2026-02-24 08:58:04,Junior Giant Panda,32.99
2026-02-24 08:58:04,Pre-Teen Giant Panda,35.02
2026-02-24 08:58:04,Newborn Giant Panda,33.48
2026-02-24 08:58:04,Teen Giant Panda,34.85
2026-02-24 08:58:04,Post-Teen Giant Panda,34.64
2026-02-24 10:02:18,Full-Grown Giant Panda,33.6
2026-02-24 10:02:18,Newborn Giant Panda,34.16
2026-02-24 10:02:18,Full-Grown Giant Panda,37.0
2026-02-24 10:02:18,Full-Grown Giant Panda,33.4
2026-02-24 10:02:18,Luminous Giant Panda,139.5
2026-02-24 10:02:18,Junior Giant Panda,32.99
2026-02-24 10:02:18,Pre-Teen Giant Panda,35.02
2026-02-24 10:02:18,Newborn Giant Panda,33.48
2026-02-24 10:02:18,Teen Giant Panda,34.85
2026-02-24 10:02:18,Post-Teen Giant Panda,34.92
2026-02-24 11:44:53,Full-Grown Giant Panda,30.99
2026-02-24 11:44:53,Newborn Giant Panda,33.91
2026-02-24 11:44:53,Full-Grown Giant Panda,36.9
2026-02-24 11:44:53,Full-Grown Giant Panda,33.74
2026-02-24 11:44:53,Luminous Giant Panda,139.4
2026-02-24 11:44:53,Junior Giant Panda,32.99
2026-02-24 11:44:53,Pre-Teen Giant Panda,34.99
2026-02-24 11:44:53,Newborn Giant Panda,33.4
2026-02-24 11:44:53,Teen Giant Panda,34.85
2026-02-24 11:44:53,Post-Teen Giant Panda,34.1
2026-02-24 13:21:06,Full-Grown Giant Panda,30.99
2026-02-24 13:21:06,Newborn Giant Panda,33.91
2026-02-24 13:21:06,Full-Grown Giant Panda,35.26
2026-02-24 13:21:06,Full-Grown Giant Panda,33.74
2026-02-24 13:21:06,Luminous Giant Panda,139.29
2026-02-24 13:21:06,Junior Giant Panda,32.99
2026-02-24 13:21:06,Pre-Teen Giant Panda,34.99
2026-02-24 13:21:06,Newborn Giant Panda,34.99
2026-02-24 13:21:06,Teen Giant Panda,34.85
2026-02-24 13:21:06,Post-Teen Giant Panda,43.61
2026-02-24 14:57:32,Full-Grown Giant Panda,34.35
2026-02-24 14:57:32,Newborn Giant Panda,34.16
2026-02-24 14:57:32,Full-Grown Giant Panda,35.25
2026-02-24 14:57:32,Full-Grown Giant Panda,34.16
2026-02-24 14:57:32,Luminous Giant Panda,139.2
2026-02-24 14:57:32,Junior Giant Panda,33.34
2026-02-24 14:57:32,Pre-Teen Giant Panda,34.97
2026-02-24 14:57:32,Newborn Giant Panda,38.0
2026-02-24 14:57:32,Teen Giant Panda,34.85
2026-02-24 14:57:32,Post-Teen Giant Panda,43.58
2026-02-24 16:07:32,Full-Grown Giant Panda,36.44
2026-02-24 16:07:32,Newborn Giant Panda,33.91
2026-02-24 16:07:32,Full-Grown Giant Panda,35.26
2026-02-24 16:07:32,Full-Grown Giant Panda,34.16
2026-02-24 16:07:32,Luminous Giant Panda,139.2
2026-02-24 16:07:32,Junior Giant Panda,33.34
2026-02-24 16:07:32,Pre-Teen Giant Panda,34.97
2026-02-24 16:07:32,Newborn Giant Panda,38.0
2026-02-24 16:07:32,Teen Giant Panda,34.85
2026-02-24 16:07:32,Post-Teen Giant Panda,43.59
2026-02-24 18:01:28,Full-Grown Giant Panda,36.44
2026-02-24 18:01:28,Newborn Giant Panda,33.91
2026-02-24 18:01:28,Full-Grown Giant Panda,35.26
2026-02-24 18:01:28,Full-Grown Giant Panda,35.85
2026-02-24 18:01:28,Junior Giant Panda,35.02
2026-02-24 18:01:28,Luminous Giant Panda,139.06
2026-02-24 18:01:28,Newborn Giant Panda,38.0
2026-02-24 18:01:28,Pre-Teen Giant Panda,36.26
2026-02-24 18:01:28,Teen Giant Panda,34.85
2026-02-24 18:01:28,Post-Teen Giant Panda,43.63
2026-02-24 19:51:00,Full-Grown Giant Panda,39.97
2026-02-24 19:51:00,Newborn Giant Panda,33.91
2026-02-24 19:51:00,Full-Grown Giant Panda,36.08
2026-02-24 19:51:00,Full-Grown Giant Panda,35.8
2026-02-24 19:51:00,Junior Giant Panda,34.92
2026-02-24 19:51:00,Luminous Giant Panda,139.05
2026-02-24 19:51:00,Newborn Giant Panda,38.0
2026-02-24 19:51:00,Teen Giant Panda,38.0
2026-02-24 19:51:00,Post-Teen Giant Panda,43.62
2026-02-24 19:51:00,Pre-Teen Giant Panda,37.96
2026-02-24 20:43:45,Full-Grown Giant Panda,39.97
2026-02-24 20:43:45,Newborn Giant Panda,33.9
2026-02-24 20:43:45,Full-Grown Giant Panda,34.78
2026-02-24 20:43:45,Full-Grown Giant Panda,35.85
2026-02-24 20:43:45,Junior Giant Panda,34.92
2026-02-24 20:43:45,Luminous Giant Panda,139.05
2026-02-24 20:43:45,Newborn Giant Panda,38.0
2026-02-24 20:43:45,Teen Giant Panda,38.0
2026-02-24 20:43:45,Post-Teen Giant Panda,32.64
2026-02-24 20:43:45,Pre-Teen Giant Panda,37.96
2026-02-24 21:42:20,Full-Grown Giant Panda,39.97
2026-02-24 21:42:20,Newborn Giant Panda,33.89
2026-02-24 21:42:20,Full-Grown Giant Panda,34.78
2026-02-24 21:42:20,Full-Grown Giant Panda,34.0
2026-02-24 21:42:20,Junior Giant Panda,34.92
2026-02-24 21:42:20,Luminous Giant Panda,138.96
2026-02-24 21:42:20,Pre-Teen Giant Panda,33.89
2026-02-24 21:42:20,Newborn Giant Panda,38.0
2026-02-24 21:42:20,Teen Giant Panda,38.0
2026-02-24 21:42:20,Post-Teen Giant Panda,43.59
2026-02-24 22:40:14,Full-Grown Giant Panda,33.88
2026-02-24 22:40:14,Newborn Giant Panda,33.8
2026-02-24 22:40:14,Full-Grown Giant Panda,33.97
2026-02-24 22:40:14,Full-Grown Giant Panda,33.86
2026-02-24 22:40:14,Junior Giant Panda,34.92
2026-02-24 22:40:14,Luminous Giant Panda,138.95
2026-02-24 22:40:14,Pre-Teen Giant Panda,33.89
2026-02-24 22:40:14,Newborn Giant Panda,38.0
2026-02-24 22:40:14,Teen Giant Panda,38.0
2026-02-24 22:40:14,Post-Teen Giant Panda,43.59
2026-02-24 23:39:04,Full-Grown Giant Panda,32.99
2026-02-24 23:39:04,Newborn Giant Panda,33.38
2026-02-24 23:39:04,Full-Grown Giant Panda,38.72
2026-02-24 23:39:04,Full-Grown Giant Panda,33.84
2026-02-24 23:39:04,Luminous Giant Panda,138.78
2026-02-24 23:39:04,Pre-Teen Giant Panda,33.34
2026-02-24 23:39:04,Newborn Giant Panda,33.79
2026-02-24 23:39:04,Teen Giant Panda,38.0
2026-02-24 23:39:04,Post-Teen Giant Panda,43.59
2026-02-24 23:39:04,Pre-Teen Giant Panda,37.96
2026-02-25 02:42:45,Full-Grown Giant Panda,33.0
2026-02-25 02:42:45,Newborn Giant Panda,33.39
2026-02-25 02:42:45,Full-Grown Giant Panda,35.5
2026-02-25 02:42:45,Full-Grown Giant Panda,33.66
2026-02-25 02:42:45,Luminous Giant Panda,138.69
2026-02-25 02:42:45,Newborn Giant Panda,32.77
2026-02-25 02:42:45,Post-Teen Giant Panda,43.62
2026-02-25 02:42:45,Teen Giant Panda,38.0
2026-02-25 02:42:45,Post-Teen Giant Panda,33.84
2026-02-25 02:42:45,Pre-Teen Giant Panda,37.96
2026-02-25 04:58:42,Full-Grown Giant Panda,30.5
2026-02-25 04:58:42,Newborn Giant Panda,33.38
2026-02-25 04:58:42,Full-Grown Giant Panda,34.97
2026-02-25 04:58:42,Full-Grown Giant Panda,33.65
2026-02-25 04:58:42,Newborn Giant Panda,38.0
2026-02-25 04:58:42,Luminous Giant Panda,133.97
2026-02-25 04:58:42,Post-Teen Giant Panda,43.66
2026-02-25 04:58:42,Teen Giant Panda,38.0
2026-02-25 04:58:42,Post-Teen Giant Panda,33.84
2026-02-25 04:58:42,Pre-Teen Giant Panda,39.99
2026-02-25 06:09:59,Full-Grown Giant Panda,28.99
2026-02-25 06:09:59,Newborn Giant Panda,31.95
2026-02-25 06:09:59,Full-Grown Giant Panda,34.99
2026-02-25 06:09:59,Full-Grown Giant Panda,33.3
2026-02-25 06:09:59,Newborn Giant Panda,38.0
2026-02-25 06:09:59,Luminous Giant Panda,125.0
2026-02-25 06:09:59,Post-Teen Giant Panda,43.68
2026-02-25 06:09:59,Teen Giant Panda,38.0
2026-02-25 06:09:59,Post-Teen Giant Panda,33.84
2026-02-25 06:09:59,Pre-Teen Giant Panda,39.99
2026-02-25 07:56:44,Full-Grown Giant Panda,28.0
2026-02-25 07:56:44,Newborn Giant Panda,31.9
2026-02-25 07:56:44,Full-Grown Giant Panda,34.99
2026-02-25 07:56:44,Full-Grown Giant Panda,32.96
2026-02-25 07:56:44,Newborn Giant Panda,38.0
2026-02-25 07:56:44,Luminous Giant Panda,134.89
2026-02-25 07:56:44,Post-Teen Giant Panda,43.68
2026-02-25 07:56:44,Teen Giant Panda,30.0
2026-02-25 07:56:44,Post-Teen Giant Panda,33.84
2026-02-25 07:56:44,Pre-Teen Giant Panda,39.99
2026-02-25 09:00:38,Full-Grown Giant Panda,25.0
2026-02-25 09:00:38,Newborn Giant Panda,31.9
2026-02-25 09:00:38,Full-Grown Giant Panda,34.99
2026-02-25 09:00:38,Full-Grown Giant Panda,32.89
2026-02-25 09:00:38,Pre-Teen Giant Panda,31.25
2026-02-25 09:00:38,Newborn Giant Panda,38.0
2026-02-25 09:00:38,Luminous Giant Panda,134.8
2026-02-25 09:00:38,Post-Teen Giant Panda,43.65
2026-02-25 09:00:38,Teen Giant Panda,29.0
2026-02-25 09:00:38,Post-Teen Giant Panda,33.84
2026-02-25 10:06:17,Full-Grown Giant Panda,22.0
2026-02-25 10:06:17,Newborn Giant Panda,24.0
2026-02-25 10:06:17,Full-Grown Giant Panda,34.99
2026-02-25 10:06:17,Full-Grown Giant Panda,32.0
2026-02-25 10:06:17,Pre-Teen Giant Panda,31.25
2026-02-25 10:06:17,Newborn Giant Panda,38.0
2026-02-25 10:06:17,Luminous Giant Panda,134.79
2026-02-25 10:06:17,Teen Giant Panda,29.0
2026-02-25 10:06:17,Post-Teen Giant Panda,33.84
2026-02-25 10:06:17,Pre-Teen Giant Panda,39.99
2026-02-25 11:44:07,Full-Grown Giant Panda,20.0
2026-02-25 11:44:07,Newborn Giant Panda,20.0
2026-02-25 11:44:07,Full-Grown Giant Panda,34.99
2026-02-25 11:44:07,Full-Grown Giant Panda,32.0
2026-02-25 11:44:07,Pre-Teen Giant Panda,31.34
2026-02-25 11:44:07,Luminous Giant Panda,134.78
2026-02-25 11:44:07,Newborn Giant Panda,38.0
2026-02-25 11:44:07,Teen Giant Panda,29.0
2026-02-25 11:44:07,Post-Teen Giant Panda,33.84
2026-02-25 11:44:07,Pre-Teen Giant Panda,39.99
2026-02-25 13:20:20,Full-Grown Giant Panda,21.0
2026-02-25 13:20:20,Newborn Giant Panda,26.0
2026-02-25 13:20:20,Full-Grown Giant Panda,31.99
2026-02-25 13:20:20,Full-Grown Giant Panda,29.0
2026-02-25 13:20:20,Pre-Teen Giant Panda,31.34
2026-02-25 13:20:20,Newborn Giant Panda,32.77
2026-02-25 13:20:20,Luminous Giant Panda,134.79
2026-02-25 13:20:20,Teen Giant Panda,31.0
2026-02-25 13:20:20,Pre-Teen Giant Panda,39.99
2026-02-25 13:20:20,Newborn Giant Panda,31.8
2026-02-25 14:57:37,Full-Grown Giant Panda,33.0
2026-02-25 14:57:37,Newborn Giant Panda,32.02
2026-02-25 14:57:37,Full-Grown Giant Panda,31.99
2026-02-25 14:57:37,Full-Grown Giant Panda,30.89
2026-02-25 14:57:37,Pre-Teen Giant Panda,31.34
2026-02-25 14:57:37,Luminous Giant Panda,134.7
2026-02-25 14:57:37,Newborn Giant Panda,38.0
2026-02-25 14:57:37,Teen Giant Panda,35.0
2026-02-25 14:57:37,Pre-Teen Giant Panda,39.99
2026-02-25 14:57:37,Teen Giant Panda,34.9
2026-02-25 16:14:01,Full-Grown Giant Panda,31.3
2026-02-25 16:14:01,Newborn Giant Panda,32.01
2026-02-25 16:14:01,Full-Grown Giant Panda,33.98
2026-02-25 16:14:01,Full-Grown Giant Panda,31.5
2026-02-25 16:14:01,Junior Giant Panda,35.04
2026-02-25 16:14:01,Newborn Giant Panda,38.0
2026-02-25 16:14:01,Luminous Giant Panda,134.69
2026-02-25 16:14:01,Teen Giant Panda,34.0
2026-02-25 16:14:01,Pre-Teen Giant Panda,39.99
2026-02-25 16:14:01,Teen Giant Panda,34.9
2026-02-25 18:04:14,Full-Grown Giant Panda,31.2
2026-02-25 18:04:14,Newborn Giant Panda,32.02
2026-02-25 18:04:14,Full-Grown Giant Panda,34.0
2026-02-25 18:04:14,Full-Grown Giant Panda,31.0
2026-02-25 18:04:14,Junior Giant Panda,35.07
2026-02-25 18:04:14,Newborn Giant Panda,38.0
2026-02-25 18:04:14,Luminous Giant Panda,134.79
2026-02-25 18:04:14,Teen Giant Panda,34.0
2026-02-25 18:04:14,Post-Teen Giant Panda,31.19
2026-02-25 18:04:14,Pre-Teen Giant Panda,39.99
2026-02-25 19:51:53,Full-Grown Giant Panda,31.2
2026-02-25 19:51:53,Newborn Giant Panda,32.02
2026-02-25 19:51:53,Full-Grown Giant Panda,34.0
2026-02-25 19:51:53,Full-Grown Giant Panda,32.0
2026-02-25 19:51:53,Junior Giant Panda,35.06
2026-02-25 19:51:53,Luminous Giant Panda,134.79
2026-02-25 19:51:53,Newborn Giant Panda,38.0
2026-02-25 19:51:53,Teen Giant Panda,31.2
2026-02-25 19:51:53,Pre-Teen Giant Panda,39.99
2026-02-25 19:51:53,Teen Giant Panda,34.9
2026-02-25 20:42:37,Full-Grown Giant Panda,31.31
2026-02-25 20:42:37,Newborn Giant Panda,33.0
2026-02-25 20:42:37,Full-Grown Giant Panda,34.0
2026-02-25 20:42:37,Full-Grown Giant Panda,32.0
2026-02-25 20:42:37,Junior Giant Panda,35.06
2026-02-25 20:42:37,Luminous Giant Panda,134.79
2026-02-25 20:42:37,Newborn Giant Panda,38.0
2026-02-25 20:42:37,Teen Giant Panda,34.0
2026-02-25 20:42:37,Pre-Teen Giant Panda,39.99
2026-02-25 20:42:37,Teen Giant Panda,34.9
2026-02-25 21:40:31,Full-Grown Giant Panda,31.31
2026-02-25 21:40:31,Newborn Giant Panda,33.0
2026-02-25 21:40:31,Full-Grown Giant Panda,37.29
2026-02-25 21:40:31,Full-Grown Giant Panda,33.13
2026-02-25 21:40:31,Junior Giant Panda,35.06
2026-02-25 21:40:31,Luminous Giant Panda,134.79
2026-02-25 21:40:31,Newborn Giant Panda,30.89
2026-02-25 21:40:31,Teen Giant Panda,31.0
2026-02-25 21:40:31,Pre-Teen Giant Panda,39.99
2026-02-25 21:40:31,Teen Giant Panda,34.9
2026-02-25 22:40:38,Full-Grown Giant Panda,33.0
2026-02-25 22:40:38,Newborn Giant Panda,33.0
2026-02-25 22:40:38,Full-Grown Giant Panda,37.4
2026-02-25 22:40:38,Full-Grown Giant Panda,32.0
2026-02-25 22:40:38,Luminous Giant Panda,134.78
2026-02-25 22:40:38,Newborn Giant Panda,38.0
2026-02-25 22:40:38,Teen Giant Panda,34.0
2026-02-25 22:40:38,Pre-Teen Giant Panda,39.99
2026-02-25 22:40:38,Newborn Giant Panda,33.0
2026-02-25 22:40:38,Teen Giant Panda,34.9
2026-02-25 23:35:59,Full-Grown Giant Panda,31.33
2026-02-25 23:35:59,Newborn Giant Panda,32.0
2026-02-25 23:35:59,Full-Grown Giant Panda,37.4
2026-02-25 23:35:59,Full-Grown Giant Panda,33.41
2026-02-25 23:35:59,Luminous Giant Panda,133.98
2026-02-25 23:35:59,Newborn Giant Panda,43.7
2026-02-25 23:35:59,Teen Giant Panda,34.0
2026-02-25 23:35:59,Post-Teen Giant Panda,31.0
2026-02-25 23:35:59,Pre-Teen Giant Panda,39.99
2026-02-25 23:35:59,Newborn Giant Panda,33.0
2026-02-26 02:37:46,Full-Grown Giant Panda,33.0
2026-02-26 02:37:46,Newborn Giant Panda,32.0
2026-02-26 02:37:46,Full-Grown Giant Panda,30.0
2026-02-26 02:37:46,Full-Grown Giant Panda,33.5
2026-02-26 02:37:46,Junior Giant Panda,34.49
2026-02-26 02:37:46,Newborn Giant Panda,43.7
2026-02-26 02:37:46,Luminous Giant Panda,133.89
2026-02-26 02:37:46,Post-Teen Giant Panda,34.49
2026-02-26 02:37:46,Newborn Giant Panda,33.0
2026-02-26 02:37:46,Pre-Teen Giant Panda,39.99
2026-02-26 04:56:34,Full-Grown Giant Panda,33.0
2026-02-26 04:56:34,Newborn Giant Panda,31.7
2026-02-26 04:56:34,Full-Grown Giant Panda,34.7
2026-02-26 04:56:34,Full-Grown Giant Panda,33.49
2026-02-26 04:56:34,Junior Giant Panda,34.48
2026-02-26 04:56:34,Newborn Giant Panda,43.7
2026-02-26 04:56:34,Luminous Giant Panda,133.39
2026-02-26 04:56:34,Post-Teen Giant Panda,34.48
2026-02-26 04:56:34,Pre-Teen Giant Panda,39.99
2026-02-26 04:56:34,Teen Giant Panda,31.5
2026-02-26 06:04:19,Full-Grown Giant Panda,33.0
2026-02-26 06:04:19,Newborn Giant Panda,31.7
2026-02-26 06:04:19,Full-Grown Giant Panda,35.74
2026-02-26 06:04:19,Full-Grown Giant Panda,33.49
2026-02-26 06:04:19,Junior Giant Panda,34.49
2026-02-26 06:04:19,Newborn Giant Panda,43.7
2026-02-26 06:04:19,Luminous Giant Panda,133.3
2026-02-26 06:04:19,Post-Teen Giant Panda,34.49
2026-02-26 06:04:19,Pre-Teen Giant Panda,39.99
2026-02-26 06:04:19,Teen Giant Panda,35.0
2026-02-26 07:54:41,Full-Grown Giant Panda,33.0
2026-02-26 07:54:41,Newborn Giant Panda,33.0
2026-02-26 07:54:41,Full-Grown Giant Panda,35.72
2026-02-26 07:54:41,Full-Grown Giant Panda,33.49
2026-02-26 07:54:41,Junior Giant Panda,34.47
2026-02-26 07:54:41,Newborn Giant Panda,43.7
2026-02-26 07:54:41,Luminous Giant Panda,133.3
2026-02-26 07:54:41,Post-Teen Giant Panda,34.47
2026-02-26 07:54:41,Teen Giant Panda,35.0
2026-02-26 07:54:41,Pre-Teen Giant Panda,39.99
2026-02-26 08:57:35,Full-Grown Giant Panda,33.0
2026-02-26 08:57:35,Newborn Giant Panda,32.9
2026-02-26 08:57:35,Full-Grown Giant Panda,35.7
2026-02-26 08:57:35,Full-Grown Giant Panda,33.49
2026-02-26 08:57:35,Junior Giant Panda,34.44
2026-02-26 08:57:35,Newborn Giant Panda,33.0
2026-02-26 08:57:35,Luminous Giant Panda,133.3
2026-02-26 08:57:35,Post-Teen Giant Panda,34.44
2026-02-26 08:57:35,Teen Giant Panda,35.0
2026-02-26 08:57:35,Pre-Teen Giant Panda,39.99
2026-02-26 10:00:08,Full-Grown Giant Panda,33.0
2026-02-26 10:00:08,Newborn Giant Panda,32.9
2026-02-26 10:00:08,Full-Grown Giant Panda,35.67
2026-02-26 10:00:08,Full-Grown Giant Panda,33.49
2026-02-26 10:00:08,Junior Giant Panda,34.42
2026-02-26 10:00:08,Newborn Giant Panda,43.7
2026-02-26 10:00:08,Luminous Giant Panda,133.3
2026-02-26 10:00:08,Post-Teen Giant Panda,34.42
2026-02-26 10:00:08,Teen Giant Panda,35.0
2026-02-26 10:00:08,Pre-Teen Giant Panda,39.99
2026-02-26 11:00:15,Full-Grown Giant Panda,33.0
2026-02-26 11:00:15,Newborn Giant Panda,32.9
2026-02-26 11:00:15,Full-Grown Giant Panda,35.67
2026-02-26 11:00:15,Full-Grown Giant Panda,33.49
2026-02-26 11:00:15,Junior Giant Panda,34.42
2026-02-26 11:00:15,Newborn Giant Panda,43.7
2026-02-26 11:00:15,Luminous Giant Panda,133.0
2026-02-26 11:00:15,Post-Teen Giant Panda,34.42
2026-02-26 11:00:15,Teen Giant Panda,35.0
2026-02-26 11:00:15,Pre-Teen Giant Panda,39.99
2026-02-26 11:50:46,Full-Grown Giant Panda,32.99
2026-02-26 11:50:46,Newborn Giant Panda,32.4
2026-02-26 11:50:46,Full-Grown Giant Panda,35.68
2026-02-26 11:50:46,Full-Grown Giant Panda,33.49
2026-02-26 11:50:46,Junior Giant Panda,34.42
2026-02-26 11:50:46,Newborn Giant Panda,43.7
2026-02-26 11:50:46,Luminous Giant Panda,132.99
2026-02-26 11:50:46,Post-Teen Giant Panda,32.39
2026-02-26 11:50:46,Teen Giant Panda,32.46
2026-02-26 11:50:46,Pre-Teen Giant Panda,32.95
2026-02-26 13:21:26,Full-Grown Giant Panda,32.99
2026-02-26 13:21:26,Newborn Giant Panda,32.4
2026-02-26 13:21:26,Full-Grown Giant Panda,35.7
2026-02-26 13:21:26,Full-Grown Giant Panda,33.34
2026-02-26 13:21:26,Newborn Giant Panda,43.7
2026-02-26 13:21:26,Junior Giant Panda,34.47
2026-02-26 13:21:26,Luminous Giant Panda,132.0
2026-02-26 13:21:26,Post-Teen Giant Panda,34.47
2026-02-26 13:21:26,Post-Teen Giant Panda,33.34
2026-02-26 13:21:26,Teen Giant Panda,32.4
2026-02-26 14:54:13,Full-Grown Giant Panda,33.0
2026-02-26 14:54:13,Newborn Giant Panda,32.4
2026-02-26 14:54:13,Full-Grown Giant Panda,33.0
2026-02-26 14:54:13,Full-Grown Giant Panda,33.32
2026-02-26 14:54:13,Luminous Giant Panda,138.73
2026-02-26 14:54:13,Newborn Giant Panda,33.0
2026-02-26 14:54:13,Junior Giant Panda,34.44
2026-02-26 14:54:13,Post-Teen Giant Panda,34.44
2026-02-26 14:54:13,Post-Teen Giant Panda,33.34
2026-02-26 14:54:13,Teen Giant Panda,33.0
2026-02-26 15:59:54,Full-Grown Giant Panda,32.99
2026-02-26 15:59:54,Newborn Giant Panda,32.4
2026-02-26 15:59:54,Full-Grown Giant Panda,33.0
2026-02-26 15:59:54,Full-Grown Giant Panda,33.32
2026-02-26 15:59:54,Luminous Giant Panda,138.73
2026-02-26 15:59:54,Newborn Giant Panda,33.0
2026-02-26 15:59:54,Junior Giant Panda,34.4
2026-02-26 15:59:54,Post-Teen Giant Panda,34.4
2026-02-26 15:59:54,Post-Teen Giant Panda,33.34
2026-02-26 15:59:54,Teen Giant Panda,33.0
2026-02-26 17:12:14,Full-Grown Giant Panda,32.99
2026-02-26 17:12:14,Newborn Giant Panda,32.28
2026-02-26 17:12:14,Full-Grown Giant Panda,32.96
2026-02-26 17:12:14,Full-Grown Giant Panda,33.32
2026-02-26 17:12:14,Luminous Giant Panda,138.73
2026-02-26 17:12:14,Newborn Giant Panda,33.0
2026-02-26 17:12:14,Junior Giant Panda,34.39
2026-02-26 17:12:14,Post-Teen Giant Panda,34.39
2026-02-26 17:12:14,Post-Teen Giant Panda,33.34
2026-02-26 17:12:14,Teen Giant Panda,33.0
2026-02-26 19:01:49,Full-Grown Giant Panda,32.99
2026-02-26 19:01:49,Newborn Giant Panda,32.4
2026-02-26 19:01:49,Full-Grown Giant Panda,32.99
2026-02-26 19:01:49,Full-Grown Giant Panda,33.3
2026-02-26 19:01:49,Luminous Giant Panda,137.99
2026-02-26 19:01:49,Junior Giant Panda,42.99
2026-02-26 19:01:49,Newborn Giant Panda,33.0
2026-02-26 19:01:49,Post-Teen Giant Panda,33.34
2026-02-26 19:01:49,Teen Giant Panda,33.0
2026-02-26 19:01:49,Newborn Giant Panda,43.62
2026-02-26 20:46:03,Full-Grown Giant Panda,32.99
2026-02-26 20:46:03,Newborn Giant Panda,32.4
2026-02-26 20:46:03,Full-Grown Giant Panda,40.0
2026-02-26 20:46:03,Full-Grown Giant Panda,33.25
2026-02-26 20:46:03,Junior Giant Panda,42.99
2026-02-26 20:46:03,Luminous Giant Panda,137.99
2026-02-26 20:46:03,Newborn Giant Panda,33.0
2026-02-26 20:46:03,Post-Teen Giant Panda,33.27
2026-02-26 20:46:03,Teen Giant Panda,33.0
2026-02-26 20:46:03,Newborn Giant Panda,43.62
2026-02-26 21:38:30,Full-Grown Giant Panda,32.99
2026-02-26 21:38:30,Newborn Giant Panda,32.4
2026-02-26 21:38:30,Full-Grown Giant Panda,34.79
2026-02-26 21:38:30,Full-Grown Giant Panda,33.21
2026-02-26 21:38:30,Junior Giant Panda,42.99
2026-02-26 21:38:30,Luminous Giant Panda,137.99
2026-02-26 21:38:30,Newborn Giant Panda,33.0
2026-02-26 21:38:30,Post-Teen Giant Panda,33.27
2026-02-26 21:38:30,Newborn Giant Panda,43.62
2026-02-26 21:38:30,Pre-Teen Giant Panda,33.0
2026-02-26 22:40:30,Full-Grown Giant Panda,32.99
2026-02-26 22:40:30,Newborn Giant Panda,32.4
2026-02-26 22:40:30,Full-Grown Giant Panda,40.0
2026-02-26 22:40:30,Full-Grown Giant Panda,33.22
2026-02-26 22:40:30,Luminous Giant Panda,137.99
2026-02-26 22:40:30,Junior Giant Panda,42.99
2026-02-26 22:40:30,Newborn Giant Panda,33.0
2026-02-26 22:40:30,Post-Teen Giant Panda,37.06
2026-02-26 22:40:30,Post-Teen Giant Panda,33.27
2026-02-26 22:40:30,Pre-Teen Giant Panda,39.99
2026-02-26 23:37:08,Full-Grown Giant Panda,32.99
2026-02-26 23:37:08,Newborn Giant Panda,32.4
2026-02-26 23:37:08,Full-Grown Giant Panda,41.3
2026-02-26 23:37:08,Full-Grown Giant Panda,32.98
2026-02-26 23:37:08,Luminous Giant Panda,137.99
2026-02-26 23:37:08,Junior Giant Panda,42.99
2026-02-26 23:37:08,Newborn Giant Panda,33.0
2026-02-26 23:37:08,Post-Teen Giant Panda,37.0
2026-02-26 23:37:08,Post-Teen Giant Panda,33.27
2026-02-26 23:37:08,Pre-Teen Giant Panda,39.99
2026-02-27 02:36:26,Full-Grown Giant Panda,33.0
2026-02-27 02:36:26,Newborn Giant Panda,33.0
2026-02-27 02:36:26,Full-Grown Giant Panda,41.29
2026-02-27 02:36:26,Full-Grown Giant Panda,36.78
2026-02-27 02:36:26,Luminous Giant Panda,187.99
2026-02-27 02:36:26,Newborn Giant Panda,41.44
2026-02-27 02:36:26,Junior Giant Panda,42.99
2026-02-27 02:36:26,Post-Teen Giant Panda,37.0
2026-02-27 02:36:26,Post-Teen Giant Panda,37.41
2026-02-27 02:36:26,Pre-Teen Giant Panda,39.99
2026-02-27 04:50:39,Full-Grown Giant Panda,39.0
2026-02-27 04:50:39,Newborn Giant Panda,38.0
2026-02-27 04:50:39,Full-Grown Giant Panda,41.34
2026-02-27 04:50:39,Full-Grown Giant Panda,37.67
2026-02-27 04:50:39,Luminous Giant Panda,187.99
2026-02-27 04:50:39,Newborn Giant Panda,41.44
2026-02-27 04:50:39,Junior Giant Panda,42.99
2026-02-27 04:50:39,Post-Teen Giant Panda,250.52
2026-02-27 04:50:39,Pre-Teen Giant Panda,39.99
2026-02-27 04:50:39,Teen Giant Panda,39.99
2026-02-27 05:57:35,Full-Grown Giant Panda,39.0
2026-02-27 05:57:35,Newborn Giant Panda,39.99
2026-02-27 05:57:35,Full-Grown Giant Panda,39.0
2026-02-27 05:57:35,Full-Grown Giant Panda,37.0
2026-02-27 05:57:35,Luminous Giant Panda,187.99
2026-02-27 05:57:35,Newborn Giant Panda,41.44
2026-02-27 05:57:35,Junior Giant Panda,42.99
2026-02-27 05:57:35,Post-Teen Giant Panda,250.43
2026-02-27 05:57:35,Pre-Teen Giant Panda,39.99
2026-02-27 05:57:35,Teen Giant Panda,39.99
2026-02-27 07:06:20,Full-Grown Giant Panda,39.0
2026-02-27 07:06:20,Newborn Giant Panda,36.92
2026-02-27 07:06:20,Full-Grown Giant Panda,39.0
2026-02-27 07:06:20,Full-Grown Giant Panda,37.67
2026-02-27 07:06:20,Luminous Giant Panda,187.99
2026-02-27 07:06:20,Newborn Giant Panda,41.44
2026-02-27 07:06:20,Junior Giant Panda,42.99
2026-02-27 07:06:20,Post-Teen Giant Panda,250.37
2026-02-27 07:06:20,Pre-Teen Giant Panda,39.99
2026-02-27 07:06:20,Teen Giant Panda,39.99
2026-02-27 08:51:48,Full-Grown Giant Panda,36.35
2026-02-27 08:51:48,Newborn Giant Panda,39.99
2026-02-27 08:51:48,Full-Grown Giant Panda,41.34
2026-02-27 08:51:48,Full-Grown Giant Panda,33.72
2026-02-27 08:51:48,Luminous Giant Panda,187.99
2026-02-27 08:51:48,Newborn Giant Panda,37.5
2026-02-27 08:51:48,Junior Giant Panda,42.99
2026-02-27 08:51:48,Post-Teen Giant Panda,250.55
2026-02-27 08:51:48,Pre-Teen Giant Panda,37.58
2026-02-27 08:51:48,Teen Giant Panda,39.99
2026-02-27 09:51:44,Full-Grown Giant Panda,36.31
2026-02-27 09:51:44,Newborn Giant Panda,39.99
2026-02-27 09:51:44,Full-Grown Giant Panda,41.32
2026-02-27 09:51:44,Full-Grown Giant Panda,33.72
2026-02-27 09:51:44,Luminous Giant Panda,187.99
2026-02-27 09:51:44,Newborn Giant Panda,37.5
2026-02-27 09:51:44,Junior Giant Panda,42.67
2026-02-27 09:51:44,Post-Teen Giant Panda,250.41
2026-02-27 09:51:44,Pre-Teen Giant Panda,33.5
2026-02-27 09:51:44,Teen Giant Panda,39.99
2026-02-27 10:46:54,Full-Grown Giant Panda,36.3
2026-02-27 10:46:54,Newborn Giant Panda,39.99
2026-02-27 10:46:54,Full-Grown Giant Panda,41.31
2026-02-27 10:46:54,Full-Grown Giant Panda,33.72
2026-02-27 10:46:54,Luminous Giant Panda,187.99
2026-02-27 10:46:54,Newborn Giant Panda,36.91
2026-02-27 10:46:54,Junior Giant Panda,42.99
2026-02-27 10:46:54,Post-Teen Giant Panda,250.33
2026-02-27 10:46:54,Pre-Teen Giant Panda,38.81
2026-02-27 10:46:54,Teen Giant Panda,39.99
2026-02-27 11:38:09,Full-Grown Giant Panda,36.3
2026-02-27 11:38:09,Newborn Giant Panda,39.99
2026-02-27 11:38:09,Full-Grown Giant Panda,41.25
2026-02-27 11:38:09,Full-Grown Giant Panda,33.72
2026-02-27 11:38:09,Luminous Giant Panda,187.99
2026-02-27 11:38:09,Newborn Giant Panda,36.91
2026-02-27 11:38:09,Junior Giant Panda,42.99
2026-02-27 11:38:09,Post-Teen Giant Panda,250.33
2026-02-27 11:38:09,Pre-Teen Giant Panda,38.81
2026-02-27 11:38:09,Teen Giant Panda,39.5
2026-02-27 13:12:34,Full-Grown Giant Panda,36.27
2026-02-27 13:12:34,Newborn Giant Panda,39.99
2026-02-27 13:12:34,Full-Grown Giant Panda,41.2
2026-02-27 13:12:34,Full-Grown Giant Panda,33.72
2026-02-27 13:12:34,Luminous Giant Panda,187.99
2026-02-27 13:12:34,Newborn Giant Panda,36.91
2026-02-27 13:12:34,Junior Giant Panda,42.99
2026-02-27 13:12:34,Post-Teen Giant Panda,250.33
2026-02-27 13:12:34,Pre-Teen Giant Panda,37.55
2026-02-27 13:12:34,Teen Giant Panda,39.5
2026-02-27 14:45:20,Full-Grown Giant Panda,36.27
2026-02-27 14:45:20,Newborn Giant Panda,35.0
2026-02-27 14:45:20,Full-Grown Giant Panda,35.85
2026-02-27 14:45:20,Full-Grown Giant Panda,36.0
2026-02-27 14:45:20,Newborn Giant Panda,36.64
2026-02-27 14:45:20,Luminous Giant Panda,187.99
2026-02-27 14:45:20,Junior Giant Panda,42.67
2026-02-27 14:45:20,Post-Teen Giant Panda,250.28
2026-02-27 14:45:20,Pre-Teen Giant Panda,37.55
2026-02-27 14:45:20,Teen Giant Panda,39.5
2026-02-27 15:43:25,Full-Grown Giant Panda,36.27
2026-02-27 15:43:25,Newborn Giant Panda,35.0
2026-02-27 15:43:25,Full-Grown Giant Panda,36.0
2026-02-27 15:43:25,Full-Grown Giant Panda,36.0
2026-02-27 15:43:25,Newborn Giant Panda,36.0
2026-02-27 15:43:25,Luminous Giant Panda,187.99
2026-02-27 15:43:25,Junior Giant Panda,42.67
2026-02-27 15:43:25,Post-Teen Giant Panda,250.52
2026-02-27 15:43:25,Pre-Teen Giant Panda,36.0
2026-02-27 15:43:25,Teen Giant Panda,39.5
2026-02-27 16:49:55,Full-Grown Giant Panda,36.27
2026-02-27 16:49:55,Newborn Giant Panda,39.99
2026-02-27 16:49:55,Full-Grown Giant Panda,39.98
2026-02-27 16:49:55,Full-Grown Giant Panda,36.0
2026-02-27 16:49:55,Newborn Giant Panda,36.0
2026-02-27 16:49:55,Luminous Giant Panda,187.99
2026-02-27 16:49:55,Junior Giant Panda,42.99
2026-02-27 16:49:55,Post-Teen Giant Panda,250.68
2026-02-27 16:49:55,Pre-Teen Giant Panda,36.0
2026-02-27 16:49:55,Teen Giant Panda,39.99
2026-02-27 18:54:46,Full-Grown Giant Panda,36.27
2026-02-27 18:54:46,Newborn Giant Panda,39.99
2026-02-27 18:54:46,Full-Grown Giant Panda,38.43
2026-02-27 18:54:46,Full-Grown Giant Panda,37.0
2026-02-27 18:54:46,Luminous Giant Panda,184.99
2026-02-27 18:54:46,Junior Giant Panda,42.99
2026-02-27 18:54:46,Post-Teen Giant Panda,250.58
2026-02-27 18:54:46,Pre-Teen Giant Panda,39.99
2026-02-27 18:54:46,Teen Giant Panda,39.99
2026-02-27 18:54:46,Newborn Giant Panda,40.0
2026-02-27 19:38:06,Newborn Giant Panda,46.67
2026-02-27 19:38:06,Full-Grown Giant Panda,43.7
2026-02-27 19:38:06,Full-Grown Giant Panda,42.19
2026-02-27 19:38:06,Luminous Giant Panda,184.99
2026-02-27 19:38:06,Junior Giant Panda,42.99
2026-02-27 19:38:06,Post-Teen Giant Panda,250.72
2026-02-27 19:38:06,Teen Giant Panda,44.0
2026-02-27 19:38:06,Newborn Giant Panda,43.62
2026-02-27 19:38:06,Teen Giant Panda,47.0
2026-02-27 20:36:07,Full-Grown Giant Panda,42.0
2026-02-27 20:36:07,Newborn Giant Panda,42.0
2026-02-27 20:36:07,Full-Grown Giant Panda,48.0
2026-02-27 20:36:07,Full-Grown Giant Panda,62.7
2026-02-27 20:36:07,Luminous Giant Panda,184.95
2026-02-27 20:36:07,Post-Teen Giant Panda,250.77
2026-02-27 20:36:07,Teen Giant Panda,47.0
2026-02-27 22:30:54,Full-Grown Giant Panda,44.81
2026-02-27 22:30:54,Newborn Giant Panda,40.0
2026-02-27 22:30:54,Full-Grown Giant Panda,46.99
2026-02-27 22:30:54,Full-Grown Giant Panda,40.0
2026-02-27 22:30:54,Newborn Giant Panda,40.0
2026-02-27 22:30:54,Luminous Giant Panda,184.95
2026-02-27 22:30:54,Post-Teen Giant Panda,62.66
2026-02-27 22:30:54,Newborn Giant Panda,40.0
2026-02-27 22:30:54,Teen Giant Panda,47.0
2026-02-27 23:31:24,Full-Grown Giant Panda,44.37
2026-02-27 23:31:24,Newborn Giant Panda,40.0
2026-02-27 23:31:24,Full-Grown Giant Panda,45.99
2026-02-27 23:31:24,Full-Grown Giant Panda,40.0
2026-02-27 23:31:24,Newborn Giant Panda,39.5
2026-02-27 23:31:24,Luminous Giant Panda,184.95
2026-02-27 23:31:24,Post-Teen Giant Panda,62.66
2026-02-27 23:31:24,Newborn Giant Panda,40.0
2026-02-27 23:31:24,Junior Giant Panda,49.72
2026-02-27 23:31:24,Teen Giant Panda,47.0
2026-02-28 02:25:56,Full-Grown Giant Panda,32.0
2026-02-28 02:25:56,Newborn Giant Panda,38.67
2026-02-28 02:25:56,Full-Grown Giant Panda,44.33
2026-02-28 02:25:56,Full-Grown Giant Panda,44.55
2026-02-28 02:25:56,Newborn Giant Panda,39.6
2026-02-28 02:25:56,Luminous Giant Panda,160.0
2026-02-28 02:25:56,Pre-Teen Giant Panda,39.6
2026-02-28 02:25:56,Teen Giant Panda,38.67
2026-02-28 02:25:56,Post-Teen Giant Panda,62.66
2026-02-28 02:25:56,Post-Teen Giant Panda,43.0
2026-02-28 04:19:46,Full-Grown Giant Panda,32.0
2026-02-28 04:19:46,Newborn Giant Panda,38.67
2026-02-28 04:19:46,Full-Grown Giant Panda,45.94
2026-02-28 04:19:46,Full-Grown Giant Panda,44.55
2026-02-28 04:19:46,Newborn Giant Panda,39.6
2026-02-28 04:19:46,Luminous Giant Panda,155.0
2026-02-28 04:19:46,Pre-Teen Giant Panda,39.6
2026-02-28 04:19:46,Teen Giant Panda,38.67
2026-02-28 04:19:46,Post-Teen Giant Panda,44.98
2026-02-28 04:19:46,Post-Teen Giant Panda,62.66
2026-02-28 05:38:06,Full-Grown Giant Panda,32.0
2026-02-28 05:38:06,Newborn Giant Panda,38.0
2026-02-28 05:38:06,Full-Grown Giant Panda,45.94
2026-02-28 05:38:06,Full-Grown Giant Panda,44.55
2026-02-28 05:38:06,Newborn Giant Panda,39.6
2026-02-28 05:38:06,Luminous Giant Panda,154.98
2026-02-28 05:38:06,Pre-Teen Giant Panda,39.6
2026-02-28 05:38:06,Teen Giant Panda,38.67
2026-02-28 05:38:06,Post-Teen Giant Panda,44.98
2026-02-28 05:38:06,Post-Teen Giant Panda,62.66
2026-02-28 06:49:51,Full-Grown Giant Panda,32.0
2026-02-28 06:49:51,Newborn Giant Panda,38.0
2026-02-28 06:49:51,Full-Grown Giant Panda,45.94
2026-02-28 06:49:51,Full-Grown Giant Panda,39.0
2026-02-28 06:49:51,Newborn Giant Panda,39.6
2026-02-28 06:49:51,Luminous Giant Panda,155.0
2026-02-28 06:49:51,Pre-Teen Giant Panda,39.6
2026-02-28 06:49:51,Teen Giant Panda,38.67
2026-02-28 06:49:51,Post-Teen Giant Panda,44.98
2026-02-28 06:49:51,Post-Teen Giant Panda,62.66
2026-02-28 07:33:18,Full-Grown Giant Panda,32.0
2026-02-28 07:33:18,Newborn Giant Panda,37.0
2026-02-28 07:33:18,Full-Grown Giant Panda,40.95
2026-02-28 07:33:18,Full-Grown Giant Panda,39.0
2026-02-28 07:33:18,Newborn Giant Panda,39.6
2026-02-28 07:33:18,Luminous Giant Panda,155.0
2026-02-28 07:33:18,Pre-Teen Giant Panda,39.6
2026-02-28 07:33:18,Teen Giant Panda,38.67
2026-02-28 07:33:18,Post-Teen Giant Panda,44.98
2026-02-28 07:33:18,Post-Teen Giant Panda,62.66
2026-02-28 08:37:20,Full-Grown Giant Panda,32.0
2026-02-28 08:37:20,Newborn Giant Panda,38.67
2026-02-28 08:37:20,Full-Grown Giant Panda,45.94
2026-02-28 08:37:20,Full-Grown Giant Panda,39.0
2026-02-28 08:37:20,Newborn Giant Panda,39.6
2026-02-28 08:37:20,Luminous Giant Panda,155.0
2026-02-28 08:37:20,Pre-Teen Giant Panda,39.6
2026-02-28 08:37:20,Teen Giant Panda,38.67
2026-02-28 08:37:20,Post-Teen Giant Panda,44.98
2026-02-28 08:37:20,Post-Teen Giant Panda,62.66
2026-02-28 09:33:29,Full-Grown Giant Panda,38.66
2026-02-28 09:33:29,Newborn Giant Panda,39.91
2026-02-28 09:33:29,Full-Grown Giant Panda,45.94
2026-02-28 09:33:29,Full-Grown Giant Panda,39.0
2026-02-28 09:33:29,Newborn Giant Panda,39.6
2026-02-28 09:33:29,Luminous Giant Panda,155.0
2026-02-28 09:33:29,Pre-Teen Giant Panda,38.63
2026-02-28 09:33:29,Pre-Teen Giant Panda,39.6
2026-02-28 09:33:29,Teen Giant Panda,38.66
2026-02-28 09:33:29,Post-Teen Giant Panda,44.98
2026-02-28 10:30:45,Full-Grown Giant Panda,38.66
2026-02-28 10:30:45,Newborn Giant Panda,39.91
2026-02-28 10:30:45,Full-Grown Giant Panda,45.94
2026-02-28 10:30:45,Full-Grown Giant Panda,43.86
2026-02-28 10:30:45,Newborn Giant Panda,39.6
2026-02-28 10:30:45,Luminous Giant Panda,155.0
2026-02-28 10:30:45,Pre-Teen Giant Panda,38.63
2026-02-28 10:30:45,Pre-Teen Giant Panda,39.6
2026-02-28 10:30:45,Teen Giant Panda,38.66
2026-02-28 10:30:45,Post-Teen Giant Panda,44.98
2026-02-28 11:25:58,Full-Grown Giant Panda,38.66
2026-02-28 11:25:58,Newborn Giant Panda,39.91
2026-02-28 11:25:58,Full-Grown Giant Panda,45.94
2026-02-28 11:25:58,Full-Grown Giant Panda,40.0
2026-02-28 11:25:58,Newborn Giant Panda,39.6
2026-02-28 11:25:58,Luminous Giant Panda,187.99
2026-02-28 11:25:58,Pre-Teen Giant Panda,38.63
2026-02-28 11:25:58,Pre-Teen Giant Panda,39.6
2026-02-28 11:25:58,Teen Giant Panda,38.66
2026-02-28 11:25:58,Post-Teen Giant Panda,44.98
2026-02-28 12:58:36,Full-Grown Giant Panda,38.66
2026-02-28 12:58:36,Newborn Giant Panda,38.6
2026-02-28 12:58:36,Full-Grown Giant Panda,45.6
2026-02-28 12:58:36,Full-Grown Giant Panda,39.4
2026-02-28 12:58:36,Newborn Giant Panda,39.6
2026-02-28 12:58:36,Luminous Giant Panda,187.99
2026-02-28 12:58:36,Pre-Teen Giant Panda,38.63
2026-02-28 12:58:36,Pre-Teen Giant Panda,39.6
2026-02-28 12:58:36,Teen Giant Panda,38.49
2026-02-28 12:58:36,Post-Teen Giant Panda,44.98
2026-02-28 13:42:07,Full-Grown Giant Panda,32.0
2026-02-28 13:42:07,Newborn Giant Panda,38.6
2026-02-28 13:42:07,Full-Grown Giant Panda,38.5
2026-02-28 13:42:07,Full-Grown Giant Panda,38.5
2026-02-28 13:42:07,Newborn Giant Panda,38.5
2026-02-28 13:42:07,Luminous Giant Panda,187.99
2026-02-28 13:42:07,Pre-Teen Giant Panda,38.63
2026-02-28 13:42:07,Pre-Teen Giant Panda,39.6
2026-02-28 13:42:07,Teen Giant Panda,38.49
2026-02-28 13:42:07,Post-Teen Giant Panda,44.98
2026-02-28 14:28:59,Full-Grown Giant Panda,38.66
2026-02-28 14:28:59,Newborn Giant Panda,38.6
2026-02-28 14:28:59,Full-Grown Giant Panda,43.2
2026-02-28 14:28:59,Full-Grown Giant Panda,38.5
2026-02-28 14:28:59,Newborn Giant Panda,38.5
2026-02-28 14:28:59,Luminous Giant Panda,187.99
2026-02-28 14:28:59,Pre-Teen Giant Panda,38.63
2026-02-28 14:28:59,Teen Giant Panda,38.49
2026-02-28 14:28:59,Pre-Teen Giant Panda,39.6
2026-02-28 14:28:59,Post-Teen Giant Panda,44.98
2026-02-28 15:30:12,Full-Grown Giant Panda,38.65
2026-02-28 15:30:12,Newborn Giant Panda,38.6
2026-02-28 15:30:12,Full-Grown Giant Panda,43.2
2026-02-28 15:30:12,Full-Grown Giant Panda,39.4
2026-02-28 15:30:12,Newborn Giant Panda,38.5
2026-02-28 15:30:12,Luminous Giant Panda,187.99
2026-02-28 15:30:12,Pre-Teen Giant Panda,38.63
2026-02-28 15:30:12,Teen Giant Panda,38.49
2026-02-28 15:30:12,Pre-Teen Giant Panda,39.6
2026-02-28 15:30:12,Post-Teen Giant Panda,44.98
2026-02-28 16:34:44,Full-Grown Giant Panda,39.99
2026-02-28 16:34:44,Newborn Giant Panda,38.6
2026-02-28 16:34:44,Full-Grown Giant Panda,43.19
2026-02-28 16:34:44,Full-Grown Giant Panda,39.39
2026-02-28 16:34:44,Newborn Giant Panda,39.6
2026-02-28 16:34:44,Luminous Giant Panda,187.99
2026-02-28 16:34:44,Teen Giant Panda,38.57
2026-02-28 16:34:44,Pre-Teen Giant Panda,39.6
2026-02-28 16:34:44,Post-Teen Giant Panda,38.56
2026-02-28 16:34:44,Post-Teen Giant Panda,44.98
2026-02-28 17:26:54,Full-Grown Giant Panda,39.99
2026-02-28 17:26:54,Newborn Giant Panda,38.6
2026-02-28 17:26:54,Full-Grown Giant Panda,42.99
2026-02-28 17:26:54,Full-Grown Giant Panda,39.39
2026-02-28 17:26:54,Newborn Giant Panda,39.6
2026-02-28 17:26:54,Luminous Giant Panda,187.99
2026-02-28 17:26:54,Teen Giant Panda,38.67
2026-02-28 17:26:54,Post-Teen Giant Panda,38.56
2026-02-28 17:26:54,Pre-Teen Giant Panda,39.6
2026-02-28 17:26:54,Post-Teen Giant Panda,44.98
2026-02-28 18:41:35,Full-Grown Giant Panda,36.97
2026-02-28 18:41:35,Newborn Giant Panda,38.6
2026-02-28 18:41:35,Full-Grown Giant Panda,42.99
2026-02-28 18:41:35,Full-Grown Giant Panda,39.39
2026-02-28 18:41:35,Newborn Giant Panda,39.6
2026-02-28 18:41:35,Luminous Giant Panda,187.0
2026-02-28 18:41:35,Post-Teen Giant Panda,62.66
2026-02-28 18:41:35,Teen Giant Panda,38.67
2026-02-28 18:41:35,Pre-Teen Giant Panda,39.5
2026-02-28 18:41:35,Post-Teen Giant Panda,44.98
2026-02-28 19:26:31,Full-Grown Giant Panda,39.96
2026-02-28 19:26:31,Newborn Giant Panda,38.6
2026-02-28 19:26:31,Full-Grown Giant Panda,42.99
2026-02-28 19:26:31,Full-Grown Giant Panda,39.39
2026-02-28 19:26:31,Newborn Giant Panda,39.6
2026-02-28 19:26:31,Luminous Giant Panda,186.9
2026-02-28 19:26:31,Post-Teen Giant Panda,62.66
2026-02-28 19:26:31,Teen Giant Panda,38.67
2026-02-28 19:26:31,Pre-Teen Giant Panda,39.35
2026-02-28 19:26:31,Post-Teen Giant Panda,42.0
2026-02-28 20:33:14,Full-Grown Giant Panda,39.94
2026-02-28 20:33:14,Newborn Giant Panda,42.0
2026-02-28 20:33:14,Full-Grown Giant Panda,42.0
2026-02-28 20:33:14,Full-Grown Giant Panda,42.0
2026-02-28 20:33:14,Newborn Giant Panda,39.6
2026-02-28 20:33:14,Luminous Giant Panda,186.9
2026-02-28 20:33:14,Post-Teen Giant Panda,62.66
2026-02-28 20:33:14,Pre-Teen Giant Panda,39.35
2026-02-28 20:33:14,Post-Teen Giant Panda,42.0
2026-02-28 20:33:14,Post-Teen Giant Panda,44.98
2026-02-28 21:27:59,Full-Grown Giant Panda,39.94
2026-02-28 21:27:59,Newborn Giant Panda,42.0
2026-02-28 21:27:59,Full-Grown Giant Panda,40.0
2026-02-28 21:27:59,Full-Grown Giant Panda,42.0
2026-02-28 21:27:59,Newborn Giant Panda,39.6
2026-02-28 21:27:59,Luminous Giant Panda,175.35
2026-02-28 21:27:59,Post-Teen Giant Panda,62.66
2026-02-28 21:27:59,Pre-Teen Giant Panda,39.35
2026-02-28 21:27:59,Post-Teen Giant Panda,42.0
2026-02-28 21:27:59,Post-Teen Giant Panda,44.98
2026-02-28 22:29:31,Full-Grown Giant Panda,36.97
2026-02-28 22:29:31,Newborn Giant Panda,42.0
2026-02-28 22:29:31,Full-Grown Giant Panda,48.0
2026-02-28 22:29:31,Full-Grown Giant Panda,42.0
2026-02-28 22:29:31,Newborn Giant Panda,39.6
2026-02-28 22:29:31,Luminous Giant Panda,175.35
2026-02-28 22:29:31,Post-Teen Giant Panda,62.66
2026-02-28 22:29:31,Pre-Teen Giant Panda,39.6
2026-02-28 22:29:31,Post-Teen Giant Panda,42.0
2026-02-28 22:29:31,Post-Teen Giant Panda,44.98
2026-02-28 23:29:01,Full-Grown Giant Panda,35.12
2026-02-28 23:29:01,Newborn Giant Panda,62.31
2026-02-28 23:29:01,Full-Grown Giant Panda,48.0
2026-02-28 23:29:01,Full-Grown Giant Panda,54.01
2026-02-28 23:29:01,Newborn Giant Panda,39.6
2026-02-28 23:29:01,Luminous Giant Panda,175.35
2026-02-28 23:29:01,Post-Teen Giant Panda,62.66
2026-02-28 23:29:01,Pre-Teen Giant Panda,39.5
2026-02-28 23:29:01,Post-Teen Giant Panda,44.98
2026-02-28 23:29:01,Teen Giant Panda,39.6
2026-03-01 02:51:21,Full-Grown Giant Panda,47.53
2026-03-01 02:51:21,Newborn Giant Panda,49.99
2026-03-01 02:51:21,Full-Grown Giant Panda,49.0
2026-03-01 02:51:21,Full-Grown Giant Panda,47.0
2026-03-01 02:51:21,Luminous Giant Panda,174.98
2026-03-01 02:51:21,Pre-Teen Giant Panda,49.99
2026-03-01 02:51:21,Post-Teen Giant Panda,49.99
2026-03-01 02:51:21,Junior Giant Panda,49.99
2026-03-01 02:51:21,Post-Teen Giant Panda,49.99
2026-03-01 02:51:21,Teen Giant Panda,51.93
2026-03-01 04:59:32,Full-Grown Giant Panda,47.2
2026-03-01 04:59:32,Newborn Giant Panda,49.99
2026-03-01 04:59:32,Full-Grown Giant Panda,48.5
2026-03-01 04:59:32,Full-Grown Giant Panda,49.99
2026-03-01 04:59:32,Newborn Giant Panda,47.3
2026-03-01 04:59:32,Luminous Giant Panda,174.9
2026-03-01 04:59:32,Pre-Teen Giant Panda,49.99
2026-03-01 04:59:32,Post-Teen Giant Panda,49.99
2026-03-01 04:59:32,Junior Giant Panda,49.99
2026-03-01 04:59:32,Post-Teen Giant Panda,49.99
2026-03-01 05:59:45,Full-Grown Giant Panda,47.03
2026-03-01 05:59:45,Newborn Giant Panda,49.99
2026-03-01 05:59:45,Full-Grown Giant Panda,48.0
2026-03-01 05:59:45,Full-Grown Giant Panda,49.99
2026-03-01 05:59:45,Newborn Giant Panda,47.1
2026-03-01 05:59:45,Luminous Giant Panda,174.88
2026-03-01 05:59:45,Pre-Teen Giant Panda,49.99
2026-03-01 05:59:45,Post-Teen Giant Panda,49.99
2026-03-01 05:59:45,Junior Giant Panda,49.99
2026-03-01 05:59:45,Post-Teen Giant Panda,49.99
2026-03-01 07:00:37,Full-Grown Giant Panda,46.9
2026-03-01 07:00:37,Newborn Giant Panda,49.98
2026-03-01 07:00:37,Full-Grown Giant Panda,48.0
2026-03-01 07:00:37,Full-Grown Giant Panda,49.99
2026-03-01 07:00:37,Newborn Giant Panda,46.97
2026-03-01 07:00:37,Luminous Giant Panda,174.85
2026-03-01 07:00:37,Pre-Teen Giant Panda,49.99
2026-03-01 07:00:37,Post-Teen Giant Panda,49.99
2026-03-01 07:00:37,Junior Giant Panda,49.99
2026-03-01 07:00:37,Post-Teen Giant Panda,49.99
2026-03-01 07:41:24,Full-Grown Giant Panda,46.88
2026-03-01 07:41:24,Newborn Giant Panda,49.99
2026-03-01 07:41:24,Full-Grown Giant Panda,48.0
2026-03-01 07:41:24,Full-Grown Giant Panda,49.99
2026-03-01 07:41:24,Newborn Giant Panda,46.97
2026-03-01 07:41:24,Luminous Giant Panda,174.9
2026-03-01 07:41:24,Teen Giant Panda,43.5
2026-03-01 07:41:24,Pre-Teen Giant Panda,49.99
2026-03-01 07:41:24,Post-Teen Giant Panda,49.99
2026-03-01 07:41:24,Junior Giant Panda,49.99
2026-03-01 08:39:15,Full-Grown Giant Panda,46.86
2026-03-01 08:39:15,Newborn Giant Panda,46.8
2026-03-01 08:39:15,Full-Grown Giant Panda,47.8
2026-03-01 08:39:15,Full-Grown Giant Panda,49.99
2026-03-01 08:39:15,Newborn Giant Panda,46.97
2026-03-01 08:39:15,Luminous Giant Panda,174.9
2026-03-01 08:39:15,Pre-Teen Giant Panda,49.99
2026-03-01 08:39:15,Post-Teen Giant Panda,45.12
2026-03-01 08:39:15,Junior Giant Panda,49.99
2026-03-01 08:39:15,Post-Teen Giant Panda,49.99
2026-03-01 09:36:53,Full-Grown Giant Panda,46.87
2026-03-01 09:36:53,Newborn Giant Panda,46.8
2026-03-01 09:36:53,Full-Grown Giant Panda,46.99
2026-03-01 09:36:53,Full-Grown Giant Panda,49.99
2026-03-01 09:36:53,Newborn Giant Panda,46.85
2026-03-01 09:36:53,Luminous Giant Panda,174.9
2026-03-01 09:36:53,Pre-Teen Giant Panda,49.99
2026-03-01 09:36:53,Post-Teen Giant Panda,49.99
2026-03-01 09:36:53,Junior Giant Panda,49.99
2026-03-01 09:36:53,Post-Teen Giant Panda,49.99
2026-03-01 10:32:21,Full-Grown Giant Panda,46.87
2026-03-01 10:32:21,Newborn Giant Panda,46.59
2026-03-01 10:32:21,Full-Grown Giant Panda,47.5
2026-03-01 10:32:21,Full-Grown Giant Panda,49.99
2026-03-01 10:32:21,Newborn Giant Panda,46.85
2026-03-01 10:32:21,Luminous Giant Panda,174.9
2026-03-01 10:32:21,Pre-Teen Giant Panda,49.99
2026-03-01 10:32:21,Post-Teen Giant Panda,49.99
2026-03-01 10:32:21,Junior Giant Panda,49.99
2026-03-01 10:32:21,Post-Teen Giant Panda,49.99
2026-03-01 11:27:03,Full-Grown Giant Panda,46.5
2026-03-01 11:27:03,Newborn Giant Panda,45.0
2026-03-01 11:27:03,Full-Grown Giant Panda,47.8
2026-03-01 11:27:03,Full-Grown Giant Panda,45.0
2026-03-01 11:27:03,Newborn Giant Panda,46.49
2026-03-01 11:27:03,Luminous Giant Panda,174.96
2026-03-01 11:27:03,Teen Giant Panda,47.84
2026-03-01 11:27:03,Pre-Teen Giant Panda,49.99
2026-03-01 11:27:03,Post-Teen Giant Panda,49.99
2026-03-01 11:27:03,Junior Giant Panda,46.5
2026-03-01 13:01:54,Full-Grown Giant Panda,44.98
2026-03-01 13:01:54,Newborn Giant Panda,44.98
2026-03-01 13:01:54,Full-Grown Giant Panda,47.8
2026-03-01 13:01:54,Full-Grown Giant Panda,45.0
2026-03-01 13:01:54,Newborn Giant Panda,44.9
2026-03-01 13:01:54,Luminous Giant Panda,174.95
2026-03-01 13:01:54,Teen Giant Panda,47.84
2026-03-01 13:01:54,Post-Teen Giant Panda,48.0
2026-03-01 13:01:54,Post-Teen Giant Panda,44.9
2026-03-01 13:01:54,Post-Teen Giant Panda,50.13
2026-03-01 14:30:59,Full-Grown Giant Panda,43.99
2026-03-01 14:30:59,Newborn Giant Panda,43.98
2026-03-01 14:30:59,Full-Grown Giant Panda,45.0
2026-03-01 14:30:59,Full-Grown Giant Panda,49.0
2026-03-01 14:30:59,Newborn Giant Panda,44.9
2026-03-01 14:30:59,Luminous Giant Panda,174.95
2026-03-01 14:30:59,Teen Giant Panda,47.84
2026-03-01 14:30:59,Pre-Teen Giant Panda,49.0
2026-03-01 14:30:59,Post-Teen Giant Panda,48.0
2026-03-01 14:30:59,Junior Giant Panda,49.0
2026-03-01 15:30:53,Full-Grown Giant Panda,43.99
2026-03-01 15:30:53,Newborn Giant Panda,43.98
2026-03-01 15:30:53,Full-Grown Giant Panda,43.9
2026-03-01 15:30:53,Full-Grown Giant Panda,45.0
2026-03-01 15:30:53,Newborn Giant Panda,44.9
2026-03-01 15:30:53,Luminous Giant Panda,174.94
2026-03-01 15:30:53,Teen Giant Panda,47.84
2026-03-01 15:30:53,Pre-Teen Giant Panda,49.0
2026-03-01 15:30:53,Post-Teen Giant Panda,43.9
2026-03-01 15:30:53,Junior Giant Panda,49.0
2026-03-01 16:37:05,Full-Grown Giant Panda,43.98
2026-03-01 16:37:05,Newborn Giant Panda,43.69
2026-03-01 16:37:05,Full-Grown Giant Panda,43.9
2026-03-01 16:37:05,Full-Grown Giant Panda,44.99
2026-03-01 16:37:05,Newborn Giant Panda,44.9
2026-03-01 16:37:05,Luminous Giant Panda,174.94
2026-03-01 16:37:05,Teen Giant Panda,50.0
2026-03-01 16:37:05,Pre-Teen Giant Panda,49.0
2026-03-01 16:37:05,Post-Teen Giant Panda,43.9
2026-03-01 16:37:05,Junior Giant Panda,49.0
2026-03-01 17:28:18,Full-Grown Giant Panda,43.96
2026-03-01 17:28:18,Newborn Giant Panda,43.59
2026-03-01 17:28:18,Full-Grown Giant Panda,44.0
2026-03-01 17:28:18,Full-Grown Giant Panda,43.96
2026-03-01 17:28:18,Newborn Giant Panda,44.9
2026-03-01 17:28:18,Luminous Giant Panda,173.99
2026-03-01 17:28:18,Teen Giant Panda,48.76
2026-03-01 17:28:18,Post-Teen Giant Panda,43.9
2026-03-01 17:28:18,Pre-Teen Giant Panda,43.96
2026-03-01 17:28:18,Junior Giant Panda,43.96
2026-03-01 18:42:45,Full-Grown Giant Panda,43.92
2026-03-01 18:42:45,Newborn Giant Panda,43.54
2026-03-01 18:42:45,Full-Grown Giant Panda,44.99
2026-03-01 18:42:45,Full-Grown Giant Panda,43.96
2026-03-01 18:42:45,Newborn Giant Panda,44.9
2026-03-01 18:42:45,Luminous Giant Panda,173.99
2026-03-01 18:42:45,Teen Giant Panda,50.0
2026-03-01 18:42:45,Pre-Teen Giant Panda,43.96
2026-03-01 18:42:45,Post-Teen Giant Panda,43.9
2026-03-01 18:42:45,Junior Giant Panda,43.96
2026-03-01 19:28:35,Full-Grown Giant Panda,43.91
2026-03-01 19:28:35,Newborn Giant Panda,43.54
2026-03-01 19:28:35,Full-Grown Giant Panda,44.99
2026-03-01 19:28:35,Full-Grown Giant Panda,43.96
2026-03-01 19:28:35,Newborn Giant Panda,43.79
2026-03-01 19:28:35,Luminous Giant Panda,173.99
2026-03-01 19:28:35,Teen Giant Panda,50.0
2026-03-01 19:28:35,Pre-Teen Giant Panda,43.96
2026-03-01 19:28:35,Post-Teen Giant Panda,43.9
2026-03-01 19:28:35,Junior Giant Panda,43.96
2026-03-01 20:35:08,Full-Grown Giant Panda,43.39
2026-03-01 20:35:08,Newborn Giant Panda,43.54
2026-03-01 20:35:08,Full-Grown Giant Panda,44.99
2026-03-01 20:35:08,Full-Grown Giant Panda,43.96
2026-03-01 20:35:08,Newborn Giant Panda,43.79
2026-03-01 20:35:08,Teen Giant Panda,50.0
2026-03-01 20:35:08,Luminous Giant Panda,173.99
2026-03-01 20:35:08,Pre-Teen Giant Panda,43.96
2026-03-01 20:35:08,Post-Teen Giant Panda,43.9
2026-03-01 20:35:08,Junior Giant Panda,43.96
2026-03-01 21:29:46,Full-Grown Giant Panda,43.39
2026-03-01 21:29:46,Newborn Giant Panda,43.54
2026-03-01 21:29:46,Full-Grown Giant Panda,45.0
2026-03-01 21:29:46,Full-Grown Giant Panda,43.96
2026-03-01 21:29:46,Newborn Giant Panda,43.79
2026-03-01 21:29:46,Luminous Giant Panda,173.0
2026-03-01 21:29:46,Teen Giant Panda,50.0
2026-03-01 21:29:46,Pre-Teen Giant Panda,43.96
2026-03-01 21:29:46,Post-Teen Giant Panda,43.9
2026-03-01 21:29:46,Junior Giant Panda,43.96
2026-03-01 22:31:21,Full-Grown Giant Panda,43.39
2026-03-01 22:31:21,Newborn Giant Panda,43.54
2026-03-01 22:31:21,Full-Grown Giant Panda,46.5
2026-03-01 22:31:21,Full-Grown Giant Panda,42.0
2026-03-01 22:31:21,Newborn Giant Panda,43.79
2026-03-01 22:31:21,Luminous Giant Panda,180.0
2026-03-01 22:31:21,Teen Giant Panda,50.0
2026-03-01 22:31:21,Pre-Teen Giant Panda,43.96
2026-03-01 22:31:21,Post-Teen Giant Panda,43.9
2026-03-01 22:31:21,Junior Giant Panda,43.96
2026-03-01 23:31:02,Full-Grown Giant Panda,43.39
2026-03-01 23:31:02,Newborn Giant Panda,43.54
2026-03-01 23:31:02,Full-Grown Giant Panda,46.5
2026-03-01 23:31:02,Full-Grown Giant Panda,43.96
2026-03-01 23:31:02,Luminous Giant Panda,180.0
2026-03-01 23:31:02,Teen Giant Panda,50.0
2026-03-01 23:31:02,Pre-Teen Giant Panda,43.96
2026-03-01 23:31:02,Post-Teen Giant Panda,43.9
2026-03-01 23:31:02,Junior Giant Panda,43.96
2026-03-01 23:31:02,Post-Teen Giant Panda,43.96
2026-03-02 02:39:40,Full-Grown Giant Panda,43.07
2026-03-02 02:39:40,Newborn Giant Panda,43.05
2026-03-02 02:39:40,Full-Grown Giant Panda,46.5
2026-03-02 02:39:40,Full-Grown Giant Panda,43.96
2026-03-02 02:39:40,Luminous Giant Panda,175.0
2026-03-02 02:39:40,Teen Giant Panda,50.0
2026-03-02 02:39:40,Post-Teen Giant Panda,43.9
2026-03-02 02:39:40,Junior Giant Panda,43.96
2026-03-02 02:39:40,Post-Teen Giant Panda,43.96
2026-03-02 02:39:40,Teen Giant Panda,45.96
2026-03-02 04:53:37,Full-Grown Giant Panda,43.06
2026-03-02 04:53:37,Newborn Giant Panda,43.05
2026-03-02 04:53:37,Full-Grown Giant Panda,46.5
2026-03-02 04:53:37,Full-Grown Giant Panda,43.95
2026-03-02 04:53:37,Luminous Giant Panda,175.0
2026-03-02 04:53:37,Teen Giant Panda,50.0
2026-03-02 04:53:37,Post-Teen Giant Panda,43.9
2026-03-02 04:53:37,Junior Giant Panda,43.96
2026-03-02 04:53:37,Post-Teen Giant Panda,47.52
2026-03-02 04:53:37,Post-Teen Giant Panda,43.96
2026-03-02 05:57:57,Full-Grown Giant Panda,43.05
2026-03-02 05:57:57,Newborn Giant Panda,43.0
2026-03-02 05:57:57,Full-Grown Giant Panda,46.5
2026-03-02 05:57:57,Full-Grown Giant Panda,43.95
2026-03-02 05:57:57,Luminous Giant Panda,175.0
2026-03-02 05:57:57,Teen Giant Panda,50.0
2026-03-02 05:57:57,Post-Teen Giant Panda,43.9
2026-03-02 05:57:57,Junior Giant Panda,43.96
2026-03-02 05:57:57,Post-Teen Giant Panda,43.96
2026-03-02 05:57:57,Teen Giant Panda,45.96
2026-03-02 07:11:30,Full-Grown Giant Panda,42.59
2026-03-02 07:11:30,Newborn Giant Panda,42.99
2026-03-02 07:11:30,Full-Grown Giant Panda,45.99
2026-03-02 07:11:30,Full-Grown Giant Panda,43.96
2026-03-02 07:11:30,Luminous Giant Panda,170.0
2026-03-02 07:11:30,Teen Giant Panda,50.0
2026-03-02 07:11:30,Post-Teen Giant Panda,43.9
2026-03-02 07:11:30,Junior Giant Panda,43.96
2026-03-02 07:11:30,Post-Teen Giant Panda,43.96
2026-03-02 07:11:30,Teen Giant Panda,45.96
2026-03-02 08:54:47,Full-Grown Giant Panda,42.58
2026-03-02 08:54:47,Newborn Giant Panda,42.99
2026-03-02 08:54:47,Full-Grown Giant Panda,45.88
2026-03-02 08:54:47,Full-Grown Giant Panda,43.96
2026-03-02 08:54:47,Newborn Giant Panda,56.81
2026-03-02 08:54:47,Luminous Giant Panda,187.99
2026-03-02 08:54:47,Teen Giant Panda,50.0
2026-03-02 08:54:47,Post-Teen Giant Panda,43.9
2026-03-02 08:54:47,Junior Giant Panda,43.96
2026-03-02 08:54:47,Post-Teen Giant Panda,43.96
2026-03-02 09:58:18,Full-Grown Giant Panda,42.58
2026-03-02 09:58:18,Newborn Giant Panda,42.57
2026-03-02 09:58:18,Full-Grown Giant Panda,45.88
2026-03-02 09:58:18,Full-Grown Giant Panda,43.96
2026-03-02 09:58:18,Newborn Giant Panda,56.81
2026-03-02 09:58:18,Teen Giant Panda,50.0
2026-03-02 09:58:18,Post-Teen Giant Panda,43.9
2026-03-02 09:58:18,Junior Giant Panda,43.96
2026-03-02 09:58:18,Post-Teen Giant Panda,43.96
2026-03-02 09:58:18,Post-Teen Giant Panda,47.32
2026-03-02 10:55:51,Full-Grown Giant Panda,42.56
2026-03-02 10:55:51,Newborn Giant Panda,42.57
2026-03-02 10:55:51,Full-Grown Giant Panda,45.88
2026-03-02 10:55:51,Full-Grown Giant Panda,43.96
2026-03-02 10:55:51,Newborn Giant Panda,56.81
2026-03-02 10:55:51,Teen Giant Panda,50.0
2026-03-02 10:55:51,Post-Teen Giant Panda,43.9
2026-03-02 10:55:51,Junior Giant Panda,43.96
2026-03-02 10:55:51,Post-Teen Giant Panda,43.96
2026-03-02 10:55:51,Teen Giant Panda,45.96
2026-03-02 11:35:47,Full-Grown Giant Panda,42.56
2026-03-02 11:35:47,Newborn Giant Panda,42.0
2026-03-02 11:35:47,Full-Grown Giant Panda,45.88
2026-03-02 11:35:47,Full-Grown Giant Panda,43.96
2026-03-02 11:35:47,Newborn Giant Panda,56.81
2026-03-02 11:35:47,Teen Giant Panda,50.0
2026-03-02 11:35:47,Post-Teen Giant Panda,43.9
2026-03-02 11:35:47,Junior Giant Panda,43.96
2026-03-02 11:35:47,Post-Teen Giant Panda,45.0
2026-03-02 11:35:47,Teen Giant Panda,45.96
2026-03-02 13:13:23,Full-Grown Giant Panda,42.56
2026-03-02 13:13:23,Newborn Giant Panda,41.99
2026-03-02 13:13:23,Full-Grown Giant Panda,45.8
2026-03-02 13:13:23,Full-Grown Giant Panda,43.96
2026-03-02 13:13:23,Newborn Giant Panda,56.81
2026-03-02 13:13:23,Teen Giant Panda,50.0
2026-03-02 13:13:23,Post-Teen Giant Panda,43.9
2026-03-02 13:13:23,Junior Giant Panda,43.96
2026-03-02 13:13:23,Post-Teen Giant Panda,45.0
2026-03-02 13:13:23,Teen Giant Panda,45.96
2026-03-02 14:50:41,Full-Grown Giant Panda,42.56
2026-03-02 14:50:41,Newborn Giant Panda,41.99
2026-03-02 14:50:41,Full-Grown Giant Panda,45.8
2026-03-02 14:50:41,Full-Grown Giant Panda,43.96
2026-03-02 14:50:41,Newborn Giant Panda,56.81
2026-03-02 14:50:41,Teen Giant Panda,50.0
2026-03-02 14:50:41,Post-Teen Giant Panda,43.9
2026-03-02 14:50:41,Junior Giant Panda,43.96
2026-03-02 14:50:41,Post-Teen Giant Panda,45.0
2026-03-02 14:50:41,Teen Giant Panda,45.96
2026-03-02 16:57:29,Full-Grown Giant Panda,42.56
2026-03-02 16:57:29,Newborn Giant Panda,41.99
2026-03-02 16:57:29,Full-Grown Giant Panda,45.89
2026-03-02 16:57:29,Full-Grown Giant Panda,42.0
2026-03-02 16:57:29,Newborn Giant Panda,41.99
2026-03-02 16:57:29,Teen Giant Panda,50.0
2026-03-02 16:57:29,Post-Teen Giant Panda,43.9
2026-03-02 16:57:29,Junior Giant Panda,43.96
2026-03-02 16:57:29,Post-Teen Giant Panda,45.0
2026-03-02 16:57:29,Teen Giant Panda,45.96
2026-03-02 17:54:12,Full-Grown Giant Panda,42.54
2026-03-02 17:54:12,Newborn Giant Panda,41.99
2026-03-02 17:54:12,Full-Grown Giant Panda,45.89
2026-03-02 17:54:12,Full-Grown Giant Panda,43.96
2026-03-02 17:54:12,Newborn Giant Panda,41.99
2026-03-02 17:54:12,Teen Giant Panda,42.0
2026-03-02 17:54:12,Post-Teen Giant Panda,43.9
2026-03-02 17:54:12,Junior Giant Panda,43.96
2026-03-02 17:54:12,Post-Teen Giant Panda,45.0
2026-03-02 17:54:12,Teen Giant Panda,45.96
2026-03-02 18:58:13,Full-Grown Giant Panda,42.54
2026-03-02 18:58:13,Newborn Giant Panda,41.99
2026-03-02 18:58:13,Full-Grown Giant Panda,45.89
2026-03-02 18:58:13,Full-Grown Giant Panda,43.96
2026-03-02 18:58:13,Newborn Giant Panda,41.99
2026-03-02 18:58:13,Teen Giant Panda,42.0
2026-03-02 18:58:13,Post-Teen Giant Panda,43.9
2026-03-02 18:58:13,Junior Giant Panda,43.96
2026-03-02 18:58:13,Post-Teen Giant Panda,45.0
2026-03-02 18:58:13,Teen Giant Panda,45.96
2026-03-02 19:43:01,Full-Grown Giant Panda,42.54
2026-03-02 19:43:01,Newborn Giant Panda,41.9
2026-03-02 19:43:01,Full-Grown Giant Panda,45.89
2026-03-02 19:43:01,Full-Grown Giant Panda,43.96
2026-03-02 19:43:01,Teen Giant Panda,42.0
2026-03-02 19:43:01,Post-Teen Giant Panda,43.9
2026-03-02 19:43:01,Junior Giant Panda,43.96
2026-03-02 19:43:01,Post-Teen Giant Panda,45.0
2026-03-02 19:43:01,Teen Giant Panda,45.96
2026-03-02 19:43:01,Pre-Teen Giant Panda,55.32
2026-03-02 20:43:52,Full-Grown Giant Panda,42.54
2026-03-02 20:43:52,Newborn Giant Panda,41.99
2026-03-02 20:43:52,Full-Grown Giant Panda,53.7
2026-03-02 20:43:52,Full-Grown Giant Panda,43.95
2026-03-02 20:43:52,Teen Giant Panda,42.0
2026-03-02 20:43:52,Post-Teen Giant Panda,43.9
2026-03-02 20:43:52,Junior Giant Panda,43.96
2026-03-02 20:43:52,Post-Teen Giant Panda,45.0
2026-03-02 20:43:52,Teen Giant Panda,45.96
2026-03-02 20:43:52,Pre-Teen Giant Panda,55.32
2026-03-02 21:44:32,Full-Grown Giant Panda,42.67
2026-03-02 21:44:32,Newborn Giant Panda,41.99
2026-03-02 21:44:32,Full-Grown Giant Panda,53.6
2026-03-02 21:44:32,Full-Grown Giant Panda,43.95
2026-03-02 21:44:32,Teen Giant Panda,42.0
2026-03-02 21:44:32,Post-Teen Giant Panda,43.9
2026-03-02 21:44:32,Junior Giant Panda,43.96
2026-03-02 21:44:32,Post-Teen Giant Panda,45.0
2026-03-02 21:44:32,Teen Giant Panda,45.96
2026-03-02 21:44:32,Pre-Teen Giant Panda,55.32
2026-03-02 22:34:49,Full-Grown Giant Panda,42.67
2026-03-02 22:34:49,Newborn Giant Panda,41.99
2026-03-02 22:34:49,Full-Grown Giant Panda,53.6
2026-03-02 22:34:49,Full-Grown Giant Panda,100.0
2026-03-02 22:34:49,Post-Teen Giant Panda,43.9
2026-03-02 22:34:49,Junior Giant Panda,43.96
2026-03-02 22:34:49,Post-Teen Giant Panda,45.0
2026-03-02 22:34:49,Teen Giant Panda,45.96
2026-03-02 22:34:49,Pre-Teen Giant Panda,55.32
2026-03-02 22:34:49,Giant Panda,1084.69
2026-03-02 23:33:32,Full-Grown Giant Panda,42.67
2026-03-02 23:33:32,Newborn Giant Panda,41.99
2026-03-02 23:33:32,Full-Grown Giant Panda,53.6
2026-03-02 23:33:32,Full-Grown Giant Panda,100.0
2026-03-02 23:33:32,Post-Teen Giant Panda,43.9
2026-03-02 23:33:32,Junior Giant Panda,43.96
2026-03-02 23:33:32,Post-Teen Giant Panda,45.0
2026-03-02 23:33:32,Teen Giant Panda,45.96
2026-03-02 23:33:32,Pre-Teen Giant Panda,55.32
2026-03-02 23:33:32,Giant Panda,1085.42
2026-03-03 02:42:02,Full-Grown Giant Panda,47.84
2026-03-03 02:42:02,Newborn Giant Panda,43.55
2026-03-03 02:42:02,Full-Grown Giant Panda,53.6
2026-03-03 02:42:02,Full-Grown Giant Panda,100.0
2026-03-03 02:42:02,Post-Teen Giant Panda,43.96
2026-03-03 02:42:02,Teen Giant Panda,45.96
2026-03-03 02:42:02,Post-Teen Giant Panda,45.0
2026-03-03 02:42:02,Junior Giant Panda,43.96
2026-03-03 02:42:02,Pre-Teen Giant Panda,53.32
2026-03-03 02:42:02,Giant Panda,1084.96
2026-03-03 04:52:07,Full-Grown Giant Panda,40.46
2026-03-03 04:52:07,Newborn Giant Panda,43.55
2026-03-03 04:52:07,Full-Grown Giant Panda,48.0
2026-03-03 04:52:07,Full-Grown Giant Panda,44.0
2026-03-03 04:52:07,Newborn Giant Panda,56.81
2026-03-03 04:52:07,Post-Teen Giant Panda,43.96
2026-03-03 04:52:07,Teen Giant Panda,45.96
2026-03-03 04:52:07,Post-Teen Giant Panda,45.0
2026-03-03 04:52:07,Newborn Giant Panda,49.9
2026-03-03 04:52:07,Junior Giant Panda,43.96
2026-03-03 05:55:26,Full-Grown Giant Panda,40.37
2026-03-03 05:55:26,Newborn Giant Panda,43.55
2026-03-03 05:55:26,Full-Grown Giant Panda,48.0
2026-03-03 05:55:26,Full-Grown Giant Panda,44.0
2026-03-03 05:55:26,Post-Teen Giant Panda,43.96
2026-03-03 05:55:26,Teen Giant Panda,45.96
2026-03-03 05:55:26,Post-Teen Giant Panda,45.0
2026-03-03 05:55:26,Newborn Giant Panda,47.99
2026-03-03 05:55:26,Pre-Teen Giant Panda,49.9
2026-03-03 05:55:26,Junior Giant Panda,43.96
2026-03-03 07:01:48,Full-Grown Giant Panda,40.36
2026-03-03 07:01:48,Newborn Giant Panda,43.55
2026-03-03 07:01:48,Full-Grown Giant Panda,47.99
2026-03-03 07:01:48,Full-Grown Giant Panda,43.5
2026-03-03 07:01:48,Post-Teen Giant Panda,43.96
2026-03-03 07:01:48,Teen Giant Panda,45.96
2026-03-03 07:01:48,Post-Teen Giant Panda,45.0
2026-03-03 07:01:48,Newborn Giant Panda,47.99
2026-03-03 07:01:48,Junior Giant Panda,43.96
2026-03-03 07:01:48,Pre-Teen Giant Panda,47.9
2026-03-03 11:39:12,Full-Grown Giant Panda,40.08
2026-03-03 11:39:12,Newborn Giant Panda,43.55
2026-03-03 11:39:12,Full-Grown Giant Panda,46.0
2026-03-03 11:39:12,Full-Grown Giant Panda,43.5
2026-03-03 11:39:12,Post-Teen Giant Panda,40.38
2026-03-03 11:39:12,Teen Giant Panda,45.96
2026-03-03 11:39:12,Post-Teen Giant Panda,45.0
2026-03-03 11:39:12,Newborn Giant Panda,46.0
2026-03-03 11:39:12,Post-Teen Giant Panda,41.0
2026-03-03 11:39:12,Junior Giant Panda,43.96
2026-03-03 13:11:59,Full-Grown Giant Panda,40.17
2026-03-03 13:11:59,Newborn Giant Panda,43.55
2026-03-03 13:11:59,Full-Grown Giant Panda,42.0
2026-03-03 13:11:59,Full-Grown Giant Panda,43.5
2026-03-03 13:11:59,Teen Giant Panda,41.9
2026-03-03 13:11:59,Post-Teen Giant Panda,40.38
2026-03-03 13:11:59,Teen Giant Panda,45.96
2026-03-03 13:11:59,Post-Teen Giant Panda,45.0
2026-03-03 13:11:59,Newborn Giant Panda,47.99
2026-03-03 13:11:59,Post-Teen Giant Panda,47.84
2026-03-03 14:52:40,Full-Grown Giant Panda,40.05
2026-03-03 14:52:40,Newborn Giant Panda,43.5
2026-03-03 14:52:40,Full-Grown Giant Panda,42.0
2026-03-03 14:52:40,Full-Grown Giant Panda,41.5
2026-03-03 14:52:40,Post-Teen Giant Panda,40.38
2026-03-03 14:52:40,Teen Giant Panda,45.96
2026-03-03 14:52:40,Post-Teen Giant Panda,45.0
2026-03-03 14:52:40,Newborn Giant Panda,47.99
2026-03-03 14:52:40,Post-Teen Giant Panda,47.84
2026-03-03 14:52:40,Junior Giant Panda,41.4
2026-03-03 15:53:23,Full-Grown Giant Panda,40.05
2026-03-03 15:53:23,Newborn Giant Panda,43.49
2026-03-03 15:53:23,Full-Grown Giant Panda,44.99
2026-03-03 15:53:23,Full-Grown Giant Panda,41.5
2026-03-03 15:53:23,Teen Giant Panda,41.77
2026-03-03 15:53:23,Post-Teen Giant Panda,40.38
2026-03-03 15:53:23,Teen Giant Panda,45.96
2026-03-03 15:53:23,Post-Teen Giant Panda,45.0
2026-03-03 15:53:23,Newborn Giant Panda,47.99
2026-03-03 15:53:23,Post-Teen Giant Panda,45.0
2026-03-03 16:57:47,Full-Grown Giant Panda,40.09
2026-03-03 16:57:47,Newborn Giant Panda,43.49
2026-03-03 16:57:47,Full-Grown Giant Panda,42.0
2026-03-03 16:57:47,Full-Grown Giant Panda,41.5
2026-03-03 16:57:47,Luminous Giant Panda,343.85
2026-03-03 16:57:47,Teen Giant Panda,41.81
2026-03-03 16:57:47,Post-Teen Giant Panda,40.38
2026-03-03 16:57:47,Teen Giant Panda,45.96
2026-03-03 16:57:47,Post-Teen Giant Panda,45.0
2026-03-03 16:57:47,Newborn Giant Panda,47.99
2026-03-03 17:53:04,Full-Grown Giant Panda,40.1
2026-03-03 17:53:04,Newborn Giant Panda,43.49
2026-03-03 17:53:04,Full-Grown Giant Panda,40.0
2026-03-03 17:53:04,Full-Grown Giant Panda,41.5
2026-03-03 17:53:04,Luminous Giant Panda,343.85
2026-03-03 17:53:04,Teen Giant Panda,41.84
2026-03-03 17:53:04,Post-Teen Giant Panda,71.33
2026-03-03 17:53:04,Teen Giant Panda,45.96
2026-03-03 17:53:04,Newborn Giant Panda,47.99
2026-03-03 17:53:04,Post-Teen Giant Panda,45.0
2026-03-03 19:46:31,Full-Grown Giant Panda,40.15
2026-03-03 19:46:31,Newborn Giant Panda,43.49
2026-03-03 19:46:31,Full-Grown Giant Panda,44.99
2026-03-03 19:46:31,Full-Grown Giant Panda,41.5
2026-03-03 19:46:31,Luminous Giant Panda,343.85
2026-03-03 19:46:31,Teen Giant Panda,41.88
2026-03-03 19:46:31,Post-Teen Giant Panda,71.39
2026-03-03 19:46:31,Newborn Giant Panda,47.99
2026-03-03 19:46:31,Teen Giant Panda,45.96
2026-03-03 19:46:31,Post-Teen Giant Panda,45.0
2026-03-03 20:39:35,Full-Grown Giant Panda,47.8
2026-03-03 20:39:35,Newborn Giant Panda,40.1
2026-03-03 20:39:35,Full-Grown Giant Panda,44.99
2026-03-03 20:39:35,Full-Grown Giant Panda,41.5
2026-03-03 20:39:35,Luminous Giant Panda,343.85
2026-03-03 20:39:35,Teen Giant Panda,41.94
2026-03-03 20:39:35,Post-Teen Giant Panda,71.5
2026-03-03 20:39:35,Teen Giant Panda,45.96
2026-03-03 20:39:35,Post-Teen Giant Panda,45.0
2026-03-03 20:39:35,Newborn Giant Panda,44.87
2026-03-03 21:40:22,Full-Grown Giant Panda,47.79
2026-03-03 21:40:22,Newborn Giant Panda,40.1
2026-03-03 21:40:22,Full-Grown Giant Panda,44.99
2026-03-03 21:40:22,Full-Grown Giant Panda,41.5
2026-03-03 21:40:22,Newborn Giant Panda,50.69
2026-03-03 21:40:22,Luminous Giant Panda,343.85
2026-03-03 21:40:22,Teen Giant Panda,42.0
2026-03-03 21:40:22,Post-Teen Giant Panda,61.6
2026-03-03 21:40:22,Junior Giant Panda,50.84
2026-03-03 21:40:22,Teen Giant Panda,45.96
2026-03-03 22:36:27,Full-Grown Giant Panda,47.79
2026-03-03 22:36:27,Newborn Giant Panda,43.49
2026-03-03 22:36:27,Full-Grown Giant Panda,44.0
2026-03-03 22:36:27,Full-Grown Giant Panda,50.69
2026-03-03 22:36:27,Newborn Giant Panda,50.69
2026-03-03 22:36:27,Luminous Giant Panda,343.85
2026-03-03 22:36:27,Teen Giant Panda,42.0
2026-03-03 22:36:27,Post-Teen Giant Panda,61.6
2026-03-03 22:36:27,Junior Giant Panda,50.84
2026-03-03 22:36:27,Teen Giant Panda,45.96
2026-03-03 23:33:54,Full-Grown Giant Panda,47.77
2026-03-03 23:33:54,Newborn Giant Panda,42.0
2026-03-03 23:33:54,Full-Grown Giant Panda,44.0
2026-03-03 23:33:54,Full-Grown Giant Panda,50.69
2026-03-03 23:33:54,Newborn Giant Panda,50.69
2026-03-03 23:33:54,Luminous Giant Panda,343.85
2026-03-03 23:33:54,Teen Giant Panda,42.0
2026-03-03 23:33:54,Post-Teen Giant Panda,61.62
2026-03-03 23:33:54,Junior Giant Panda,50.84
2026-03-03 23:33:54,Teen Giant Panda,45.96
2026-03-04 04:46:13,Full-Grown Giant Panda,46.62
2026-03-04 04:46:13,Newborn Giant Panda,43.55
2026-03-04 04:46:13,Full-Grown Giant Panda,51.68
2026-03-04 04:46:13,Full-Grown Giant Panda,50.69
2026-03-04 04:46:13,Newborn Giant Panda,50.69
2026-03-04 04:46:13,Teen Giant Panda,50.84
2026-03-04 04:46:13,Post-Teen Giant Panda,51.68
2026-03-04 04:46:13,Luminous Giant Panda,249.99
2026-03-04 04:46:13,Pre-Teen Giant Panda,46.67
2026-03-04 04:46:13,Teen Giant Panda,80.0
2026-03-04 05:50:52,Full-Grown Giant Panda,46.62
2026-03-04 05:50:52,Newborn Giant Panda,47.72
2026-03-04 05:50:52,Full-Grown Giant Panda,53.6
2026-03-04 05:50:52,Full-Grown Giant Panda,50.69
2026-03-04 05:50:52,Newborn Giant Panda,50.69
2026-03-04 05:50:52,Teen Giant Panda,50.84
2026-03-04 05:50:52,Post-Teen Giant Panda,51.63
2026-03-04 05:50:52,Luminous Giant Panda,249.99
2026-03-04 05:50:52,Pre-Teen Giant Panda,46.67
2026-03-04 05:50:52,Teen Giant Panda,80.0
2026-03-04 06:58:18,Full-Grown Giant Panda,44.3
2026-03-04 06:58:18,Newborn Giant Panda,47.72
2026-03-04 06:58:18,Full-Grown Giant Panda,53.6
2026-03-04 06:58:18,Full-Grown Giant Panda,44.0
2026-03-04 06:58:18,Newborn Giant Panda,50.69
2026-03-04 06:58:18,Teen Giant Panda,50.84
2026-03-04 06:58:18,Post-Teen Giant Panda,51.75
2026-03-04 06:58:18,Luminous Giant Panda,249.99
2026-03-04 06:58:18,Pre-Teen Giant Panda,46.67
2026-03-04 06:58:18,Teen Giant Panda,80.0
2026-03-04 07:43:52,Full-Grown Giant Panda,43.95
2026-03-04 07:43:52,Newborn Giant Panda,47.72
2026-03-04 07:43:52,Full-Grown Giant Panda,47.0
2026-03-04 07:43:52,Full-Grown Giant Panda,43.99
2026-03-04 07:43:52,Newborn Giant Panda,50.69
2026-03-04 07:43:52,Teen Giant Panda,50.09
2026-03-04 07:43:52,Post-Teen Giant Panda,51.76
2026-03-04 07:43:52,Luminous Giant Panda,249.99
2026-03-04 07:43:52,Pre-Teen Giant Panda,46.67
2026-03-04 07:43:52,Teen Giant Panda,80.0
2026-03-04 08:50:11,Full-Grown Giant Panda,43.5
2026-03-04 08:50:11,Newborn Giant Panda,47.69
2026-03-04 08:50:11,Full-Grown Giant Panda,47.0
2026-03-04 08:50:11,Full-Grown Giant Panda,43.99
2026-03-04 08:50:11,Newborn Giant Panda,50.69
2026-03-04 08:50:11,Teen Giant Panda,50.09
2026-03-04 08:50:11,Post-Teen Giant Panda,51.68
2026-03-04 08:50:11,Luminous Giant Panda,249.99
2026-03-04 08:50:11,Pre-Teen Giant Panda,46.67
2026-03-04 08:50:11,Teen Giant Panda,80.0
2026-03-04 09:50:55,Full-Grown Giant Panda,43.0
2026-03-04 09:50:55,Newborn Giant Panda,47.69
2026-03-04 09:50:55,Full-Grown Giant Panda,44.0
2026-03-04 09:50:55,Full-Grown Giant Panda,43.67
2026-03-04 09:50:55,Newborn Giant Panda,50.69
2026-03-04 09:50:55,Teen Giant Panda,43.0
2026-03-04 09:50:55,Post-Teen Giant Panda,51.74
2026-03-04 09:50:55,Luminous Giant Panda,249.99
2026-03-04 09:50:55,Pre-Teen Giant Panda,46.67
2026-03-04 09:50:55,Teen Giant Panda,80.0
2026-03-04 10:44:05,Full-Grown Giant Panda,42.9
2026-03-04 10:44:05,Newborn Giant Panda,47.69
2026-03-04 10:44:05,Full-Grown Giant Panda,44.0
2026-03-04 10:44:05,Full-Grown Giant Panda,43.67
2026-03-04 10:44:05,Newborn Giant Panda,50.69
2026-03-04 10:44:05,Teen Giant Panda,43.0
2026-03-04 10:44:05,Post-Teen Giant Panda,51.83
2026-03-04 10:44:05,Luminous Giant Panda,249.99
2026-03-04 10:44:05,Pre-Teen Giant Panda,46.67
2026-03-04 10:44:05,Teen Giant Panda,80.0
2026-03-04 11:36:51,Full-Grown Giant Panda,42.9
2026-03-04 11:36:51,Newborn Giant Panda,47.6
2026-03-04 11:36:51,Full-Grown Giant Panda,44.0
2026-03-04 11:36:51,Full-Grown Giant Panda,43.67
2026-03-04 11:36:51,Newborn Giant Panda,50.69
2026-03-04 11:36:51,Teen Giant Panda,43.0
2026-03-04 11:36:51,Post-Teen Giant Panda,51.9
2026-03-04 11:36:51,Luminous Giant Panda,249.99
2026-03-04 11:36:51,Pre-Teen Giant Panda,46.67
2026-03-04 11:36:51,Teen Giant Panda,80.0
2026-03-04 14:42:36,Full-Grown Giant Panda,43.89
2026-03-04 14:42:36,Newborn Giant Panda,46.67
2026-03-04 14:42:36,Full-Grown Giant Panda,53.6
2026-03-04 14:42:36,Full-Grown Giant Panda,44.0
2026-03-04 14:42:36,Newborn Giant Panda,50.31
2026-03-04 14:42:36,Teen Giant Panda,43.0
2026-03-04 14:42:36,Post-Teen Giant Panda,51.83
2026-03-04 14:42:36,Luminous Giant Panda,249.99
2026-03-04 14:42:36,Pre-Teen Giant Panda,46.67
2026-03-04 14:42:36,Teen Giant Panda,80.0
2026-03-04 15:51:44,Full-Grown Giant Panda,43.89
2026-03-04 15:51:44,Newborn Giant Panda,46.67
2026-03-04 15:51:44,Full-Grown Giant Panda,53.6
2026-03-04 15:51:44,Full-Grown Giant Panda,44.0
2026-03-04 15:51:44,Newborn Giant Panda,50.31
2026-03-04 15:51:44,Teen Giant Panda,48.13
2026-03-04 15:51:44,Post-Teen Giant Panda,51.84
2026-03-04 15:51:44,Luminous Giant Panda,249.99
2026-03-04 15:51:44,Pre-Teen Giant Panda,46.67
2026-03-04 15:51:44,Junior Giant Panda,50.44
2026-03-04 17:45:15,Full-Grown Giant Panda,43.89
2026-03-04 17:45:15,Newborn Giant Panda,46.67
2026-03-04 17:45:15,Full-Grown Giant Panda,55.0
2026-03-04 17:45:15,Full-Grown Giant Panda,50.16
2026-03-04 17:45:15,Newborn Giant Panda,50.31
2026-03-04 17:45:15,Post-Teen Giant Panda,51.8
2026-03-04 17:45:15,Luminous Giant Panda,249.9
2026-03-04 17:45:15,Pre-Teen Giant Panda,46.67
2026-03-04 17:45:15,Teen Giant Panda,80.0
2026-03-04 17:45:15,Post-Teen Giant Panda,45.0
2026-03-04 19:00:07,Full-Grown Giant Panda,46.62
2026-03-04 19:00:07,Newborn Giant Panda,46.0
2026-03-04 19:00:07,Full-Grown Giant Panda,51.93
2026-03-04 19:00:07,Full-Grown Giant Panda,46.66
2026-03-04 19:00:07,Newborn Giant Panda,50.31
2026-03-04 19:00:07,Post-Teen Giant Panda,51.8
2026-03-04 19:00:07,Luminous Giant Panda,249.9
2026-03-04 19:00:07,Pre-Teen Giant Panda,46.67
2026-03-04 19:00:07,Junior Giant Panda,48.22
2026-03-04 19:00:07,Teen Giant Panda,80.0
2026-03-04 19:46:39,Full-Grown Giant Panda,43.88
2026-03-04 19:46:39,Newborn Giant Panda,46.0
2026-03-04 19:46:39,Full-Grown Giant Panda,51.93
2026-03-04 19:46:39,Full-Grown Giant Panda,46.66
2026-03-04 19:46:39,Newborn Giant Panda,50.31
2026-03-04 19:46:39,Post-Teen Giant Panda,51.81
2026-03-04 19:46:39,Luminous Giant Panda,249.9
2026-03-04 19:46:39,Pre-Teen Giant Panda,46.67
2026-03-04 19:46:39,Teen Giant Panda,80.0
2026-03-04 19:46:39,Junior Giant Panda,48.22
2026-03-04 20:38:48,Full-Grown Giant Panda,43.88
2026-03-04 20:38:48,Newborn Giant Panda,47.6
2026-03-04 20:38:48,Full-Grown Giant Panda,51.93
2026-03-04 20:38:48,Full-Grown Giant Panda,46.66
2026-03-04 20:38:48,Newborn Giant Panda,50.31
2026-03-04 20:38:48,Post-Teen Giant Panda,51.85
2026-03-04 20:38:48,Luminous Giant Panda,249.9
2026-03-04 20:38:48,Pre-Teen Giant Panda,46.67
2026-03-04 20:38:48,Teen Giant Panda,80.0
2026-03-04 20:38:48,Junior Giant Panda,48.22
2026-03-04 21:40:51,Full-Grown Giant Panda,43.89
2026-03-04 21:40:51,Newborn Giant Panda,47.6
2026-03-04 21:40:51,Full-Grown Giant Panda,51.93
2026-03-04 21:40:51,Full-Grown Giant Panda,50.16
2026-03-04 21:40:51,Newborn Giant Panda,50.31
2026-03-04 21:40:51,Post-Teen Giant Panda,51.85
2026-03-04 21:40:51,Luminous Giant Panda,249.9
2026-03-04 21:40:51,Pre-Teen Giant Panda,46.67
2026-03-04 21:40:51,Teen Giant Panda,49.0
2026-03-04 21:40:51,Junior Giant Panda,48.22
2026-03-04 22:38:39,Full-Grown Giant Panda,46.63
2026-03-04 22:38:39,Newborn Giant Panda,47.6
2026-03-04 22:38:39,Full-Grown Giant Panda,51.93
2026-03-04 22:38:39,Full-Grown Giant Panda,46.99
2026-03-04 22:38:39,Newborn Giant Panda,50.31
2026-03-04 22:38:39,Post-Teen Giant Panda,51.82
2026-03-04 22:38:39,Luminous Giant Panda,249.9
2026-03-04 22:38:39,Pre-Teen Giant Panda,46.67
2026-03-04 22:38:39,Junior Giant Panda,48.22
2026-03-04 22:38:39,Teen Giant Panda,49.0
2026-03-04 23:36:48,Full-Grown Giant Panda,46.58
2026-03-04 23:36:48,Newborn Giant Panda,47.6
2026-03-04 23:36:48,Full-Grown Giant Panda,51.93
2026-03-04 23:36:48,Full-Grown Giant Panda,47.99
2026-03-04 23:36:48,Newborn Giant Panda,50.31
2026-03-04 23:36:48,Post-Teen Giant Panda,51.84
2026-03-04 23:36:48,Luminous Giant Panda,249.9
2026-03-04 23:36:48,Pre-Teen Giant Panda,46.67
2026-03-04 23:36:48,Teen Giant Panda,80.0
2026-03-04 23:36:48,Junior Giant Panda,48.22
2026-03-05 02:37:42,Full-Grown Giant Panda,46.0
2026-03-05 02:37:42,Newborn Giant Panda,47.6
2026-03-05 02:37:42,Full-Grown Giant Panda,51.92
2026-03-05 02:37:42,Full-Grown Giant Panda,48.96
2026-03-05 02:37:42,Newborn Giant Panda,50.31
2026-03-05 02:37:42,Post-Teen Giant Panda,51.81
2026-03-05 02:37:42,Pre-Teen Giant Panda,46.67
2026-03-05 02:37:42,Luminous Giant Panda,249.9
2026-03-05 02:37:42,Teen Giant Panda,80.0
2026-03-05 02:37:42,Junior Giant Panda,48.22
2026-03-05 04:49:45,Full-Grown Giant Panda,46.0
2026-03-05 04:49:45,Newborn Giant Panda,47.6
2026-03-05 04:49:45,Full-Grown Giant Panda,51.0
2026-03-05 04:49:45,Full-Grown Giant Panda,48.82
2026-03-05 04:49:45,Newborn Giant Panda,50.31
2026-03-05 04:49:45,Post-Teen Giant Panda,51.72
2026-03-05 04:49:45,Pre-Teen Giant Panda,46.67
2026-03-05 04:49:45,Luminous Giant Panda,333.79
2026-03-05 04:49:45,Teen Giant Panda,80.0
2026-03-05 04:49:45,Junior Giant Panda,48.22
2026-03-05 08:53:59,Full-Grown Giant Panda,46.0
2026-03-05 08:53:59,Newborn Giant Panda,47.6
2026-03-05 08:53:59,Full-Grown Giant Panda,51.91
2026-03-05 08:53:59,Full-Grown Giant Panda,48.55
2026-03-05 08:53:59,Newborn Giant Panda,50.31
2026-03-05 08:53:59,Post-Teen Giant Panda,51.63
2026-03-05 08:53:59,Pre-Teen Giant Panda,46.67
2026-03-05 08:53:59,Luminous Giant Panda,249.9
2026-03-05 08:53:59,Teen Giant Panda,80.0
2026-03-05 08:53:59,Junior Giant Panda,48.22
2026-03-05 09:54:18,Full-Grown Giant Panda,46.0
2026-03-05 09:54:18,Newborn Giant Panda,47.0
2026-03-05 09:54:18,Full-Grown Giant Panda,51.93
2026-03-05 09:54:18,Full-Grown Giant Panda,48.82
2026-03-05 09:54:18,Newborn Giant Panda,50.31
2026-03-05 09:54:18,Post-Teen Giant Panda,51.76
2026-03-05 09:54:18,Pre-Teen Giant Panda,46.67
2026-03-05 09:54:18,Luminous Giant Panda,249.9
2026-03-05 09:54:18,Teen Giant Panda,80.0
2026-03-05 09:54:18,Junior Giant Panda,48.22
2026-03-05 10:50:35,Full-Grown Giant Panda,46.0
2026-03-05 10:50:35,Newborn Giant Panda,46.9
2026-03-05 10:50:35,Full-Grown Giant Panda,50.43
2026-03-05 10:50:35,Full-Grown Giant Panda,48.22
2026-03-05 10:50:35,Newborn Giant Panda,50.31
2026-03-05 10:50:35,Post-Teen Giant Panda,51.75
2026-03-05 10:50:35,Pre-Teen Giant Panda,46.67
2026-03-05 10:50:35,Luminous Giant Panda,249.9
2026-03-05 10:50:35,Teen Giant Panda,80.0
2026-03-05 10:50:35,Post-Teen Giant Panda,51.93
2026-03-05 11:39:39,Full-Grown Giant Panda,46.0
2026-03-05 11:39:39,Newborn Giant Panda,46.4
2026-03-05 11:39:39,Full-Grown Giant Panda,50.43
2026-03-05 11:39:39,Full-Grown Giant Panda,48.22
2026-03-05 11:39:39,Newborn Giant Panda,50.31
2026-03-05 11:39:39,Post-Teen Giant Panda,51.72
2026-03-05 11:39:39,Pre-Teen Giant Panda,46.67
2026-03-05 11:39:39,Luminous Giant Panda,249.9
2026-03-05 11:39:39,Teen Giant Panda,80.0
2026-03-05 11:39:39,Post-Teen Giant Panda,51.93
2026-03-05 13:14:41,Full-Grown Giant Panda,46.0
2026-03-05 13:14:41,Newborn Giant Panda,47.6
2026-03-05 13:14:41,Full-Grown Giant Panda,49.5
2026-03-05 13:14:41,Full-Grown Giant Panda,48.44
2026-03-05 13:14:41,Newborn Giant Panda,49.91
2026-03-05 13:14:41,Post-Teen Giant Panda,51.76
2026-03-05 13:14:41,Pre-Teen Giant Panda,46.67
2026-03-05 13:14:41,Luminous Giant Panda,249.9
2026-03-05 13:14:41,Teen Giant Panda,80.0
2026-03-05 13:14:41,Post-Teen Giant Panda,51.52
2026-03-05 14:53:53,Full-Grown Giant Panda,46.0
2026-03-05 14:53:53,Newborn Giant Panda,47.6
2026-03-05 14:53:53,Full-Grown Giant Panda,49.0
2026-03-05 14:53:53,Full-Grown Giant Panda,48.4
2026-03-05 14:53:53,Newborn Giant Panda,50.31
2026-03-05 14:53:53,Post-Teen Giant Panda,51.65
2026-03-05 14:53:53,Pre-Teen Giant Panda,46.67
2026-03-05 14:53:53,Luminous Giant Panda,249.9
2026-03-05 14:53:53,Teen Giant Panda,80.0
2026-03-05 14:53:53,Post-Teen Giant Panda,51.93
2026-03-05 15:56:35,Full-Grown Giant Panda,46.0
2026-03-05 15:56:35,Newborn Giant Panda,47.6
2026-03-05 15:56:35,Full-Grown Giant Panda,49.0
2026-03-05 15:56:35,Full-Grown Giant Panda,48.4
2026-03-05 15:56:35,Newborn Giant Panda,50.31
2026-03-05 15:56:35,Post-Teen Giant Panda,51.56
2026-03-05 15:56:35,Luminous Giant Panda,249.9
2026-03-05 15:56:35,Teen Giant Panda,80.0
2026-03-05 15:56:35,Post-Teen Giant Panda,51.93
2026-03-05 15:56:35,Reborn Giant Panda,189.98
2026-03-05 18:11:39,Full-Grown Giant Panda,46.0
2026-03-05 18:11:39,Newborn Giant Panda,47.4
2026-03-05 18:11:39,Full-Grown Giant Panda,49.0
2026-03-05 18:11:39,Full-Grown Giant Panda,48.4
2026-03-05 18:11:39,Newborn Giant Panda,50.31
2026-03-05 18:11:39,Post-Teen Giant Panda,51.62
2026-03-05 18:11:39,Luminous Giant Panda,249.9
2026-03-05 18:11:39,Teen Giant Panda,80.0
2026-03-05 18:11:39,Teen Giant Panda,50.31
2026-03-05 18:11:39,Reborn Giant Panda,189.98
2026-03-05 19:55:57,Full-Grown Giant Panda,46.67
2026-03-05 19:55:57,Newborn Giant Panda,47.2
2026-03-05 19:55:57,Full-Grown Giant Panda,48.99
2026-03-05 19:55:57,Full-Grown Giant Panda,67.53
2026-03-05 19:55:57,Post-Teen Giant Panda,61.39
2026-03-05 19:55:57,Luminous Giant Panda,249.9
2026-03-05 19:55:57,Teen Giant Panda,80.0
2026-03-05 19:55:57,Teen Giant Panda,49.91
2026-03-05 19:55:57,Reborn Giant Panda,189.98
2026-03-05 19:55:57,Junior Giant Panda,46.25
2026-03-05 20:45:07,Full-Grown Giant Panda,47.0
2026-03-05 20:45:07,Newborn Giant Panda,47.2
2026-03-05 20:45:07,Full-Grown Giant Panda,48.99
2026-03-05 20:45:07,Full-Grown Giant Panda,67.69
2026-03-05 20:45:07,Post-Teen Giant Panda,61.53
2026-03-05 20:45:07,Luminous Giant Panda,249.9
2026-03-05 20:45:07,Teen Giant Panda,80.0
2026-03-05 20:45:07,Teen Giant Panda,49.91
2026-03-05 20:45:07,Reborn Giant Panda,189.98
2026-03-05 20:45:07,Sunshine Giant Panda,205.95
2026-03-05 21:42:31,Full-Grown Giant Panda,50.9
2026-03-05 21:42:31,Newborn Giant Panda,47.2
2026-03-05 21:42:31,Full-Grown Giant Panda,49.0
2026-03-05 21:42:31,Full-Grown Giant Panda,51.51
2026-03-05 21:42:31,Newborn Giant Panda,51.51
2026-03-05 21:42:31,Post-Teen Giant Panda,61.55
2026-03-05 21:42:31,Luminous Giant Panda,249.9
2026-03-05 21:42:31,Teen Giant Panda,80.0
2026-03-05 21:42:31,Reborn Giant Panda,189.98
2026-03-05 21:42:31,Reborn Giant Panda,246.14
2026-03-05 22:39:18,Full-Grown Giant Panda,50.0
2026-03-05 22:39:18,Newborn Giant Panda,47.2
2026-03-05 22:39:18,Full-Grown Giant Panda,56.8
2026-03-05 22:39:18,Full-Grown Giant Panda,67.72
2026-03-05 22:39:18,Newborn Giant Panda,51.51
2026-03-05 22:39:18,Post-Teen Giant Panda,61.56
2026-03-05 22:39:18,Luminous Giant Panda,368.0
2026-03-05 22:39:18,Teen Giant Panda,80.0
2026-03-05 22:39:18,Teen Giant Panda,58.87
2026-03-05 22:39:18,Reborn Giant Panda,189.98
2026-03-05 23:55:59,Full-Grown Giant Panda,50.0
2026-03-05 23:55:59,Newborn Giant Panda,47.2
2026-03-05 23:55:59,Full-Grown Giant Panda,56.8
2026-03-05 23:55:59,Full-Grown Giant Panda,67.72
2026-03-05 23:55:59,Newborn Giant Panda,51.51
2026-03-05 23:55:59,Post-Teen Giant Panda,61.57
2026-03-05 23:55:59,Luminous Giant Panda,249.8
2026-03-05 23:55:59,Teen Giant Panda,80.0
2026-03-05 23:55:59,Teen Giant Panda,58.87
2026-03-05 23:55:59,Sunshine Giant Panda,205.95
2026-03-06 02:35:27,Full-Grown Giant Panda,51.0
2026-03-06 02:35:27,Newborn Giant Panda,61.84
2026-03-06 02:35:27,Full-Grown Giant Panda,58.88
2026-03-06 02:35:27,Full-Grown Giant Panda,55.46
2026-03-06 02:35:27,Post-Teen Giant Panda,61.62
2026-03-06 02:35:27,Newborn Giant Panda,55.46
2026-03-06 02:35:27,Luminous Giant Panda,249.6
2026-03-06 02:35:27,Teen Giant Panda,80.0
2026-03-06 02:35:27,Teen Giant Panda,58.83
2026-03-06 02:35:27,Post-Teen Giant Panda,55.46
2026-03-06 04:47:12,Full-Grown Giant Panda,51.51
2026-03-06 04:47:12,Newborn Giant Panda,51.84
2026-03-06 04:47:12,Full-Grown Giant Panda,58.88
2026-03-06 04:47:12,Full-Grown Giant Panda,55.42
2026-03-06 04:47:12,Post-Teen Giant Panda,61.62
2026-03-06 04:47:12,Newborn Giant Panda,55.47
2026-03-06 04:47:12,Luminous Giant Panda,249.6
2026-03-06 04:47:12,Teen Giant Panda,58.83
2026-03-06 04:47:12,Teen Giant Panda,80.0
2026-03-06 04:47:12,Post-Teen Giant Panda,55.47
2026-03-06 05:52:00,Full-Grown Giant Panda,51.51
2026-03-06 05:52:00,Newborn Giant Panda,51.84
2026-03-06 05:52:00,Full-Grown Giant Panda,56.0
2026-03-06 05:52:00,Full-Grown Giant Panda,53.0
2026-03-06 05:52:00,Post-Teen Giant Panda,61.59
2026-03-06 05:52:00,Newborn Giant Panda,55.43
2026-03-06 05:52:00,Luminous Giant Panda,249.6
2026-03-06 05:52:00,Teen Giant Panda,58.83
2026-03-06 05:52:00,Teen Giant Panda,80.0
2026-03-06 05:52:00,Post-Teen Giant Panda,55.43
2026-03-06 06:59:57,Full-Grown Giant Panda,59.99
2026-03-06 06:59:57,Newborn Giant Panda,51.84
2026-03-06 06:59:57,Full-Grown Giant Panda,54.0
2026-03-06 06:59:57,Full-Grown Giant Panda,53.0
2026-03-06 06:59:57,Post-Teen Giant Panda,61.56
2026-03-06 06:59:57,Newborn Giant Panda,55.4
2026-03-06 06:59:57,Luminous Giant Panda,249.6
2026-03-06 06:59:57,Teen Giant Panda,58.83
2026-03-06 06:59:57,Teen Giant Panda,80.0
2026-03-06 06:59:57,Post-Teen Giant Panda,55.4
2026-03-06 07:47:47,Full-Grown Giant Panda,59.99
2026-03-06 07:47:47,Newborn Giant Panda,58.67
2026-03-06 07:47:47,Full-Grown Giant Panda,51.0
2026-03-06 07:47:47,Full-Grown Giant Panda,53.0
2026-03-06 07:47:47,Post-Teen Giant Panda,61.59
2026-03-06 07:47:47,Newborn Giant Panda,55.43
2026-03-06 07:47:47,Luminous Giant Panda,249.44
2026-03-06 07:47:47,Teen Giant Panda,58.83
2026-03-06 07:47:47,Teen Giant Panda,80.0
2026-03-06 07:47:47,Post-Teen Giant Panda,55.43
2026-03-06 08:49:01,Full-Grown Giant Panda,59.98
2026-03-06 08:49:01,Newborn Giant Panda,58.67
2026-03-06 08:49:01,Full-Grown Giant Panda,58.88
2026-03-06 08:49:01,Full-Grown Giant Panda,55.42
2026-03-06 08:49:01,Post-Teen Giant Panda,61.56
2026-03-06 08:49:01,Luminous Giant Panda,249.2
2026-03-06 08:49:01,Teen Giant Panda,58.83
2026-03-06 08:49:01,Teen Giant Panda,80.0
2026-03-06 08:49:01,Post-Teen Giant Panda,55.4
2026-03-06 08:49:01,Reborn Giant Panda,189.98
2026-03-06 09:49:14,Full-Grown Giant Panda,57.0
2026-03-06 09:49:14,Newborn Giant Panda,56.9
2026-03-06 09:49:14,Full-Grown Giant Panda,58.0
2026-03-06 09:49:14,Full-Grown Giant Panda,55.42
2026-03-06 09:49:14,Newborn Giant Panda,58.0
2026-03-06 09:49:14,Post-Teen Giant Panda,58.0
2026-03-06 09:49:14,Luminous Giant Panda,249.19
2026-03-06 09:49:14,Teen Giant Panda,80.0
2026-03-06 09:49:14,Teen Giant Panda,58.0
2026-03-06 09:49:14,Reborn Giant Panda,189.98
2026-03-06 10:43:38,Full-Grown Giant Panda,57.0
2026-03-06 10:43:38,Newborn Giant Panda,58.67
2026-03-06 10:43:38,Full-Grown Giant Panda,58.0
2026-03-06 10:43:38,Full-Grown Giant Panda,56.0
2026-03-06 10:43:38,Newborn Giant Panda,58.0
2026-03-06 10:43:38,Post-Teen Giant Panda,58.0
2026-03-06 10:43:38,Luminous Giant Panda,249.19
2026-03-06 10:43:38,Teen Giant Panda,80.0
2026-03-06 10:43:38,Teen Giant Panda,57.99
2026-03-06 10:43:38,Reborn Giant Panda,189.98
2026-03-06 11:35:56,Full-Grown Giant Panda,58.0
2026-03-06 11:35:56,Newborn Giant Panda,61.4
2026-03-06 11:35:56,Full-Grown Giant Panda,58.0
2026-03-06 11:35:56,Full-Grown Giant Panda,56.0
2026-03-06 11:35:56,Newborn Giant Panda,58.0
2026-03-06 11:35:56,Post-Teen Giant Panda,58.0
2026-03-06 11:35:56,Luminous Giant Panda,249.19
2026-03-06 11:35:56,Teen Giant Panda,57.99
2026-03-06 11:35:56,Teen Giant Panda,80.0
2026-03-06 11:35:56,Sunshine Giant Panda,205.95
2026-03-06 13:10:22,Full-Grown Giant Panda,58.0
2026-03-06 13:10:22,Newborn Giant Panda,61.29
2026-03-06 13:10:22,Full-Grown Giant Panda,58.0
2026-03-06 13:10:22,Full-Grown Giant Panda,55.0
2026-03-06 13:10:22,Newborn Giant Panda,58.0
2026-03-06 13:10:22,Post-Teen Giant Panda,58.0
2026-03-06 13:10:22,Luminous Giant Panda,249.1
2026-03-06 13:10:22,Teen Giant Panda,57.99
2026-03-06 13:10:22,Teen Giant Panda,80.0
2026-03-06 13:10:22,Sunshine Giant Panda,205.95
2026-03-06 14:42:57,Full-Grown Giant Panda,58.0
2026-03-06 14:42:57,Newborn Giant Panda,57.9
2026-03-06 14:42:57,Full-Grown Giant Panda,58.0
2026-03-06 14:42:57,Full-Grown Giant Panda,53.99
2026-03-06 14:42:57,Post-Teen Giant Panda,58.0
2026-03-06 14:42:57,Newborn Giant Panda,58.0
2026-03-06 14:42:57,Luminous Giant Panda,249.1
2026-03-06 14:42:57,Teen Giant Panda,57.99
2026-03-06 14:42:57,Teen Giant Panda,80.0
2026-03-06 14:42:57,Sunshine Giant Panda,205.95
2026-03-06 15:44:35,Full-Grown Giant Panda,55.99
2026-03-06 15:44:35,Newborn Giant Panda,57.0
2026-03-06 15:44:35,Full-Grown Giant Panda,58.0
2026-03-06 15:44:35,Full-Grown Giant Panda,53.99
2026-03-06 15:44:35,Teen Giant Panda,73.7
2026-03-06 15:44:35,Post-Teen Giant Panda,58.0
2026-03-06 15:44:35,Newborn Giant Panda,58.0
2026-03-06 15:44:35,Luminous Giant Panda,249.09
2026-03-06 15:44:35,Teen Giant Panda,80.0
2026-03-06 15:44:35,Teen Giant Panda,58.0
2026-03-06 16:52:24,Full-Grown Giant Panda,55.99
2026-03-06 16:52:24,Newborn Giant Panda,56.98
2026-03-06 16:52:24,Full-Grown Giant Panda,57.9
2026-03-06 16:52:24,Full-Grown Giant Panda,54.7
2026-03-06 16:52:24,Teen Giant Panda,73.83
2026-03-06 16:52:24,Newborn Giant Panda,58.0
2026-03-06 16:52:24,Post-Teen Giant Panda,58.0
2026-03-06 16:52:24,Junior Giant Panda,75.08
2026-03-06 16:52:24,Luminous Giant Panda,249.0
2026-03-06 16:52:24,Teen Giant Panda,58.0
2026-03-06 17:41:19,Full-Grown Giant Panda,55.9
2026-03-06 17:41:19,Newborn Giant Panda,56.97
2026-03-06 17:41:19,Full-Grown Giant Panda,88.31
2026-03-06 17:41:19,Full-Grown Giant Panda,55.0
2026-03-06 17:41:19,Teen Giant Panda,73.81
2026-03-06 17:41:19,Newborn Giant Panda,58.0
2026-03-06 17:41:19,Post-Teen Giant Panda,58.0
2026-03-06 17:41:19,Junior Giant Panda,75.08
2026-03-06 17:41:19,Luminous Giant Panda,249.0
2026-03-06 17:41:19,Teen Giant Panda,80.0
2026-03-06 18:56:23,Full-Grown Giant Panda,58.0
2026-03-06 18:56:23,Newborn Giant Panda,57.0
2026-03-06 18:56:23,Full-Grown Giant Panda,60.0
2026-03-06 18:56:23,Full-Grown Giant Panda,55.0
2026-03-06 18:56:23,Teen Giant Panda,73.83
2026-03-06 18:56:23,Newborn Giant Panda,58.0
2026-03-06 18:56:23,Post-Teen Giant Panda,58.0
2026-03-06 18:56:23,Junior Giant Panda,72.14
2026-03-06 18:56:23,Luminous Giant Panda,245.0
2026-03-06 18:56:23,Teen Giant Panda,80.0
2026-03-06 19:39:05,Full-Grown Giant Panda,58.0
2026-03-06 19:39:05,Newborn Giant Panda,60.0
2026-03-06 19:39:05,Full-Grown Giant Panda,47.14
2026-03-06 19:39:05,Full-Grown Giant Panda,58.0
2026-03-06 19:39:05,Teen Giant Panda,73.86
2026-03-06 19:39:05,Newborn Giant Panda,58.0
2026-03-06 19:39:05,Post-Teen Giant Panda,58.0
2026-03-06 19:39:05,Junior Giant Panda,72.14
2026-03-06 19:39:05,Luminous Giant Panda,184.65
2026-03-06 19:39:05,Teen Giant Panda,80.0
2026-03-06 20:39:32,Full-Grown Giant Panda,57.0
2026-03-06 20:39:32,Newborn Giant Panda,59.99
2026-03-06 20:39:32,Full-Grown Giant Panda,88.31
2026-03-06 20:39:32,Full-Grown Giant Panda,58.0
2026-03-06 20:39:32,Teen Giant Panda,73.84
2026-03-06 20:39:32,Post-Teen Giant Panda,58.0
2026-03-06 20:39:32,Junior Giant Panda,72.14
2026-03-06 20:39:32,Luminous Giant Panda,184.61
2026-03-06 20:39:32,Teen Giant Panda,80.0
2026-03-06 20:39:32,Pre-Teen Giant Panda,80.0
2026-03-06 21:36:04,Full-Grown Giant Panda,58.0
2026-03-06 21:36:04,Newborn Giant Panda,59.99
2026-03-06 21:36:04,Full-Grown Giant Panda,88.31
2026-03-06 21:36:04,Full-Grown Giant Panda,58.0
2026-03-06 21:36:04,Teen Giant Panda,73.94
2026-03-06 21:36:04,Post-Teen Giant Panda,58.0
2026-03-06 21:36:04,Junior Giant Panda,72.14
2026-03-06 21:36:04,Luminous Giant Panda,239.93
2026-03-06 21:36:04,Teen Giant Panda,80.0
2026-03-06 21:36:04,Pre-Teen Giant Panda,80.0
2026-03-06 22:36:05,Full-Grown Giant Panda,58.0
2026-03-06 22:36:05,Newborn Giant Panda,59.99
2026-03-06 22:36:05,Full-Grown Giant Panda,60.0
2026-03-06 22:36:05,Full-Grown Giant Panda,58.0
2026-03-06 22:36:05,Teen Giant Panda,73.94
2026-03-06 22:36:05,Post-Teen Giant Panda,58.0
2026-03-06 22:36:05,Junior Giant Panda,72.14
2026-03-06 22:36:05,Luminous Giant Panda,247.29
2026-03-06 22:36:05,Teen Giant Panda,80.0
2026-03-06 22:36:05,Pre-Teen Giant Panda,80.0
2026-03-06 23:34:22,Full-Grown Giant Panda,59.77
2026-03-06 23:34:22,Newborn Giant Panda,59.99
2026-03-06 23:34:22,Full-Grown Giant Panda,60.0
2026-03-06 23:34:22,Full-Grown Giant Panda,58.0
2026-03-06 23:34:22,Teen Giant Panda,73.94
2026-03-06 23:34:22,Post-Teen Giant Panda,58.0
2026-03-06 23:34:22,Junior Giant Panda,72.14
2026-03-06 23:34:22,Luminous Giant Panda,197.15
2026-03-06 23:34:22,Pre-Teen Giant Panda,80.0
2026-03-06 23:34:22,Post-Teen Giant Panda,76.55
2026-03-07 02:29:07,Full-Grown Giant Panda,65.0
2026-03-07 02:29:07,Newborn Giant Panda,59.0
2026-03-07 02:29:07,Full-Grown Giant Panda,88.31
2026-03-07 02:29:07,Full-Grown Giant Panda,59.0
2026-03-07 02:29:07,Teen Giant Panda,73.94
2026-03-07 02:29:07,Junior Giant Panda,61.62
2026-03-07 02:29:07,Junior Giant Panda,62.85
2026-03-07 02:29:07,Luminous Giant Panda,247.22
2026-03-07 02:29:07,Post-Teen Giant Panda,76.55
2026-03-07 02:29:07,Teen Giant Panda,80.0
2026-03-07 04:26:01,Full-Grown Giant Panda,61.62
2026-03-07 04:26:01,Newborn Giant Panda,46.7
2026-03-07 04:26:01,Full-Grown Giant Panda,61.9
2026-03-07 04:26:01,Full-Grown Giant Panda,58.99
2026-03-07 04:26:01,Teen Giant Panda,73.94
2026-03-07 04:26:01,Junior Giant Panda,61.62
2026-03-07 04:26:01,Pre-Teen Giant Panda,90.03
2026-03-07 04:26:01,Junior Giant Panda,62.85
2026-03-07 04:26:01,Luminous Giant Panda,199.99
2026-03-07 04:26:01,Teen Giant Panda,80.0
2026-03-07 05:41:38,Full-Grown Giant Panda,58.89
2026-03-07 05:41:38,Newborn Giant Panda,53.9
2026-03-07 05:41:38,Full-Grown Giant Panda,50.0
2026-03-07 05:41:38,Full-Grown Giant Panda,58.99
2026-03-07 05:41:38,Teen Giant Panda,73.94
2026-03-07 05:41:38,Junior Giant Panda,61.62
2026-03-07 05:41:38,Pre-Teen Giant Panda,90.03
2026-03-07 05:41:38,Junior Giant Panda,62.85
2026-03-07 05:41:38,Luminous Giant Panda,199.99
2026-03-07 05:41:38,Teen Giant Panda,80.0
2026-03-07 06:52:14,Full-Grown Giant Panda,58.89
2026-03-07 06:52:14,Newborn Giant Panda,53.79
2026-03-07 06:52:14,Full-Grown Giant Panda,57.0
2026-03-07 06:52:14,Full-Grown Giant Panda,56.0
2026-03-07 06:52:14,Teen Giant Panda,73.94
2026-03-07 06:52:14,Junior Giant Panda,61.62
2026-03-07 06:52:14,Pre-Teen Giant Panda,90.03
2026-03-07 06:52:14,Junior Giant Panda,62.85
2026-03-07 06:52:14,Luminous Giant Panda,199.99
2026-03-07 06:52:14,Teen Giant Panda,80.0
2026-03-07 07:35:00,Full-Grown Giant Panda,58.89
2026-03-07 07:35:00,Newborn Giant Panda,52.99
2026-03-07 07:35:00,Full-Grown Giant Panda,57.0
2026-03-07 07:35:00,Full-Grown Giant Panda,53.34
2026-03-07 07:35:00,Teen Giant Panda,73.94
2026-03-07 07:35:00,Junior Giant Panda,61.62
2026-03-07 07:35:00,Junior Giant Panda,62.85
2026-03-07 07:35:00,Pre-Teen Giant Panda,90.03
2026-03-07 07:35:00,Luminous Giant Panda,199.99
2026-03-07 07:35:00,Post-Teen Giant Panda,60.0
2026-03-07 08:39:21,Full-Grown Giant Panda,58.89
2026-03-07 08:39:21,Newborn Giant Panda,50.0
2026-03-07 08:39:21,Full-Grown Giant Panda,57.0
2026-03-07 08:39:21,Full-Grown Giant Panda,53.34
2026-03-07 08:39:21,Teen Giant Panda,73.94
2026-03-07 08:39:21,Junior Giant Panda,61.62
2026-03-07 08:39:21,Junior Giant Panda,62.85
2026-03-07 08:39:21,Luminous Giant Panda,199.99
2026-03-07 08:39:21,Pre-Teen Giant Panda,66.54
2026-03-07 08:39:21,Post-Teen Giant Panda,60.0
2026-03-07 09:36:00,Full-Grown Giant Panda,58.89
2026-03-07 09:36:00,Newborn Giant Panda,49.98
2026-03-07 09:36:00,Full-Grown Giant Panda,60.55
2026-03-07 09:36:00,Full-Grown Giant Panda,53.34
2026-03-07 09:36:00,Teen Giant Panda,73.94
2026-03-07 09:36:00,Junior Giant Panda,61.61
2026-03-07 09:36:00,Junior Giant Panda,62.85
2026-03-07 09:36:00,Pre-Teen Giant Panda,66.54
2026-03-07 09:36:00,Luminous Giant Panda,200.0
2026-03-07 09:36:00,Post-Teen Giant Panda,60.0
2026-03-07 10:30:59,Full-Grown Giant Panda,53.3
2026-03-07 10:30:59,Newborn Giant Panda,49.98
2026-03-07 10:30:59,Full-Grown Giant Panda,58.87
2026-03-07 10:30:59,Full-Grown Giant Panda,53.34
2026-03-07 10:30:59,Teen Giant Panda,73.94
2026-03-07 10:30:59,Junior Giant Panda,61.61
2026-03-07 10:30:59,Luminous Giant Panda,200.0
2026-03-07 10:30:59,Junior Giant Panda,62.85
2026-03-07 10:30:59,Pre-Teen Giant Panda,66.54
2026-03-07 10:30:59,Post-Teen Giant Panda,60.0
2026-03-07 11:26:49,Full-Grown Giant Panda,55.0
2026-03-07 11:26:49,Newborn Giant Panda,53.9
2026-03-07 11:26:49,Full-Grown Giant Panda,58.85
2026-03-07 11:26:49,Full-Grown Giant Panda,53.34
2026-03-07 11:26:49,Teen Giant Panda,73.94
2026-03-07 11:26:49,Junior Giant Panda,61.61
2026-03-07 11:26:49,Pre-Teen Giant Panda,66.54
2026-03-07 11:26:49,Luminous Giant Panda,246.99
2026-03-07 11:26:49,Junior Giant Panda,61.61
2026-03-07 11:26:49,Post-Teen Giant Panda,60.0
2026-03-07 13:00:28,Full-Grown Giant Panda,55.0
2026-03-07 13:00:28,Newborn Giant Panda,53.9
2026-03-07 13:00:28,Full-Grown Giant Panda,58.8
2026-03-07 13:00:28,Full-Grown Giant Panda,53.33
2026-03-07 13:00:28,Teen Giant Panda,57.22
2026-03-07 13:00:28,Junior Giant Panda,61.61
2026-03-07 13:00:28,Pre-Teen Giant Panda,66.54
2026-03-07 13:00:28,Luminous Giant Panda,246.99
2026-03-07 13:00:28,Junior Giant Panda,61.61
2026-03-07 13:00:28,Post-Teen Giant Panda,60.0
2026-03-07 13:46:41,Full-Grown Giant Panda,55.0
2026-03-07 13:46:41,Newborn Giant Panda,53.9
2026-03-07 13:46:41,Full-Grown Giant Panda,54.21
2026-03-07 13:46:41,Full-Grown Giant Panda,53.3
2026-03-07 13:46:41,Teen Giant Panda,57.22
2026-03-07 13:46:41,Junior Giant Panda,61.61
2026-03-07 13:46:41,Teen Giant Panda,64.99
2026-03-07 13:46:41,Luminous Giant Panda,246.99
2026-03-07 13:46:41,Junior Giant Panda,61.61
2026-03-07 13:46:41,Pre-Teen Giant Panda,66.54
2026-03-07 14:30:50,Full-Grown Giant Panda,55.0
2026-03-07 14:30:50,Newborn Giant Panda,53.9
2026-03-07 14:30:50,Full-Grown Giant Panda,54.21
2026-03-07 14:30:50,Full-Grown Giant Panda,57.0
2026-03-07 14:30:50,Teen Giant Panda,57.22
2026-03-07 14:30:50,Junior Giant Panda,61.61
2026-03-07 14:30:50,Newborn Giant Panda,51.47
2026-03-07 14:30:50,Teen Giant Panda,64.99
2026-03-07 14:30:50,Luminous Giant Panda,246.99
2026-03-07 14:30:50,Junior Giant Panda,61.61
2026-03-07 15:30:38,Full-Grown Giant Panda,55.0
2026-03-07 15:30:38,Newborn Giant Panda,53.8
2026-03-07 15:30:38,Full-Grown Giant Panda,58.8
2026-03-07 15:30:38,Full-Grown Giant Panda,57.0
2026-03-07 15:30:38,Teen Giant Panda,57.22
2026-03-07 15:30:38,Junior Giant Panda,61.61
2026-03-07 15:30:38,Teen Giant Panda,64.99
2026-03-07 15:30:38,Luminous Giant Panda,246.99
2026-03-07 15:30:38,Junior Giant Panda,61.61
2026-03-07 15:30:38,Pre-Teen Giant Panda,66.54
2026-03-07 16:35:57,Full-Grown Giant Panda,55.0
2026-03-07 16:35:57,Newborn Giant Panda,53.9
2026-03-07 16:35:57,Full-Grown Giant Panda,58.8
2026-03-07 16:35:57,Full-Grown Giant Panda,56.85
2026-03-07 16:35:57,Teen Giant Panda,57.22
2026-03-07 16:35:57,Junior Giant Panda,61.61
2026-03-07 16:35:57,Teen Giant Panda,64.99
2026-03-07 16:35:57,Junior Giant Panda,61.61
2026-03-07 16:35:57,Pre-Teen Giant Panda,66.54
2026-03-07 16:35:57,Luminous Giant Panda,246.9
2026-03-07 17:27:57,Full-Grown Giant Panda,55.0
2026-03-07 17:27:57,Newborn Giant Panda,53.9
2026-03-07 17:27:57,Full-Grown Giant Panda,58.8
2026-03-07 17:27:57,Full-Grown Giant Panda,55.0
2026-03-07 17:27:57,Teen Giant Panda,57.22
2026-03-07 17:27:57,Junior Giant Panda,61.61
2026-03-07 17:27:57,Teen Giant Panda,64.99
2026-03-07 17:27:57,Junior Giant Panda,61.61
2026-03-07 17:27:57,Pre-Teen Giant Panda,66.54
2026-03-07 17:27:57,Luminous Giant Panda,246.9
2026-03-07 18:42:27,Full-Grown Giant Panda,54.83
2026-03-07 18:42:27,Newborn Giant Panda,55.0
2026-03-07 18:42:27,Full-Grown Giant Panda,58.69
2026-03-07 18:42:27,Full-Grown Giant Panda,54.85
2026-03-07 18:42:27,Teen Giant Panda,57.22
2026-03-07 18:42:27,Junior Giant Panda,61.61
2026-03-07 18:42:27,Teen Giant Panda,64.99
2026-03-07 18:42:27,Junior Giant Panda,61.61
2026-03-07 18:42:27,Pre-Teen Giant Panda,66.54
2026-03-07 18:42:27,Luminous Giant Panda,246.9
2026-03-07 19:27:43,Full-Grown Giant Panda,54.67
2026-03-07 19:27:43,Newborn Giant Panda,54.99
2026-03-07 19:27:43,Full-Grown Giant Panda,58.69
2026-03-07 19:27:43,Full-Grown Giant Panda,54.67
2026-03-07 19:27:43,Teen Giant Panda,57.22
2026-03-07 19:27:43,Junior Giant Panda,61.61
2026-03-07 19:27:43,Teen Giant Panda,64.99
2026-03-07 19:27:43,Junior Giant Panda,61.61
2026-03-07 19:27:43,Pre-Teen Giant Panda,66.54
2026-03-07 19:27:43,Luminous Giant Panda,246.9
2026-03-07 20:33:24,Full-Grown Giant Panda,54.67
2026-03-07 20:33:24,Newborn Giant Panda,54.0
2026-03-07 20:33:24,Full-Grown Giant Panda,58.67
2026-03-07 20:33:24,Full-Grown Giant Panda,54.67
2026-03-07 20:33:24,Teen Giant Panda,73.94
2026-03-07 20:33:24,Junior Giant Panda,59.15
2026-03-07 20:33:24,Teen Giant Panda,64.99
2026-03-07 20:33:24,Junior Giant Panda,60.38
2026-03-07 20:33:24,Pre-Teen Giant Panda,66.54
2026-03-07 20:33:24,Luminous Giant Panda,246.9
2026-03-07 21:28:09,Full-Grown Giant Panda,53.9
2026-03-07 21:28:09,Newborn Giant Panda,53.99
2026-03-07 21:28:09,Full-Grown Giant Panda,58.64
2026-03-07 21:28:09,Full-Grown Giant Panda,54.62
2026-03-07 21:28:09,Junior Giant Panda,56.68
2026-03-07 21:28:09,Teen Giant Panda,73.94
2026-03-07 21:28:09,Teen Giant Panda,64.99
2026-03-07 21:28:09,Pre-Teen Giant Panda,66.54
2026-03-07 21:28:09,Junior Giant Panda,59.15
2026-03-07 21:28:09,Luminous Giant Panda,246.9
2026-03-07 22:30:24,Full-Grown Giant Panda,53.89
2026-03-07 22:30:24,Newborn Giant Panda,53.98
2026-03-07 22:30:24,Full-Grown Giant Panda,58.63
2026-03-07 22:30:24,Full-Grown Giant Panda,54.39
2026-03-07 22:30:24,Teen Giant Panda,73.94
2026-03-07 22:30:24,Junior Giant Panda,57.91
2026-03-07 22:30:24,Newborn Giant Panda,54.4
2026-03-07 22:30:24,Teen Giant Panda,64.99
2026-03-07 22:30:24,Pre-Teen Giant Panda,66.54
2026-03-07 22:30:24,Junior Giant Panda,59.15
2026-03-07 23:29:49,Full-Grown Giant Panda,53.89
2026-03-07 23:29:49,Newborn Giant Panda,53.88
2026-03-07 23:29:49,Full-Grown Giant Panda,58.6
2026-03-07 23:29:49,Full-Grown Giant Panda,54.36
2026-03-07 23:29:49,Teen Giant Panda,73.94
2026-03-07 23:29:49,Newborn Giant Panda,54.4
2026-03-07 23:29:49,Teen Giant Panda,64.99
2026-03-07 23:29:49,Junior Giant Panda,59.15
2026-03-07 23:29:49,Luminous Giant Panda,246.9
2026-03-07 23:29:49,Pre-Teen Giant Panda,66.5
2026-03-08 02:41:31,Full-Grown Giant Panda,53.0
2026-03-08 02:41:31,Newborn Giant Panda,53.0
2026-03-08 02:41:31,Full-Grown Giant Panda,53.99
2026-03-08 02:41:31,Full-Grown Giant Panda,54.0
2026-03-08 02:41:31,Newborn Giant Panda,57.99
2026-03-08 02:41:31,Teen Giant Panda,57.9
2026-03-08 02:41:31,Teen Giant Panda,64.99
2026-03-08 02:41:31,Pre-Teen Giant Panda,66.5
2026-03-08 02:41:31,Post-Teen Giant Panda,60.0
2026-03-08 02:41:31,Post-Teen Giant Panda,53.0
2026-03-08 04:48:43,Full-Grown Giant Panda,52.0
2026-03-08 04:48:43,Newborn Giant Panda,53.99
2026-03-08 04:48:43,Full-Grown Giant Panda,53.49
2026-03-08 04:48:43,Full-Grown Giant Panda,53.0
2026-03-08 04:48:43,Newborn Giant Panda,57.99
2026-03-08 04:48:43,Teen Giant Panda,57.9
2026-03-08 04:48:43,Teen Giant Panda,64.99
2026-03-08 04:48:43,Pre-Teen Giant Panda,66.5
2026-03-08 04:48:43,Post-Teen Giant Panda,60.0
2026-03-08 04:48:43,Post-Teen Giant Panda,52.0
2026-03-08 05:49:53,Full-Grown Giant Panda,52.0
2026-03-08 05:49:53,Newborn Giant Panda,53.0
2026-03-08 05:49:53,Full-Grown Giant Panda,53.49
2026-03-08 05:49:53,Full-Grown Giant Panda,53.0
2026-03-08 05:49:53,Newborn Giant Panda,57.99
2026-03-08 05:49:53,Teen Giant Panda,57.9
2026-03-08 05:49:53,Teen Giant Panda,64.99
2026-03-08 05:49:53,Post-Teen Giant Panda,60.0
2026-03-08 05:49:53,Pre-Teen Giant Panda,60.0
2026-03-08 05:49:53,Post-Teen Giant Panda,52.0
2026-03-08 06:53:45,Full-Grown Giant Panda,52.0
2026-03-08 06:53:45,Newborn Giant Panda,53.0
2026-03-08 06:53:45,Full-Grown Giant Panda,53.49
2026-03-08 06:53:45,Full-Grown Giant Panda,53.0
2026-03-08 06:53:45,Newborn Giant Panda,57.99
2026-03-08 06:53:45,Teen Giant Panda,57.9
2026-03-08 06:53:45,Teen Giant Panda,64.99
2026-03-08 06:53:45,Post-Teen Giant Panda,60.0
2026-03-08 06:53:45,Pre-Teen Giant Panda,60.0
2026-03-08 06:53:45,Post-Teen Giant Panda,52.0
2026-03-08 07:35:42,Full-Grown Giant Panda,51.74
2026-03-08 07:35:42,Newborn Giant Panda,52.0
2026-03-08 07:35:42,Full-Grown Giant Panda,53.33
2026-03-08 07:35:42,Full-Grown Giant Panda,52.67
2026-03-08 07:35:42,Newborn Giant Panda,57.99
2026-03-08 07:35:42,Teen Giant Panda,55.46
2026-03-08 07:35:42,Teen Giant Panda,64.99
2026-03-08 07:35:42,Post-Teen Giant Panda,60.0
2026-03-08 07:35:42,Pre-Teen Giant Panda,60.0
2026-03-08 07:35:42,Post-Teen Giant Panda,52.0
2026-03-08 08:39:17,Full-Grown Giant Panda,51.5
2026-03-08 08:39:17,Newborn Giant Panda,50.0
2026-03-08 08:39:17,Full-Grown Giant Panda,52.99
2026-03-08 08:39:17,Full-Grown Giant Panda,52.67
2026-03-08 08:39:17,Newborn Giant Panda,57.99
2026-03-08 08:39:17,Teen Giant Panda,55.46
2026-03-08 08:39:17,Teen Giant Panda,64.99
2026-03-08 08:39:17,Post-Teen Giant Panda,60.0
2026-03-08 08:39:17,Post-Teen Giant Panda,52.0
2026-03-08 08:39:17,Pre-Teen Giant Panda,58.0
2026-03-08 09:36:29,Full-Grown Giant Panda,49.98
2026-03-08 09:36:29,Newborn Giant Panda,49.99
2026-03-08 09:36:29,Full-Grown Giant Panda,52.9
2026-03-08 09:36:29,Full-Grown Giant Panda,52.67
2026-03-08 09:36:29,Newborn Giant Panda,57.99
2026-03-08 09:36:29,Teen Giant Panda,55.46
2026-03-08 09:36:29,Teen Giant Panda,64.99
2026-03-08 09:36:29,Post-Teen Giant Panda,60.0
2026-03-08 09:36:29,Pre-Teen Giant Panda,55.0
2026-03-08 09:36:29,Post-Teen Giant Panda,52.0
2026-03-08 10:32:34,Full-Grown Giant Panda,50.0
2026-03-08 10:32:34,Newborn Giant Panda,49.5
2026-03-08 10:32:34,Full-Grown Giant Panda,52.8
2026-03-08 10:32:34,Full-Grown Giant Panda,52.67
2026-03-08 10:32:34,Teen Giant Panda,55.46
2026-03-08 10:32:34,Newborn Giant Panda,51.99
2026-03-08 10:32:34,Teen Giant Panda,64.99
2026-03-08 10:32:34,Post-Teen Giant Panda,52.0
2026-03-08 10:32:34,Pre-Teen Giant Panda,55.0
2026-03-08 10:32:34,Post-Teen Giant Panda,60.0
2026-03-08 11:27:44,Full-Grown Giant Panda,50.0
2026-03-08 11:27:44,Newborn Giant Panda,48.0
2026-03-08 11:27:44,Full-Grown Giant Panda,52.8
2026-03-08 11:27:44,Full-Grown Giant Panda,52.6
2026-03-08 11:27:44,Newborn Giant Panda,51.99
2026-03-08 11:27:44,Teen Giant Panda,73.94
2026-03-08 11:27:44,Teen Giant Panda,64.99
2026-03-08 11:27:44,Post-Teen Giant Panda,52.0
2026-03-08 11:27:44,Pre-Teen Giant Panda,55.0
2026-03-08 11:27:44,Post-Teen Giant Panda,60.0
2026-03-08 13:01:56,Full-Grown Giant Panda,49.47
2026-03-08 13:01:56,Newborn Giant Panda,49.48
2026-03-08 13:01:56,Full-Grown Giant Panda,52.8
2026-03-08 13:01:56,Full-Grown Giant Panda,51.34
2026-03-08 13:01:56,Teen Giant Panda,73.94
2026-03-08 13:01:56,Newborn Giant Panda,51.99
2026-03-08 13:01:56,Teen Giant Panda,64.99
2026-03-08 13:01:56,Post-Teen Giant Panda,52.0
2026-03-08 13:01:56,Pre-Teen Giant Panda,55.0
2026-03-08 13:01:56,Post-Teen Giant Panda,60.0
2026-03-08 14:31:38,Full-Grown Giant Panda,49.47
2026-03-08 14:31:38,Newborn Giant Panda,49.46
2026-03-08 14:31:38,Full-Grown Giant Panda,50.18
2026-03-08 14:31:38,Full-Grown Giant Panda,51.34
2026-03-08 14:31:38,Junior Giant Panda,55.0
2026-03-08 14:31:38,Teen Giant Panda,73.94
2026-03-08 14:31:38,Newborn Giant Panda,51.99
2026-03-08 14:31:38,Teen Giant Panda,55.0
2026-03-08 14:31:38,Post-Teen Giant Panda,52.0
2026-03-08 14:31:38,Post-Teen Giant Panda,60.0
2026-03-08 15:30:59,Full-Grown Giant Panda,49.4
2026-03-08 15:30:59,Newborn Giant Panda,49.4
2026-03-08 15:30:59,Full-Grown Giant Panda,50.19
2026-03-08 15:30:59,Full-Grown Giant Panda,50.0
2026-03-08 15:30:59,Junior Giant Panda,55.0
2026-03-08 15:30:59,Teen Giant Panda,73.94
2026-03-08 15:30:59,Newborn Giant Panda,51.99
2026-03-08 15:30:59,Teen Giant Panda,55.0
2026-03-08 15:30:59,Post-Teen Giant Panda,60.0
2026-03-08 15:30:59,Pre-Teen Giant Panda,60.0
2026-03-08 16:37:28,Full-Grown Giant Panda,50.0
2026-03-08 16:37:28,Newborn Giant Panda,49.4
2026-03-08 16:37:28,Full-Grown Giant Panda,50.19
2026-03-08 16:37:28,Full-Grown Giant Panda,49.99
2026-03-08 16:37:28,Junior Giant Panda,55.0
2026-03-08 16:37:28,Teen Giant Panda,73.94
2026-03-08 16:37:28,Newborn Giant Panda,51.99
2026-03-08 16:37:28,Teen Giant Panda,55.0
2026-03-08 16:37:28,Post-Teen Giant Panda,49.4
2026-03-08 16:37:28,Pre-Teen Giant Panda,60.0
2026-03-08 17:29:10,Full-Grown Giant Panda,55.0
2026-03-08 17:29:10,Newborn Giant Panda,49.39
2026-03-08 17:29:10,Full-Grown Giant Panda,50.09
2026-03-08 17:29:10,Full-Grown Giant Panda,49.99
2026-03-08 17:29:10,Junior Giant Panda,55.0
2026-03-08 17:29:10,Teen Giant Panda,73.94
2026-03-08 17:29:10,Newborn Giant Panda,49.0
2026-03-08 17:29:10,Teen Giant Panda,55.0
2026-03-08 17:29:10,Post-Teen Giant Panda,60.0
2026-03-08 17:29:10,Pre-Teen Giant Panda,60.0
2026-03-08 18:43:08,Full-Grown Giant Panda,49.47
2026-03-08 18:43:08,Newborn Giant Panda,49.37
2026-03-08 18:43:08,Full-Grown Giant Panda,49.99
2026-03-08 18:43:08,Full-Grown Giant Panda,50.9
2026-03-08 18:43:08,Junior Giant Panda,49.36
2026-03-08 18:43:08,Teen Giant Panda,73.81
2026-03-08 18:43:08,Newborn Giant Panda,49.0
2026-03-08 18:43:08,Teen Giant Panda,55.0
2026-03-08 18:43:08,Post-Teen Giant Panda,60.0
2026-03-08 18:43:08,Pre-Teen Giant Panda,60.0
2026-03-08 19:29:51,Full-Grown Giant Panda,49.47
2026-03-08 19:29:51,Newborn Giant Panda,49.36
2026-03-08 19:29:51,Full-Grown Giant Panda,49.98
2026-03-08 19:29:51,Full-Grown Giant Panda,50.0
2026-03-08 19:29:51,Junior Giant Panda,49.36
2026-03-08 19:29:51,Teen Giant Panda,73.7
2026-03-08 19:29:51,Newborn Giant Panda,48.99
2026-03-08 19:29:51,Post-Teen Giant Panda,60.0
2026-03-08 19:29:51,Teen Giant Panda,55.0
2026-03-08 19:29:51,Pre-Teen Giant Panda,60.0
2026-03-08 20:34:54,Full-Grown Giant Panda,49.47
2026-03-08 20:34:54,Newborn Giant Panda,49.36
2026-03-08 20:34:54,Full-Grown Giant Panda,49.98
2026-03-08 20:34:54,Full-Grown Giant Panda,50.0
2026-03-08 20:34:54,Junior Giant Panda,49.36
2026-03-08 20:34:54,Teen Giant Panda,73.64
2026-03-08 20:34:54,Newborn Giant Panda,48.99
2026-03-08 20:34:54,Post-Teen Giant Panda,60.0
2026-03-08 20:34:54,Teen Giant Panda,48.1
2026-03-08 20:34:54,Pre-Teen Giant Panda,60.0
2026-03-08 21:30:34,Full-Grown Giant Panda,49.47
2026-03-08 21:30:34,Newborn Giant Panda,49.36
2026-03-08 21:30:34,Full-Grown Giant Panda,49.98
2026-03-08 21:30:34,Full-Grown Giant Panda,50.0
2026-03-08 21:30:34,Junior Giant Panda,49.36
2026-03-08 21:30:34,Teen Giant Panda,73.55
2026-03-08 21:30:34,Newborn Giant Panda,48.89
2026-03-08 21:30:34,Post-Teen Giant Panda,60.0
2026-03-08 21:30:34,Teen Giant Panda,55.0
2026-03-08 21:30:34,Pre-Teen Giant Panda,60.0
2026-03-08 22:31:16,Full-Grown Giant Panda,49.47
2026-03-08 22:31:16,Newborn Giant Panda,49.36
2026-03-08 22:31:16,Full-Grown Giant Panda,49.98
2026-03-08 22:31:16,Full-Grown Giant Panda,50.0
2026-03-08 22:31:16,Junior Giant Panda,49.36
2026-03-08 22:31:16,Teen Giant Panda,73.41
2026-03-08 22:31:16,Post-Teen Giant Panda,60.0
2026-03-08 22:31:16,Teen Giant Panda,48.1
2026-03-08 22:31:16,Pre-Teen Giant Panda,60.0
2026-03-08 22:31:16,Post-Teen Giant Panda,49.4
2026-03-08 23:31:43,Full-Grown Giant Panda,49.47
2026-03-08 23:31:43,Newborn Giant Panda,49.37
2026-03-08 23:31:43,Full-Grown Giant Panda,52.0
2026-03-08 23:31:43,Full-Grown Giant Panda,48.0
2026-03-08 23:31:43,Junior Giant Panda,49.36
2026-03-08 23:31:43,Newborn Giant Panda,57.9
2026-03-08 23:31:43,Teen Giant Panda,73.41
2026-03-08 23:31:43,Teen Giant Panda,48.1
2026-03-08 23:31:43,Post-Teen Giant Panda,60.0
2026-03-08 23:31:43,Pre-Teen Giant Panda,60.0
2026-03-09 02:43:00,Full-Grown Giant Panda,47.6
2026-03-09 02:43:00,Newborn Giant Panda,49.3
2026-03-09 02:43:00,Full-Grown Giant Panda,48.0
2026-03-09 02:43:00,Full-Grown Giant Panda,47.59
2026-03-09 02:43:00,Junior Giant Panda,49.29
2026-03-09 02:43:00,Newborn Giant Panda,57.9
2026-03-09 02:43:00,Teen Giant Panda,73.29
2026-03-09 02:43:00,Teen Giant Panda,52.0
2026-03-09 02:43:00,Pre-Teen Giant Panda,60.0
2026-03-09 02:43:00,Post-Teen Giant Panda,49.4
2026-03-09 04:58:11,Full-Grown Giant Panda,49.29
2026-03-09 04:58:11,Newborn Giant Panda,49.0
2026-03-09 04:58:11,Full-Grown Giant Panda,48.0
2026-03-09 04:58:11,Full-Grown Giant Panda,47.5
2026-03-09 04:58:11,Junior Giant Panda,49.29
2026-03-09 04:58:11,Newborn Giant Panda,57.9
2026-03-09 04:58:11,Teen Giant Panda,73.37
2026-03-09 04:58:11,Teen Giant Panda,52.0
2026-03-09 04:58:11,Post-Teen Giant Panda,49.0
2026-03-09 04:58:11,Pre-Teen Giant Panda,60.0
2026-03-09 06:05:30,Full-Grown Giant Panda,47.6
2026-03-09 06:05:30,Newborn Giant Panda,49.0
2026-03-09 06:05:30,Full-Grown Giant Panda,50.37
2026-03-09 06:05:30,Full-Grown Giant Panda,47.6
2026-03-09 06:05:30,Junior Giant Panda,49.3
2026-03-09 06:05:30,Newborn Giant Panda,57.9
2026-03-09 06:05:30,Teen Giant Panda,73.59
2026-03-09 06:05:30,Teen Giant Panda,52.0
2026-03-09 06:05:30,Pre-Teen Giant Panda,60.0
2026-03-09 06:05:30,Post-Teen Giant Panda,49.0
2026-03-09 07:53:29,Full-Grown Giant Panda,47.6
2026-03-09 07:53:29,Newborn Giant Panda,47.37
2026-03-09 07:53:29,Full-Grown Giant Panda,50.37
2026-03-09 07:53:29,Full-Grown Giant Panda,47.6
2026-03-09 07:53:29,Junior Giant Panda,49.29
2026-03-09 07:53:29,Newborn Giant Panda,57.9
2026-03-09 07:53:29,Teen Giant Panda,73.56
2026-03-09 07:53:29,Teen Giant Panda,49.6
2026-03-09 07:53:29,Post-Teen Giant Panda,49.0
2026-03-09 07:53:29,Post-Teen Giant Panda,60.0
2026-03-09 08:54:29,Full-Grown Giant Panda,47.6
2026-03-09 08:54:29,Newborn Giant Panda,47.37
2026-03-09 08:54:29,Full-Grown Giant Panda,50.37
2026-03-09 08:54:29,Full-Grown Giant Panda,47.6
2026-03-09 08:54:29,Junior Giant Panda,49.29
2026-03-09 08:54:29,Newborn Giant Panda,57.9
2026-03-09 08:54:29,Teen Giant Panda,73.31
2026-03-09 08:54:29,Teen Giant Panda,49.6
2026-03-09 08:54:29,Post-Teen Giant Panda,49.0
2026-03-09 08:54:29,Post-Teen Giant Panda,60.0
2026-03-09 09:59:54,Full-Grown Giant Panda,47.6
2026-03-09 09:59:54,Newborn Giant Panda,47.37
2026-03-09 09:59:54,Full-Grown Giant Panda,50.37
2026-03-09 09:59:54,Full-Grown Giant Panda,47.6
2026-03-09 09:59:54,Junior Giant Panda,49.29
2026-03-09 09:59:54,Newborn Giant Panda,57.9
2026-03-09 09:59:54,Teen Giant Panda,73.58
2026-03-09 09:59:54,Teen Giant Panda,49.6
2026-03-09 09:59:54,Post-Teen Giant Panda,49.0
2026-03-09 09:59:54,Post-Teen Giant Panda,60.0
2026-03-09 10:58:14,Full-Grown Giant Panda,47.6
2026-03-09 10:58:14,Newborn Giant Panda,47.37
2026-03-09 10:58:14,Full-Grown Giant Panda,50.37
2026-03-09 10:58:14,Full-Grown Giant Panda,47.6
2026-03-09 10:58:14,Junior Giant Panda,49.29
2026-03-09 10:58:14,Newborn Giant Panda,57.9
2026-03-09 10:58:14,Teen Giant Panda,73.58
2026-03-09 10:58:14,Teen Giant Panda,49.6
2026-03-09 10:58:14,Post-Teen Giant Panda,49.0
2026-03-09 10:58:14,Post-Teen Giant Panda,60.0
2026-03-09 11:41:10,Full-Grown Giant Panda,47.6
2026-03-09 11:41:10,Newborn Giant Panda,47.37
2026-03-09 11:41:10,Full-Grown Giant Panda,50.37
2026-03-09 11:41:10,Full-Grown Giant Panda,47.6
2026-03-09 11:41:10,Junior Giant Panda,49.29
2026-03-09 11:41:10,Newborn Giant Panda,57.9
2026-03-09 11:41:10,Teen Giant Panda,73.59
2026-03-09 11:41:10,Teen Giant Panda,49.6
2026-03-09 11:41:10,Post-Teen Giant Panda,49.0
2026-03-09 11:41:10,Post-Teen Giant Panda,60.0
2026-03-09 13:18:31,Full-Grown Giant Panda,47.6
2026-03-09 13:18:31,Newborn Giant Panda,47.37
2026-03-09 13:18:31,Full-Grown Giant Panda,50.37
2026-03-09 13:18:31,Full-Grown Giant Panda,47.6
2026-03-09 13:18:31,Junior Giant Panda,49.29
2026-03-09 13:18:31,Newborn Giant Panda,57.9
2026-03-09 13:18:31,Teen Giant Panda,73.55
2026-03-09 13:18:31,Teen Giant Panda,49.6
2026-03-09 13:18:31,Post-Teen Giant Panda,49.0
2026-03-09 13:18:31,Post-Teen Giant Panda,60.0
2026-03-09 14:58:34,Full-Grown Giant Panda,47.6
2026-03-09 14:58:34,Newborn Giant Panda,47.37
2026-03-09 14:58:34,Full-Grown Giant Panda,52.64
2026-03-09 14:58:34,Full-Grown Giant Panda,47.6
2026-03-09 14:58:34,Junior Giant Panda,49.29
2026-03-09 14:58:34,Newborn Giant Panda,57.9
2026-03-09 14:58:34,Teen Giant Panda,73.62
2026-03-09 14:58:34,Post-Teen Giant Panda,49.0
2026-03-09 14:58:34,Teen Giant Panda,49.6
2026-03-09 14:58:34,Post-Teen Giant Panda,60.0
2026-03-09 16:07:06,Full-Grown Giant Panda,47.6
2026-03-09 16:07:06,Newborn Giant Panda,47.37
2026-03-09 16:07:06,Full-Grown Giant Panda,52.74
2026-03-09 16:07:06,Full-Grown Giant Panda,47.6
2026-03-09 16:07:06,Junior Giant Panda,49.29
2026-03-09 16:07:06,Newborn Giant Panda,57.9
2026-03-09 16:07:06,Teen Giant Panda,73.75
2026-03-09 16:07:06,Post-Teen Giant Panda,49.0
2026-03-09 16:07:06,Teen Giant Panda,52.0
2026-03-09 16:07:06,Post-Teen Giant Panda,60.0
2026-03-09 17:52:05,Full-Grown Giant Panda,48.73
2026-03-09 17:52:05,Newborn Giant Panda,47.37
2026-03-09 17:52:05,Full-Grown Giant Panda,52.7
2026-03-09 17:52:05,Full-Grown Giant Panda,47.6
2026-03-09 17:52:05,Junior Giant Panda,49.29
2026-03-09 17:52:05,Newborn Giant Panda,57.9
2026-03-09 17:52:05,Teen Giant Panda,73.72
2026-03-09 17:52:05,Teen Giant Panda,52.0
2026-03-09 17:52:05,Post-Teen Giant Panda,49.0
2026-03-09 17:52:05,Post-Teen Giant Panda,48.1
2026-03-09 19:01:58,Full-Grown Giant Panda,47.36
2026-03-09 19:01:58,Newborn Giant Panda,47.37
2026-03-09 19:01:58,Full-Grown Giant Panda,47.99
2026-03-09 19:01:58,Full-Grown Giant Panda,47.6
2026-03-09 19:01:58,Junior Giant Panda,49.29
2026-03-09 19:01:58,Newborn Giant Panda,57.9
2026-03-09 19:01:58,Teen Giant Panda,73.69
2026-03-09 19:01:58,Post-Teen Giant Panda,49.0
2026-03-09 19:01:58,Teen Giant Panda,49.6
2026-03-09 19:01:58,Post-Teen Giant Panda,48.1
2026-03-09 20:41:49,Full-Grown Giant Panda,48.8
2026-03-09 20:41:49,Newborn Giant Panda,47.37
2026-03-09 20:41:49,Full-Grown Giant Panda,50.68
2026-03-09 20:41:49,Full-Grown Giant Panda,47.6
2026-03-09 20:41:49,Junior Giant Panda,49.28
2026-03-09 20:41:49,Newborn Giant Panda,57.9
2026-03-09 20:41:49,Teen Giant Panda,73.94
2026-03-09 20:41:49,Teen Giant Panda,51.74
2026-03-09 20:41:49,Post-Teen Giant Panda,49.0
2026-03-09 20:41:49,Post-Teen Giant Panda,47.36
2026-03-09 21:39:21,Full-Grown Giant Panda,48.79
2026-03-09 21:39:21,Newborn Giant Panda,47.37
2026-03-09 21:39:21,Full-Grown Giant Panda,50.65
2026-03-09 21:39:21,Full-Grown Giant Panda,47.6
2026-03-09 21:39:21,Junior Giant Panda,49.28
2026-03-09 21:39:21,Newborn Giant Panda,57.9
2026-03-09 21:39:21,Teen Giant Panda,74.05
2026-03-09 21:39:21,Teen Giant Panda,51.82
2026-03-09 21:39:21,Post-Teen Giant Panda,48.79
2026-03-09 21:39:21,Post-Teen Giant Panda,47.36
2026-03-09 22:39:28,Full-Grown Giant Panda,47.2
2026-03-09 22:39:28,Newborn Giant Panda,47.2
2026-03-09 22:39:28,Full-Grown Giant Panda,50.65
2026-03-09 22:39:28,Full-Grown Giant Panda,47.2
2026-03-09 22:39:28,Junior Giant Panda,47.2
2026-03-09 22:39:28,Newborn Giant Panda,57.9
2026-03-09 22:39:28,Teen Giant Panda,74.08
2026-03-09 22:39:28,Post-Teen Giant Panda,48.79
2026-03-09 22:39:28,Pre-Teen Giant Panda,65.0
2026-03-09 22:39:28,Teen Giant Panda,51.0
2026-03-09 23:34:54,Full-Grown Giant Panda,47.2
2026-03-09 23:34:54,Newborn Giant Panda,47.2
2026-03-09 23:34:54,Full-Grown Giant Panda,50.65
2026-03-09 23:34:54,Full-Grown Giant Panda,47.2
2026-03-09 23:34:54,Junior Giant Panda,47.2
2026-03-09 23:34:54,Newborn Giant Panda,57.9
2026-03-09 23:34:54,Teen Giant Panda,74.0
2026-03-09 23:34:54,Pre-Teen Giant Panda,65.0
2026-03-09 23:34:54,Teen Giant Panda,51.0
2026-03-09 23:34:54,Post-Teen Giant Panda,49.0
2026-03-10 02:34:07,Full-Grown Giant Panda,47.2
2026-03-10 02:34:07,Newborn Giant Panda,47.0
2026-03-10 02:34:07,Full-Grown Giant Panda,51.73
2026-03-10 02:34:07,Full-Grown Giant Panda,47.2
2026-03-10 02:34:07,Newborn Giant Panda,57.9
2026-03-10 02:34:07,Junior Giant Panda,47.2
2026-03-10 02:34:07,Teen Giant Panda,51.0
2026-03-10 02:34:07,Teen Giant Panda,73.97
2026-03-10 02:34:07,Pre-Teen Giant Panda,65.0
2026-03-10 02:34:07,Post-Teen Giant Panda,60.0
2026-03-10 04:47:28,Full-Grown Giant Panda,47.19
2026-03-10 04:47:28,Newborn Giant Panda,47.0
2026-03-10 04:47:28,Full-Grown Giant Panda,51.5
2026-03-10 04:47:28,Full-Grown Giant Panda,47.15
2026-03-10 04:47:28,Newborn Giant Panda,50.0
2026-03-10 04:47:28,Teen Giant Panda,51.0
2026-03-10 04:47:28,Teen Giant Panda,73.89
2026-03-10 04:47:28,Junior Giant Panda,47.2
2026-03-10 04:47:28,Post-Teen Giant Panda,60.0
2026-03-10 04:47:28,Pre-Teen Giant Panda,65.0
2026-03-10 05:52:15,Full-Grown Giant Panda,47.18
2026-03-10 05:52:15,Newborn Giant Panda,47.2
2026-03-10 05:52:15,Full-Grown Giant Panda,51.5
2026-03-10 05:52:15,Full-Grown Giant Panda,47.15
2026-03-10 05:52:15,Newborn Giant Panda,50.0
2026-03-10 05:52:15,Teen Giant Panda,51.0
2026-03-10 05:52:15,Teen Giant Panda,73.94
2026-03-10 05:52:15,Junior Giant Panda,47.19
2026-03-10 05:52:15,Post-Teen Giant Panda,65.0
2026-03-10 05:52:15,Pre-Teen Giant Panda,65.0
2026-03-10 06:59:51,Full-Grown Giant Panda,47.18
2026-03-10 06:59:51,Newborn Giant Panda,47.2
2026-03-10 06:59:51,Full-Grown Giant Panda,51.5
2026-03-10 06:59:51,Full-Grown Giant Panda,47.15
2026-03-10 06:59:51,Newborn Giant Panda,50.0
2026-03-10 06:59:51,Teen Giant Panda,74.05
2026-03-10 06:59:51,Post-Teen Giant Panda,65.0
2026-03-10 06:59:51,Junior Giant Panda,47.19
2026-03-10 06:59:51,Teen Giant Panda,49.6
2026-03-10 06:59:51,Pre-Teen Giant Panda,65.0
2026-03-10 07:50:04,Full-Grown Giant Panda,47.18
2026-03-10 07:50:04,Newborn Giant Panda,47.0
2026-03-10 07:50:04,Full-Grown Giant Panda,51.5
2026-03-10 07:50:04,Full-Grown Giant Panda,47.15
2026-03-10 07:50:04,Newborn Giant Panda,50.0
2026-03-10 07:50:04,Teen Giant Panda,74.09
2026-03-10 07:50:04,Post-Teen Giant Panda,65.0
2026-03-10 07:50:04,Junior Giant Panda,47.19
2026-03-10 07:50:04,Teen Giant Panda,49.6
2026-03-10 07:50:04,Pre-Teen Giant Panda,65.0
2026-03-10 08:53:58,Full-Grown Giant Panda,47.18
2026-03-10 08:53:58,Newborn Giant Panda,47.2
2026-03-10 08:53:58,Full-Grown Giant Panda,51.5
2026-03-10 08:53:58,Full-Grown Giant Panda,47.06
2026-03-10 08:53:58,Newborn Giant Panda,50.0
2026-03-10 08:53:58,Teen Giant Panda,74.16
2026-03-10 08:53:58,Post-Teen Giant Panda,65.0
2026-03-10 08:53:58,Junior Giant Panda,47.19
2026-03-10 08:53:58,Teen Giant Panda,49.6
2026-03-10 08:53:58,Pre-Teen Giant Panda,65.0
2026-03-10 09:53:52,Full-Grown Giant Panda,47.2
2026-03-10 09:53:52,Newborn Giant Panda,47.2
2026-03-10 09:53:52,Full-Grown Giant Panda,51.5
2026-03-10 09:53:52,Full-Grown Giant Panda,47.06
2026-03-10 09:53:52,Newborn Giant Panda,50.0
2026-03-10 09:53:52,Teen Giant Panda,74.17
2026-03-10 09:53:52,Post-Teen Giant Panda,65.0
2026-03-10 09:53:52,Junior Giant Panda,47.19
2026-03-10 09:53:52,Teen Giant Panda,51.0
2026-03-10 09:53:52,Pre-Teen Giant Panda,65.0
2026-03-10 10:50:43,Full-Grown Giant Panda,47.2
2026-03-10 10:50:43,Newborn Giant Panda,45.0
2026-03-10 10:50:43,Full-Grown Giant Panda,51.2
2026-03-10 10:50:43,Full-Grown Giant Panda,47.06
2026-03-10 10:50:43,Newborn Giant Panda,50.0
2026-03-10 10:50:43,Teen Giant Panda,74.02
2026-03-10 10:50:43,Post-Teen Giant Panda,65.0
2026-03-10 10:50:43,Junior Giant Panda,47.19
2026-03-10 10:50:43,Teen Giant Panda,51.0
2026-03-10 10:50:43,Pre-Teen Giant Panda,65.0
2026-03-10 11:38:27,Full-Grown Giant Panda,47.2
2026-03-10 11:38:27,Newborn Giant Panda,45.0
2026-03-10 11:38:27,Full-Grown Giant Panda,49.4
2026-03-10 11:38:27,Full-Grown Giant Panda,47.06
2026-03-10 11:38:27,Newborn Giant Panda,50.0
2026-03-10 11:38:27,Teen Giant Panda,74.09
2026-03-10 11:38:27,Post-Teen Giant Panda,65.0
2026-03-10 11:38:27,Junior Giant Panda,47.19
2026-03-10 11:38:27,Teen Giant Panda,51.0
2026-03-10 11:38:27,Pre-Teen Giant Panda,65.0
2026-03-10 13:16:01,Full-Grown Giant Panda,47.2
2026-03-10 13:16:01,Newborn Giant Panda,47.2
2026-03-10 13:16:01,Full-Grown Giant Panda,49.38
2026-03-10 13:16:01,Full-Grown Giant Panda,47.03
2026-03-10 13:16:01,Newborn Giant Panda,50.0
2026-03-10 13:16:01,Teen Giant Panda,74.05
2026-03-10 13:16:01,Post-Teen Giant Panda,65.0
2026-03-10 13:16:01,Junior Giant Panda,47.19
2026-03-10 13:16:01,Teen Giant Panda,51.0
2026-03-10 13:16:01,Pre-Teen Giant Panda,65.0
2026-03-10 15:06:10,Full-Grown Giant Panda,47.2
2026-03-10 15:06:10,Newborn Giant Panda,47.2
2026-03-10 15:06:10,Full-Grown Giant Panda,49.0
2026-03-10 15:06:10,Full-Grown Giant Panda,46.67
2026-03-10 15:06:10,Newborn Giant Panda,50.0
2026-03-10 15:06:10,Teen Giant Panda,51.0
2026-03-10 15:06:10,Teen Giant Panda,74.12
2026-03-10 15:06:10,Post-Teen Giant Panda,65.0
2026-03-10 15:06:10,Junior Giant Panda,47.2
2026-03-10 15:06:10,Pre-Teen Giant Panda,65.0
2026-03-10 16:07:32,Full-Grown Giant Panda,47.2
2026-03-10 16:07:32,Newborn Giant Panda,47.2
2026-03-10 16:07:32,Full-Grown Giant Panda,49.0
2026-03-10 16:07:32,Full-Grown Giant Panda,46.5
2026-03-10 16:07:32,Newborn Giant Panda,50.0
2026-03-10 16:07:32,Junior Giant Panda,47.2
2026-03-10 16:07:32,Teen Giant Panda,51.0
2026-03-10 16:07:32,Teen Giant Panda,74.11
2026-03-10 16:07:32,Post-Teen Giant Panda,65.0
2026-03-10 16:07:32,Pre-Teen Giant Panda,65.0
2026-03-10 17:52:50,Full-Grown Giant Panda,47.2
2026-03-10 17:52:50,Newborn Giant Panda,47.2
2026-03-10 17:52:50,Full-Grown Giant Panda,50.58
2026-03-10 17:52:50,Full-Grown Giant Panda,45.0
2026-03-10 17:52:50,Newborn Giant Panda,50.0
2026-03-10 17:52:50,Junior Giant Panda,47.2
2026-03-10 17:52:50,Teen Giant Panda,51.0
2026-03-10 17:52:50,Teen Giant Panda,74.11
2026-03-10 17:52:50,Pre-Teen Giant Panda,65.0
2026-03-10 17:52:50,Newborn Giant Panda,54.31
2026-03-10 18:59:58,Full-Grown Giant Panda,47.2
2026-03-10 18:59:58,Newborn Giant Panda,47.2
2026-03-10 18:59:58,Full-Grown Giant Panda,50.58
2026-03-10 18:59:58,Full-Grown Giant Panda,46.0
2026-03-10 18:59:58,Newborn Giant Panda,50.0
2026-03-10 18:59:58,Junior Giant Panda,47.2
2026-03-10 18:59:58,Teen Giant Panda,51.0
2026-03-10 18:59:58,Teen Giant Panda,74.02
2026-03-10 18:59:58,Pre-Teen Giant Panda,65.0
2026-03-10 18:59:58,Newborn Giant Panda,54.23
2026-03-10 19:45:05,Full-Grown Giant Panda,45.0
2026-03-10 19:45:05,Newborn Giant Panda,47.2
2026-03-10 19:45:05,Full-Grown Giant Panda,50.58
2026-03-10 19:45:05,Full-Grown Giant Panda,46.67
2026-03-10 19:45:05,Newborn Giant Panda,50.0
2026-03-10 19:45:05,Junior Giant Panda,47.2
2026-03-10 19:45:05,Teen Giant Panda,51.0
2026-03-10 19:45:05,Teen Giant Panda,73.9
2026-03-10 19:45:05,Pre-Teen Giant Panda,65.0
2026-03-10 19:45:05,Luminous Giant Panda,196.49
2026-03-10 20:41:26,Full-Grown Giant Panda,47.0
2026-03-10 20:41:26,Newborn Giant Panda,47.2
2026-03-10 20:41:26,Full-Grown Giant Panda,50.58
2026-03-10 20:41:26,Full-Grown Giant Panda,46.67
2026-03-10 20:41:26,Newborn Giant Panda,50.0
2026-03-10 20:41:26,Junior Giant Panda,47.2
2026-03-10 20:41:26,Teen Giant Panda,73.9
2026-03-10 20:41:26,Teen Giant Panda,51.0
2026-03-10 20:41:26,Pre-Teen Giant Panda,65.0
2026-03-10 20:41:26,Post-Teen Giant Panda,58.16
2026-03-10 21:35:27,Full-Grown Giant Panda,47.0
2026-03-10 21:35:27,Newborn Giant Panda,47.2
2026-03-10 21:35:27,Full-Grown Giant Panda,50.58
2026-03-10 21:35:27,Full-Grown Giant Panda,46.67
2026-03-10 21:35:27,Newborn Giant Panda,50.0
2026-03-10 21:35:27,Junior Giant Panda,47.2
2026-03-10 21:35:27,Teen Giant Panda,51.0
2026-03-10 21:35:27,Teen Giant Panda,73.88
2026-03-10 21:35:27,Pre-Teen Giant Panda,65.0
2026-03-10 21:35:27,Post-Teen Giant Panda,58.16
2026-03-10 22:35:56,Full-Grown Giant Panda,47.2
2026-03-10 22:35:56,Newborn Giant Panda,47.2
2026-03-10 22:35:56,Full-Grown Giant Panda,50.58
2026-03-10 22:35:56,Full-Grown Giant Panda,46.67
2026-03-10 22:35:56,Newborn Giant Panda,50.0
2026-03-10 22:35:56,Junior Giant Panda,47.2
2026-03-10 22:35:56,Teen Giant Panda,51.0
2026-03-10 22:35:56,Teen Giant Panda,73.88
2026-03-10 22:35:56,Pre-Teen Giant Panda,65.0
2026-03-10 22:35:56,Luminous Giant Panda,197.0
2026-03-10 23:34:27,Full-Grown Giant Panda,47.2
2026-03-10 23:34:27,Newborn Giant Panda,47.2
2026-03-10 23:34:27,Full-Grown Giant Panda,50.58
2026-03-10 23:34:27,Full-Grown Giant Panda,47.0
2026-03-10 23:34:27,Newborn Giant Panda,50.0
2026-03-10 23:34:27,Junior Giant Panda,47.2
2026-03-10 23:34:27,Teen Giant Panda,51.0
2026-03-10 23:34:27,Teen Giant Panda,73.88
2026-03-10 23:34:27,Pre-Teen Giant Panda,65.0
2026-03-10 23:34:27,Luminous Giant Panda,197.01
2026-03-11 02:33:11,Full-Grown Giant Panda,47.2
2026-03-11 02:33:11,Newborn Giant Panda,47.2
2026-03-11 02:33:11,Full-Grown Giant Panda,47.0
2026-03-11 02:33:11,Full-Grown Giant Panda,47.0
2026-03-11 02:33:11,Newborn Giant Panda,50.0
2026-03-11 02:33:11,Junior Giant Panda,47.2
2026-03-11 02:33:11,Luminous Giant Panda,197.27
2026-03-11 02:33:11,Teen Giant Panda,51.0
2026-03-11 02:33:11,Post-Teen Giant Panda,51.99
2026-03-11 02:33:11,Post-Teen Giant Panda,50.0
2026-03-11 04:48:37,Full-Grown Giant Panda,46.88
2026-03-11 04:48:37,Newborn Giant Panda,47.2
2026-03-11 04:48:37,Full-Grown Giant Panda,49.6
2026-03-11 04:48:37,Full-Grown Giant Panda,47.0
2026-03-11 04:48:37,Newborn Giant Panda,49.0
2026-03-11 04:48:37,Junior Giant Panda,47.2
2026-03-11 04:48:37,Post-Teen Giant Panda,51.99
2026-03-11 04:48:37,Teen Giant Panda,51.0
2026-03-11 04:48:37,Teen Giant Panda,47.2
2026-03-11 04:48:37,Luminous Giant Panda,197.37
2026-03-11 05:55:16,Full-Grown Giant Panda,48.0
2026-03-11 05:55:16,Newborn Giant Panda,47.2
2026-03-11 05:55:16,Full-Grown Giant Panda,49.6
2026-03-11 05:55:16,Full-Grown Giant Panda,47.0
2026-03-11 05:55:16,Newborn Giant Panda,49.0
2026-03-11 05:55:16,Junior Giant Panda,47.2
2026-03-11 05:55:16,Post-Teen Giant Panda,51.99
2026-03-11 05:55:16,Teen Giant Panda,51.0
2026-03-11 05:55:16,Teen Giant Panda,47.2
2026-03-11 05:55:16,Luminous Giant Panda,197.39
2026-03-11 07:03:25,Full-Grown Giant Panda,48.0
2026-03-11 07:03:25,Newborn Giant Panda,47.2
2026-03-11 07:03:25,Full-Grown Giant Panda,49.6
2026-03-11 07:03:25,Full-Grown Giant Panda,47.0
2026-03-11 07:03:25,Newborn Giant Panda,49.0
2026-03-11 07:03:25,Junior Giant Panda,47.2
2026-03-11 07:03:25,Post-Teen Giant Panda,51.99
2026-03-11 07:03:25,Teen Giant Panda,51.0
2026-03-11 07:03:25,Teen Giant Panda,47.2
2026-03-11 07:03:25,Luminous Giant Panda,197.4
2026-03-11 08:53:15,Full-Grown Giant Panda,48.0
2026-03-11 08:53:15,Newborn Giant Panda,47.2
2026-03-11 08:53:15,Full-Grown Giant Panda,49.0
2026-03-11 08:53:15,Full-Grown Giant Panda,47.0
2026-03-11 08:53:15,Newborn Giant Panda,49.0
2026-03-11 08:53:15,Junior Giant Panda,51.52
2026-03-11 08:53:15,Post-Teen Giant Panda,51.99
2026-03-11 08:53:15,Teen Giant Panda,47.2
2026-03-11 08:53:15,Luminous Giant Panda,197.0
2026-03-11 08:53:15,Pre-Teen Giant Panda,49.96
2026-03-11 09:52:40,Full-Grown Giant Panda,48.0
2026-03-11 09:52:40,Newborn Giant Panda,47.2
2026-03-11 09:52:40,Full-Grown Giant Panda,49.6
2026-03-11 09:52:40,Full-Grown Giant Panda,47.0
2026-03-11 09:52:40,Newborn Giant Panda,49.0
2026-03-11 09:52:40,Junior Giant Panda,51.52
2026-03-11 09:52:40,Teen Giant Panda,47.2
2026-03-11 09:52:40,Post-Teen Giant Panda,51.99
2026-03-11 09:52:40,Luminous Giant Panda,195.77
2026-03-11 09:52:40,Teen Giant Panda,49.0
2026-03-11 10:50:17,Full-Grown Giant Panda,48.0
2026-03-11 10:50:17,Newborn Giant Panda,47.2
2026-03-11 10:50:17,Full-Grown Giant Panda,49.0
2026-03-11 10:50:17,Full-Grown Giant Panda,47.0
2026-03-11 10:50:17,Newborn Giant Panda,49.0
2026-03-11 10:50:17,Junior Giant Panda,51.52
2026-03-11 10:50:17,Post-Teen Giant Panda,48.79
2026-03-11 10:50:17,Luminous Giant Panda,195.77
2026-03-11 10:50:17,Teen Giant Panda,50.99
2026-03-11 10:50:17,Teen Giant Panda,47.2
2026-03-11 11:38:52,Full-Grown Giant Panda,48.0
2026-03-11 11:38:52,Newborn Giant Panda,47.2
2026-03-11 11:38:52,Full-Grown Giant Panda,49.6
2026-03-11 11:38:52,Full-Grown Giant Panda,47.0
2026-03-11 11:38:52,Newborn Giant Panda,49.0
2026-03-11 11:38:52,Junior Giant Panda,51.52
2026-03-11 11:38:52,Post-Teen Giant Panda,48.79
2026-03-11 11:38:52,Teen Giant Panda,47.2
2026-03-11 11:38:52,Post-Teen Giant Panda,48.79
2026-03-11 11:38:52,Pre-Teen Giant Panda,49.96
2026-03-11 13:15:44,Full-Grown Giant Panda,47.5
2026-03-11 13:15:44,Newborn Giant Panda,47.2
2026-03-11 13:15:44,Full-Grown Giant Panda,48.5
2026-03-11 13:15:44,Full-Grown Giant Panda,47.0
2026-03-11 13:15:44,Newborn Giant Panda,48.0
2026-03-11 13:15:44,Junior Giant Panda,51.52
2026-03-11 13:15:44,Post-Teen Giant Panda,48.79
2026-03-11 13:15:44,Teen Giant Panda,47.2
2026-03-11 13:15:44,Post-Teen Giant Panda,48.79
2026-03-11 13:15:44,Pre-Teen Giant Panda,49.96
2026-03-11 14:54:27,Full-Grown Giant Panda,47.5
2026-03-11 14:54:27,Newborn Giant Panda,47.2
2026-03-11 14:54:27,Full-Grown Giant Panda,48.5
2026-03-11 14:54:27,Full-Grown Giant Panda,47.0
2026-03-11 14:54:27,Newborn Giant Panda,48.0
2026-03-11 14:54:27,Junior Giant Panda,51.52
2026-03-11 14:54:27,Post-Teen Giant Panda,48.79
2026-03-11 14:54:27,Teen Giant Panda,47.2
2026-03-11 14:54:27,Post-Teen Giant Panda,48.79
2026-03-11 14:54:27,Teen Giant Panda,47.9
2026-03-11 15:56:03,Full-Grown Giant Panda,47.5
2026-03-11 15:56:03,Newborn Giant Panda,47.0
2026-03-11 15:56:03,Full-Grown Giant Panda,47.98
2026-03-11 15:56:03,Full-Grown Giant Panda,47.0
2026-03-11 15:56:03,Newborn Giant Panda,48.0
2026-03-11 15:56:03,Junior Giant Panda,51.52
2026-03-11 15:56:03,Post-Teen Giant Panda,48.79
2026-03-11 15:56:03,Teen Giant Panda,47.2
2026-03-11 15:56:03,Post-Teen Giant Panda,48.79
2026-03-11 15:56:03,Pre-Teen Giant Panda,49.96
2026-03-11 17:01:32,Full-Grown Giant Panda,47.5
2026-03-11 17:01:32,Newborn Giant Panda,47.0
2026-03-11 17:01:32,Full-Grown Giant Panda,47.98
2026-03-11 17:01:32,Full-Grown Giant Panda,47.0
2026-03-11 17:01:32,Newborn Giant Panda,48.0
2026-03-11 17:01:32,Post-Teen Giant Panda,48.79
2026-03-11 17:01:32,Pre-Teen Giant Panda,49.96
2026-03-11 17:01:32,Teen Giant Panda,47.2
2026-03-11 17:01:32,Luminous Giant Panda,194.3
2026-03-11 17:01:32,Teen Giant Panda,47.99
2026-03-11 19:01:11,Full-Grown Giant Panda,47.5
2026-03-11 19:01:11,Newborn Giant Panda,47.2
2026-03-11 19:01:11,Full-Grown Giant Panda,48.5
2026-03-11 19:01:11,Full-Grown Giant Panda,47.0
2026-03-11 19:01:11,Newborn Giant Panda,48.0
2026-03-11 19:01:11,Post-Teen Giant Panda,48.79
2026-03-11 19:01:11,Post-Teen Giant Panda,48.79
2026-03-11 19:01:11,Teen Giant Panda,47.5
2026-03-11 19:01:11,Teen Giant Panda,47.2
2026-03-11 19:01:11,Luminous Giant Panda,194.3
2026-03-11 20:40:34,Full-Grown Giant Panda,47.47
2026-03-11 20:40:34,Newborn Giant Panda,47.2
2026-03-11 20:40:34,Full-Grown Giant Panda,48.38
2026-03-11 20:40:34,Full-Grown Giant Panda,47.2
2026-03-11 20:40:34,Newborn Giant Panda,48.0
2026-03-11 20:40:34,Post-Teen Giant Panda,48.79
2026-03-11 20:40:34,Teen Giant Panda,47.2
2026-03-11 20:40:34,Post-Teen Giant Panda,48.79
2026-03-11 20:40:34,Luminous Giant Panda,194.3
2026-03-11 20:40:34,Pre-Teen Giant Panda,49.96
2026-03-11 21:40:10,Full-Grown Giant Panda,47.44
2026-03-11 21:40:10,Newborn Giant Panda,47.2
2026-03-11 21:40:10,Full-Grown Giant Panda,48.36
2026-03-11 21:40:10,Full-Grown Giant Panda,47.2
2026-03-11 21:40:10,Newborn Giant Panda,48.0
2026-03-11 21:40:10,Teen Giant Panda,47.2
2026-03-11 21:40:10,Post-Teen Giant Panda,50.0
2026-03-11 21:40:10,Post-Teen Giant Panda,48.79
2026-03-11 21:40:10,Teen Giant Panda,45.0
2026-03-11 21:40:10,Pre-Teen Giant Panda,47.47
2026-03-11 22:33:15,Full-Grown Giant Panda,46.5
2026-03-11 22:33:15,Newborn Giant Panda,47.2
2026-03-11 22:33:15,Full-Grown Giant Panda,48.36
2026-03-11 22:33:15,Full-Grown Giant Panda,47.2
2026-03-11 22:33:15,Newborn Giant Panda,48.0
2026-03-11 22:33:15,Post-Teen Giant Panda,47.0
2026-03-11 22:33:15,Teen Giant Panda,47.2
2026-03-11 22:33:15,Post-Teen Giant Panda,48.79
2026-03-11 22:33:15,Luminous Giant Panda,194.3
2026-03-11 22:33:15,Teen Giant Panda,51.0
2026-03-11 23:33:25,Full-Grown Giant Panda,46.5
2026-03-11 23:33:25,Newborn Giant Panda,47.2
2026-03-11 23:33:25,Full-Grown Giant Panda,48.35
2026-03-11 23:33:25,Full-Grown Giant Panda,47.2
2026-03-11 23:33:25,Newborn Giant Panda,48.0
2026-03-11 23:33:25,Post-Teen Giant Panda,47.0
2026-03-11 23:33:25,Teen Giant Panda,51.0
2026-03-11 23:33:25,Teen Giant Panda,47.2
2026-03-11 23:33:25,Luminous Giant Panda,194.3
2026-03-11 23:33:25,Pre-Teen Giant Panda,53.82
2026-03-12 02:39:25,Full-Grown Giant Panda,47.5
2026-03-12 02:39:25,Newborn Giant Panda,47.2
2026-03-12 02:39:25,Full-Grown Giant Panda,48.35
2026-03-12 02:39:25,Full-Grown Giant Panda,47.2
2026-03-12 02:39:25,Newborn Giant Panda,48.0
2026-03-12 02:39:25,Post-Teen Giant Panda,47.0
2026-03-12 02:39:25,Teen Giant Panda,51.0
2026-03-12 02:39:25,Teen Giant Panda,47.2
2026-03-12 02:39:25,Luminous Giant Panda,195.89
2026-03-12 02:39:25,Post-Teen Giant Panda,50.0
2026-03-12 04:53:00,Full-Grown Giant Panda,47.5
2026-03-12 04:53:00,Newborn Giant Panda,50.0
2026-03-12 04:53:00,Full-Grown Giant Panda,48.35
2026-03-12 04:53:00,Full-Grown Giant Panda,47.2
2026-03-12 04:53:00,Newborn Giant Panda,48.0
2026-03-12 04:53:00,Teen Giant Panda,51.0
2026-03-12 04:53:00,Teen Giant Panda,47.2
2026-03-12 04:53:00,Luminous Giant Panda,195.7
2026-03-12 04:53:00,Post-Teen Giant Panda,50.0
2026-03-12 04:53:00,Post-Teen Giant Panda,48.79
2026-03-12 05:57:08,Full-Grown Giant Panda,47.5
2026-03-12 05:57:08,Newborn Giant Panda,50.0
2026-03-12 05:57:08,Full-Grown Giant Panda,48.35
2026-03-12 05:57:08,Full-Grown Giant Panda,47.2
2026-03-12 05:57:08,Newborn Giant Panda,48.0
2026-03-12 05:57:08,Teen Giant Panda,51.0
2026-03-12 05:57:08,Teen Giant Panda,47.2
2026-03-12 05:57:08,Luminous Giant Panda,195.83
2026-03-12 05:57:08,Pre-Teen Giant Panda,53.82
2026-03-12 05:57:08,Post-Teen Giant Panda,50.0
2026-03-12 07:08:02,Full-Grown Giant Panda,46.75
2026-03-12 07:08:02,Newborn Giant Panda,49.5
2026-03-12 07:08:02,Full-Grown Giant Panda,46.35
2026-03-12 07:08:02,Full-Grown Giant Panda,47.2
2026-03-12 07:08:02,Newborn Giant Panda,48.0
2026-03-12 07:08:02,Teen Giant Panda,51.0
2026-03-12 07:08:02,Teen Giant Panda,47.2
2026-03-12 07:08:02,Luminous Giant Panda,195.93
2026-03-12 07:08:02,Pre-Teen Giant Panda,53.82
2026-03-12 07:08:02,Post-Teen Giant Panda,50.0
2026-03-12 08:53:43,Full-Grown Giant Panda,46.7
2026-03-12 08:53:43,Newborn Giant Panda,48.5
2026-03-12 08:53:43,Full-Grown Giant Panda,46.35
2026-03-12 08:53:43,Full-Grown Giant Panda,47.1
2026-03-12 08:53:43,Newborn Giant Panda,48.0
2026-03-12 08:53:43,Teen Giant Panda,51.0
2026-03-12 08:53:43,Teen Giant Panda,47.2
2026-03-12 08:53:43,Luminous Giant Panda,195.93
2026-03-12 08:53:43,Pre-Teen Giant Panda,53.82
2026-03-12 08:53:43,Post-Teen Giant Panda,50.0
2026-03-12 09:52:50,Full-Grown Giant Panda,46.7
2026-03-12 09:52:50,Newborn Giant Panda,48.5
2026-03-12 09:52:50,Full-Grown Giant Panda,46.35
2026-03-12 09:52:50,Full-Grown Giant Panda,47.1
2026-03-12 09:52:50,Newborn Giant Panda,48.0
2026-03-12 09:52:50,Teen Giant Panda,51.0
2026-03-12 09:52:50,Teen Giant Panda,47.2
2026-03-12 09:52:50,Luminous Giant Panda,196.09
2026-03-12 09:52:50,Pre-Teen Giant Panda,53.82
2026-03-12 09:52:50,Post-Teen Giant Panda,50.0
2026-03-12 10:49:27,Full-Grown Giant Panda,46.0
2026-03-12 10:49:27,Newborn Giant Panda,50.0
2026-03-12 10:49:27,Full-Grown Giant Panda,46.35
2026-03-12 10:49:27,Full-Grown Giant Panda,47.1
2026-03-12 10:49:27,Newborn Giant Panda,48.0
2026-03-12 10:49:27,Teen Giant Panda,51.0
2026-03-12 10:49:27,Teen Giant Panda,47.2
2026-03-12 10:49:27,Luminous Giant Panda,196.04
2026-03-12 10:49:27,Pre-Teen Giant Panda,53.82
2026-03-12 10:49:27,Post-Teen Giant Panda,50.0
2026-03-12 11:36:43,Full-Grown Giant Panda,45.5
2026-03-12 11:36:43,Newborn Giant Panda,50.0
2026-03-12 11:36:43,Full-Grown Giant Panda,49.67
2026-03-12 11:36:43,Full-Grown Giant Panda,47.1
2026-03-12 11:36:43,Newborn Giant Panda,48.0
2026-03-12 11:36:43,Teen Giant Panda,51.0
2026-03-12 11:36:43,Teen Giant Panda,47.2
2026-03-12 11:36:43,Luminous Giant Panda,196.13
2026-03-12 11:36:43,Pre-Teen Giant Panda,53.82
2026-03-12 11:36:43,Post-Teen Giant Panda,50.0
2026-03-12 13:15:40,Full-Grown Giant Panda,45.5
2026-03-12 13:15:40,Newborn Giant Panda,50.0
2026-03-12 13:15:40,Full-Grown Giant Panda,49.67
2026-03-12 13:15:40,Full-Grown Giant Panda,47.1
2026-03-12 13:15:40,Newborn Giant Panda,50.0
2026-03-12 13:15:40,Teen Giant Panda,49.0
2026-03-12 13:15:40,Teen Giant Panda,47.2
2026-03-12 13:15:40,Luminous Giant Panda,195.96
2026-03-12 13:15:40,Pre-Teen Giant Panda,53.82
2026-03-12 13:15:40,Post-Teen Giant Panda,50.0
2026-03-12 14:57:04,Full-Grown Giant Panda,45.5
2026-03-12 14:57:04,Newborn Giant Panda,50.0
2026-03-12 14:57:04,Full-Grown Giant Panda,49.67
2026-03-12 14:57:04,Full-Grown Giant Panda,47.1
2026-03-12 14:57:04,Newborn Giant Panda,50.0
2026-03-12 14:57:04,Teen Giant Panda,47.0
2026-03-12 14:57:04,Teen Giant Panda,51.0
2026-03-12 14:57:04,Luminous Giant Panda,191.33
2026-03-12 14:57:04,Post-Teen Giant Panda,50.0
2026-03-12 14:57:04,Luminous Giant Panda,244.3
2026-03-12 16:07:57,Full-Grown Giant Panda,39.12
2026-03-12 16:07:57,Newborn Giant Panda,50.0
2026-03-12 16:07:57,Full-Grown Giant Panda,49.2
2026-03-12 16:07:57,Full-Grown Giant Panda,47.0
2026-03-12 16:07:57,Newborn Giant Panda,50.0
2026-03-12 16:07:57,Teen Giant Panda,49.0
2026-03-12 16:07:57,Luminous Giant Panda,191.33
2026-03-12 16:07:57,Teen Giant Panda,47.0
2026-03-12 16:07:57,Post-Teen Giant Panda,50.0
2026-03-12 16:07:57,Luminous Giant Panda,244.42
2026-03-12 17:53:45,Full-Grown Giant Panda,45.49
2026-03-12 17:53:45,Newborn Giant Panda,50.0
2026-03-12 17:53:45,Full-Grown Giant Panda,49.64
2026-03-12 17:53:45,Full-Grown Giant Panda,47.1
2026-03-12 17:53:45,Newborn Giant Panda,50.0
2026-03-12 17:53:45,Teen Giant Panda,49.0
2026-03-12 17:53:45,Teen Giant Panda,47.0
2026-03-12 17:53:45,Luminous Giant Panda,182.56
2026-03-12 17:53:45,Post-Teen Giant Panda,48.79
2026-03-12 17:53:45,Pre-Teen Giant Panda,52.57
2026-03-12 19:02:48,Full-Grown Giant Panda,45.49
2026-03-12 19:02:48,Newborn Giant Panda,50.0
2026-03-12 19:02:48,Full-Grown Giant Panda,49.67
2026-03-12 19:02:48,Full-Grown Giant Panda,47.1
2026-03-12 19:02:48,Newborn Giant Panda,50.0
2026-03-12 19:02:48,Teen Giant Panda,49.0
2026-03-12 19:02:48,Teen Giant Panda,47.0
2026-03-12 19:02:48,Luminous Giant Panda,182.56
2026-03-12 19:02:48,Post-Teen Giant Panda,48.79
2026-03-12 19:02:48,Pre-Teen Giant Panda,52.57
2026-03-12 20:43:08,Full-Grown Giant Panda,46.69
2026-03-12 20:43:08,Newborn Giant Panda,50.06
2026-03-12 20:43:08,Full-Grown Giant Panda,49.2
2026-03-12 20:43:08,Full-Grown Giant Panda,47.1
2026-03-12 20:43:08,Newborn Giant Panda,50.0
2026-03-12 20:43:08,Teen Giant Panda,49.0
2026-03-12 20:43:08,Teen Giant Panda,47.0
2026-03-12 20:43:08,Luminous Giant Panda,183.9
2026-03-12 20:43:08,Post-Teen Giant Panda,48.79
2026-03-12 20:43:08,Post-Teen Giant Panda,50.0
2026-03-12 21:39:52,Full-Grown Giant Panda,46.7
2026-03-12 21:39:52,Full-Grown Giant Panda,49.2
2026-03-12 21:39:52,Newborn Giant Panda,49.5
2026-03-12 21:39:52,Full-Grown Giant Panda,48.84
2026-03-12 21:39:52,Newborn Giant Panda,50.0
2026-03-12 21:39:52,Teen Giant Panda,49.0
2026-03-12 21:39:52,Luminous Giant Panda,183.9
2026-03-12 21:39:52,Teen Giant Panda,47.0
2026-03-12 21:39:52,Post-Teen Giant Panda,48.79
2026-03-12 21:39:52,Post-Teen Giant Panda,50.0
2026-03-12 22:33:22,Full-Grown Giant Panda,46.7
2026-03-12 22:33:22,Full-Grown Giant Panda,48.79
2026-03-12 22:33:22,Newborn Giant Panda,49.5
2026-03-12 22:33:22,Full-Grown Giant Panda,48.85
2026-03-12 22:33:22,Newborn Giant Panda,50.0
2026-03-12 22:33:22,Teen Giant Panda,49.0
2026-03-12 22:33:22,Teen Giant Panda,47.0
2026-03-12 22:33:22,Luminous Giant Panda,182.56
2026-03-12 22:33:22,Post-Teen Giant Panda,48.7
2026-03-12 22:33:22,Post-Teen Giant Panda,50.0
2026-03-12 23:34:45,Full-Grown Giant Panda,48.7
2026-03-12 23:34:45,Full-Grown Giant Panda,48.79
2026-03-12 23:34:45,Newborn Giant Panda,49.5
2026-03-12 23:34:45,Full-Grown Giant Panda,48.86
2026-03-12 23:34:45,Newborn Giant Panda,47.0
2026-03-12 23:34:45,Teen Giant Panda,49.0
2026-03-12 23:34:45,Teen Giant Panda,47.0
2026-03-12 23:34:45,Luminous Giant Panda,182.56
2026-03-12 23:34:45,Post-Teen Giant Panda,48.7
2026-03-12 23:34:45,Post-Teen Giant Panda,50.0
2026-03-13 02:37:16,Full-Grown Giant Panda,48.7
2026-03-13 02:37:16,Full-Grown Giant Panda,48.79
2026-03-13 02:37:16,Full-Grown Giant Panda,48.86
2026-03-13 02:37:16,Newborn Giant Panda,50.09
2026-03-13 02:37:16,Luminous Giant Panda,182.56
2026-03-13 02:37:16,Teen Giant Panda,47.0
2026-03-13 02:37:16,Newborn Giant Panda,49.99
2026-03-13 02:37:16,Teen Giant Panda,49.0
2026-03-13 02:37:16,Pre-Teen Giant Panda,52.57
2026-03-13 02:37:16,Post-Teen Giant Panda,48.7
2026-03-13 04:50:13,Full-Grown Giant Panda,48.72
2026-03-13 04:50:13,Full-Grown Giant Panda,48.79
2026-03-13 04:50:13,Full-Grown Giant Panda,48.8
2026-03-13 04:50:13,Newborn Giant Panda,50.02
2026-03-13 04:50:13,Luminous Giant Panda,182.56
2026-03-13 04:50:13,Teen Giant Panda,47.0
2026-03-13 04:50:13,Newborn Giant Panda,45.0
2026-03-13 04:50:13,Teen Giant Panda,49.0
2026-03-13 04:50:13,Post-Teen Giant Panda,48.7
2026-03-13 04:50:13,Pre-Teen Giant Panda,52.57
2026-03-13 05:55:04,Full-Grown Giant Panda,48.72
2026-03-13 05:55:04,Full-Grown Giant Panda,48.79
2026-03-13 05:55:04,Full-Grown Giant Panda,48.81
2026-03-13 05:55:04,Newborn Giant Panda,50.04
2026-03-13 05:55:04,Luminous Giant Panda,182.56
2026-03-13 05:55:04,Teen Giant Panda,80.0
2026-03-13 05:55:04,Newborn Giant Panda,49.99
2026-03-13 05:55:04,Teen Giant Panda,49.0
2026-03-13 05:55:04,Post-Teen Giant Panda,48.7
2026-03-13 05:55:04,Pre-Teen Giant Panda,48.15
2026-03-13 07:03:39,Full-Grown Giant Panda,48.7
2026-03-13 07:03:39,Full-Grown Giant Panda,48.78
2026-03-13 07:03:39,Full-Grown Giant Panda,48.76
2026-03-13 07:03:39,Newborn Giant Panda,49.98
2026-03-13 07:03:39,Teen Giant Panda,80.0
2026-03-13 07:03:39,Luminous Giant Panda,182.56
2026-03-13 07:03:39,Newborn Giant Panda,49.99
2026-03-13 07:03:39,Teen Giant Panda,49.0
2026-03-13 07:03:39,Post-Teen Giant Panda,48.7
2026-03-13 07:03:39,Pre-Teen Giant Panda,48.15
2026-03-13 08:51:36,Full-Grown Giant Panda,48.69
2026-03-13 08:51:36,Full-Grown Giant Panda,48.7
2026-03-13 08:51:36,Full-Grown Giant Panda,48.58
2026-03-13 08:51:36,Newborn Giant Panda,49.79
2026-03-13 08:51:36,Teen Giant Panda,80.0
2026-03-13 08:51:36,Newborn Giant Panda,49.99
2026-03-13 08:51:36,Luminous Giant Panda,181.12
2026-03-13 08:51:36,Post-Teen Giant Panda,48.7
2026-03-13 08:51:36,Teen Giant Panda,49.0
2026-03-13 08:51:36,Pre-Teen Giant Panda,48.15
2026-03-13 09:48:44,Full-Grown Giant Panda,48.69
2026-03-13 09:48:44,Full-Grown Giant Panda,48.78
2026-03-13 09:48:44,Full-Grown Giant Panda,50.0
2026-03-13 09:48:44,Newborn Giant Panda,49.82
2026-03-13 09:48:44,Teen Giant Panda,80.0
2026-03-13 09:48:44,Luminous Giant Panda,181.12
2026-03-13 09:48:44,Newborn Giant Panda,49.99
2026-03-13 09:48:44,Teen Giant Panda,49.0
2026-03-13 09:48:44,Pre-Teen Giant Panda,48.15
2026-03-13 09:48:44,Post-Teen Giant Panda,48.7
2026-03-13 10:45:31,Full-Grown Giant Panda,48.64
2026-03-13 10:45:31,Full-Grown Giant Panda,48.75
2026-03-13 10:45:31,Full-Grown Giant Panda,48.6
2026-03-13 10:45:31,Newborn Giant Panda,49.81
2026-03-13 10:45:31,Teen Giant Panda,80.0
2026-03-13 10:45:31,Luminous Giant Panda,181.12
2026-03-13 10:45:31,Newborn Giant Panda,49.99
2026-03-13 10:45:31,Teen Giant Panda,49.0
2026-03-13 10:45:31,Pre-Teen Giant Panda,48.15
2026-03-13 10:45:31,Post-Teen Giant Panda,51.99
2026-03-13 11:37:10,Full-Grown Giant Panda,48.64
2026-03-13 11:37:10,Full-Grown Giant Panda,48.7
2026-03-13 11:37:10,Full-Grown Giant Panda,50.0
2026-03-13 11:37:10,Newborn Giant Panda,49.87
2026-03-13 11:37:10,Teen Giant Panda,80.0
2026-03-13 11:37:10,Newborn Giant Panda,49.99
2026-03-13 11:37:10,Luminous Giant Panda,181.12
2026-03-13 11:37:10,Teen Giant Panda,49.0
2026-03-13 11:37:10,Pre-Teen Giant Panda,48.15
2026-03-13 11:37:10,Post-Teen Giant Panda,51.99
2026-03-13 13:13:36,Full-Grown Giant Panda,48.62
2026-03-13 13:13:36,Full-Grown Giant Panda,48.74
2026-03-13 13:13:36,Full-Grown Giant Panda,50.0
2026-03-13 13:13:36,Newborn Giant Panda,49.92
2026-03-13 13:13:36,Teen Giant Panda,80.0
2026-03-13 13:13:36,Newborn Giant Panda,49.99
2026-03-13 13:13:36,Luminous Giant Panda,181.12
2026-03-13 13:13:36,Pre-Teen Giant Panda,52.16
2026-03-13 13:13:36,Teen Giant Panda,49.0
2026-03-13 13:13:36,Post-Teen Giant Panda,51.99
2026-03-13 14:51:00,Full-Grown Giant Panda,48.61
2026-03-13 14:51:00,Full-Grown Giant Panda,48.79
2026-03-13 14:51:00,Full-Grown Giant Panda,48.0
2026-03-13 14:51:00,Newborn Giant Panda,49.92
2026-03-13 14:51:00,Teen Giant Panda,80.0
2026-03-13 14:51:00,Luminous Giant Panda,181.12
2026-03-13 14:51:00,Newborn Giant Panda,49.9
2026-03-13 14:51:00,Pre-Teen Giant Panda,52.16
2026-03-13 14:51:00,Post-Teen Giant Panda,51.99
2026-03-13 14:51:00,Teen Giant Panda,64.99
2026-03-13 15:51:08,Full-Grown Giant Panda,48.61
2026-03-13 15:51:08,Full-Grown Giant Panda,49.2
2026-03-13 15:51:08,Full-Grown Giant Panda,48.0
2026-03-13 15:51:08,Newborn Giant Panda,49.77
2026-03-13 15:51:08,Teen Giant Panda,80.0
2026-03-13 15:51:08,Luminous Giant Panda,181.12
2026-03-13 15:51:08,Newborn Giant Panda,49.9
2026-03-13 15:51:08,Pre-Teen Giant Panda,52.16
2026-03-13 15:51:08,Teen Giant Panda,64.99
2026-03-13 15:51:08,Post-Teen Giant Panda,51.99
2026-03-13 16:50:33,Full-Grown Giant Panda,48.61
2026-03-13 16:50:33,Full-Grown Giant Panda,49.2
2026-03-13 16:50:33,Full-Grown Giant Panda,48.0
2026-03-13 16:50:33,Newborn Giant Panda,55.06
2026-03-13 16:50:33,Teen Giant Panda,80.0
2026-03-13 16:50:33,Luminous Giant Panda,144.9
2026-03-13 16:50:33,Newborn Giant Panda,49.99
2026-03-13 16:50:33,Pre-Teen Giant Panda,52.16
2026-03-13 16:50:33,Teen Giant Panda,64.99
2026-03-13 16:50:33,Post-Teen Giant Panda,51.99
2026-03-13 17:41:11,Full-Grown Giant Panda,48.61
2026-03-13 17:41:11,Full-Grown Giant Panda,50.0
2026-03-13 17:41:11,Full-Grown Giant Panda,50.0
2026-03-13 17:41:11,Newborn Giant Panda,55.07
2026-03-13 17:41:11,Teen Giant Panda,80.0
2026-03-13 17:41:11,Newborn Giant Panda,49.89
2026-03-13 17:41:11,Luminous Giant Panda,144.9
2026-03-13 17:41:11,Pre-Teen Giant Panda,52.16
2026-03-13 17:41:11,Teen Giant Panda,64.99
2026-03-13 17:41:11,Post-Teen Giant Panda,51.99
2026-03-13 18:52:47,Full-Grown Giant Panda,48.61
2026-03-13 18:52:47,Full-Grown Giant Panda,49.98
2026-03-13 18:52:47,Full-Grown Giant Panda,48.0
2026-03-13 18:52:47,Newborn Giant Panda,55.06
2026-03-13 18:52:47,Teen Giant Panda,80.0
2026-03-13 18:52:47,Newborn Giant Panda,49.89
2026-03-13 18:52:47,Luminous Giant Panda,144.9
2026-03-13 18:52:47,Pre-Teen Giant Panda,52.16
2026-03-13 18:52:47,Teen Giant Panda,64.99
2026-03-13 18:52:47,Post-Teen Giant Panda,51.99
2026-03-13 19:36:51,Full-Grown Giant Panda,48.61
2026-03-13 19:36:51,Full-Grown Giant Panda,48.99
2026-03-13 19:36:51,Full-Grown Giant Panda,47.99
2026-03-13 19:36:51,Newborn Giant Panda,54.99
2026-03-13 19:36:51,Teen Giant Panda,80.0
2026-03-13 19:36:51,Luminous Giant Panda,183.9
2026-03-13 19:36:51,Newborn Giant Panda,49.89
2026-03-13 19:36:51,Pre-Teen Giant Panda,52.16
2026-03-13 19:36:51,Teen Giant Panda,64.99
2026-03-13 19:36:51,Post-Teen Giant Panda,51.99
2026-03-13 20:42:45,Full-Grown Giant Panda,48.61
2026-03-13 20:42:45,Full-Grown Giant Panda,49.0
2026-03-13 20:42:45,Full-Grown Giant Panda,50.0
2026-03-13 20:42:45,Newborn Giant Panda,54.92
2026-03-13 20:42:45,Teen Giant Panda,80.0
2026-03-13 20:42:45,Luminous Giant Panda,183.9
2026-03-13 20:42:45,Newborn Giant Panda,49.89
2026-03-13 20:42:45,Pre-Teen Giant Panda,52.16
2026-03-13 20:42:45,Teen Giant Panda,64.99
2026-03-13 20:42:45,Post-Teen Giant Panda,51.99
2026-03-13 21:39:47,Full-Grown Giant Panda,48.7
2026-03-13 21:39:47,Full-Grown Giant Panda,50.0
2026-03-13 21:39:47,Full-Grown Giant Panda,50.0
2026-03-13 21:39:47,Newborn Giant Panda,54.98
2026-03-13 21:39:47,Teen Giant Panda,80.0
2026-03-13 21:39:47,Luminous Giant Panda,183.9
2026-03-13 21:39:47,Newborn Giant Panda,49.89
2026-03-13 21:39:47,Teen Giant Panda,64.99
2026-03-13 21:39:47,Pre-Teen Giant Panda,52.16
2026-03-13 21:39:47,Post-Teen Giant Panda,51.99
2026-03-13 22:35:01,Full-Grown Giant Panda,50.0
2026-03-13 22:35:01,Full-Grown Giant Panda,49.0
2026-03-13 22:35:01,Full-Grown Giant Panda,50.0
2026-03-13 22:35:01,Newborn Giant Panda,55.02
2026-03-13 22:35:01,Luminous Giant Panda,183.9
2026-03-13 22:35:01,Teen Giant Panda,80.0
2026-03-13 22:35:01,Junior Giant Panda,52.45
2026-03-13 22:35:01,Newborn Giant Panda,49.89
2026-03-13 22:35:01,Teen Giant Panda,64.99
2026-03-13 22:35:01,Pre-Teen Giant Panda,52.16
2026-03-13 23:35:02,Full-Grown Giant Panda,49.72
2026-03-13 23:35:02,Full-Grown Giant Panda,49.0
2026-03-13 23:35:02,Full-Grown Giant Panda,48.27
2026-03-13 23:35:02,Newborn Giant Panda,55.02
2026-03-13 23:35:02,Teen Giant Panda,80.0
2026-03-13 23:35:02,Luminous Giant Panda,183.9
2026-03-13 23:35:02,Junior Giant Panda,52.45
2026-03-13 23:35:02,Newborn Giant Panda,49.89
2026-03-13 23:35:02,Teen Giant Panda,64.99
2026-03-13 23:35:02,Pre-Teen Giant Panda,52.16
2026-03-14 02:35:24,Full-Grown Giant Panda,49.99
2026-03-14 02:35:24,Full-Grown Giant Panda,49.99
2026-03-14 02:35:24,Full-Grown Giant Panda,49.96
2026-03-14 02:35:24,Newborn Giant Panda,54.0
2026-03-14 02:35:24,Luminous Giant Panda,183.88
2026-03-14 02:35:24,Teen Giant Panda,80.0
2026-03-14 02:35:24,Teen Giant Panda,63.76
2026-03-14 02:35:24,Pre-Teen Giant Panda,49.99
2026-03-14 02:35:24,Newborn Giant Panda,49.89
2026-03-14 02:35:24,Post-Teen Giant Panda,49.99
2026-03-14 04:47:59,Full-Grown Giant Panda,49.89
2026-03-14 04:47:59,Full-Grown Giant Panda,49.98
2026-03-14 04:47:59,Full-Grown Giant Panda,49.45
2026-03-14 04:47:59,Newborn Giant Panda,54.0
2026-03-14 04:47:59,Luminous Giant Panda,183.9
2026-03-14 04:47:59,Teen Giant Panda,80.0
2026-03-14 04:47:59,Pre-Teen Giant Panda,49.99
2026-03-14 04:47:59,Teen Giant Panda,63.76
2026-03-14 04:47:59,Newborn Giant Panda,49.0
2026-03-14 04:47:59,Junior Giant Panda,50.26
2026-03-14 05:52:30,Full-Grown Giant Panda,49.8
2026-03-14 05:52:30,Full-Grown Giant Panda,49.99
2026-03-14 05:52:30,Full-Grown Giant Panda,49.45
2026-03-14 05:52:30,Newborn Giant Panda,54.0
2026-03-14 05:52:30,Luminous Giant Panda,183.9
2026-03-14 05:52:30,Teen Giant Panda,80.0
2026-03-14 05:52:30,Teen Giant Panda,63.76
2026-03-14 05:52:30,Junior Giant Panda,50.26
2026-03-14 05:52:30,Newborn Giant Panda,49.0
2026-03-14 05:52:30,Pre-Teen Giant Panda,49.99
2026-03-14 06:57:27,Full-Grown Giant Panda,49.89
2026-03-14 06:57:27,Full-Grown Giant Panda,49.8
2026-03-14 06:57:27,Full-Grown Giant Panda,48.98
2026-03-14 06:57:27,Newborn Giant Panda,54.0
2026-03-14 06:57:27,Luminous Giant Panda,183.9
2026-03-14 06:57:27,Teen Giant Panda,80.0
2026-03-14 06:57:27,Teen Giant Panda,63.76
2026-03-14 06:57:27,Junior Giant Panda,50.26
2026-03-14 06:57:27,Pre-Teen Giant Panda,49.99
2026-03-14 06:57:27,Newborn Giant Panda,49.0
2026-03-14 07:41:01,Full-Grown Giant Panda,49.89
2026-03-14 07:41:01,Full-Grown Giant Panda,49.8
2026-03-14 07:41:01,Full-Grown Giant Panda,48.98
2026-03-14 07:41:01,Newborn Giant Panda,54.0
2026-03-14 07:41:01,Luminous Giant Panda,183.9
2026-03-14 07:41:01,Teen Giant Panda,80.0
2026-03-14 07:41:01,Teen Giant Panda,63.76
2026-03-14 07:41:01,Junior Giant Panda,50.26
2026-03-14 07:41:01,Pre-Teen Giant Panda,49.99
2026-03-14 07:41:01,Newborn Giant Panda,49.0
2026-03-14 08:43:44,Full-Grown Giant Panda,49.89
2026-03-14 08:43:44,Full-Grown Giant Panda,49.8
2026-03-14 08:43:44,Full-Grown Giant Panda,48.98
2026-03-14 08:43:44,Newborn Giant Panda,54.0
2026-03-14 08:43:44,Luminous Giant Panda,183.9
2026-03-14 08:43:44,Teen Giant Panda,80.0
2026-03-14 08:43:44,Teen Giant Panda,63.76
2026-03-14 08:43:44,Junior Giant Panda,50.26
2026-03-14 08:43:44,Pre-Teen Giant Panda,49.99
2026-03-14 08:43:44,Newborn Giant Panda,49.0
2026-03-14 09:40:14,Full-Grown Giant Panda,49.89
2026-03-14 09:40:14,Full-Grown Giant Panda,49.79
2026-03-14 09:40:14,Full-Grown Giant Panda,48.98
2026-03-14 09:40:14,Newborn Giant Panda,54.0
2026-03-14 09:40:14,Luminous Giant Panda,183.9
2026-03-14 09:40:14,Teen Giant Panda,80.0
2026-03-14 09:40:14,Teen Giant Panda,63.76
2026-03-14 09:40:14,Junior Giant Panda,50.26
2026-03-14 09:40:14,Pre-Teen Giant Panda,49.99
2026-03-14 09:40:14,Newborn Giant Panda,49.0
2026-03-14 10:35:57,Full-Grown Giant Panda,49.89
2026-03-14 10:35:57,Full-Grown Giant Panda,49.79
2026-03-14 10:35:57,Full-Grown Giant Panda,48.98
2026-03-14 10:35:57,Newborn Giant Panda,54.0
2026-03-14 10:35:57,Luminous Giant Panda,183.9
2026-03-14 10:35:57,Teen Giant Panda,80.0
2026-03-14 10:35:57,Teen Giant Panda,63.76
2026-03-14 10:35:57,Junior Giant Panda,50.26
2026-03-14 10:35:57,Pre-Teen Giant Panda,49.99
2026-03-14 10:35:57,Newborn Giant Panda,49.0
2026-03-14 11:30:26,Full-Grown Giant Panda,49.89
2026-03-14 11:30:26,Full-Grown Giant Panda,49.79
2026-03-14 11:30:26,Full-Grown Giant Panda,48.95
2026-03-14 11:30:26,Newborn Giant Panda,54.0
2026-03-14 11:30:26,Luminous Giant Panda,183.9
2026-03-14 11:30:26,Teen Giant Panda,80.0
2026-03-14 11:30:26,Teen Giant Panda,63.76
2026-03-14 11:30:26,Junior Giant Panda,50.26
2026-03-14 11:30:26,Pre-Teen Giant Panda,49.99
2026-03-14 11:30:26,Newborn Giant Panda,49.89
2026-03-14 13:05:56,Full-Grown Giant Panda,49.86
2026-03-14 13:05:56,Full-Grown Giant Panda,49.78
2026-03-14 13:05:56,Full-Grown Giant Panda,48.9
2026-03-14 13:05:56,Newborn Giant Panda,49.33
2026-03-14 13:05:56,Luminous Giant Panda,183.9
2026-03-14 13:05:56,Newborn Giant Panda,49.89
2026-03-14 13:05:56,Teen Giant Panda,80.0
2026-03-14 13:05:56,Teen Giant Panda,63.76
2026-03-14 13:05:56,Junior Giant Panda,50.26
2026-03-14 13:05:56,Pre-Teen Giant Panda,49.99
2026-03-14 14:36:07,Full-Grown Giant Panda,48.5
2026-03-14 14:36:07,Full-Grown Giant Panda,49.5
2026-03-14 14:36:07,Full-Grown Giant Panda,47.99
2026-03-14 14:36:07,Newborn Giant Panda,49.33
2026-03-14 14:36:07,Luminous Giant Panda,166.64
2026-03-14 14:36:07,Teen Giant Panda,80.0
2026-03-14 14:36:07,Post-Teen Giant Panda,49.5
2026-03-14 14:36:07,Newborn Giant Panda,49.89
2026-03-14 14:36:07,Teen Giant Panda,63.76
2026-03-14 14:36:07,Junior Giant Panda,50.26
2026-03-14 15:35:12,Full-Grown Giant Panda,47.3
2026-03-14 15:35:12,Full-Grown Giant Panda,48.99
2026-03-14 15:35:12,Full-Grown Giant Panda,49.6
2026-03-14 15:35:12,Newborn Giant Panda,49.0
2026-03-14 15:35:12,Luminous Giant Panda,166.64
2026-03-14 15:35:12,Teen Giant Panda,80.0
2026-03-14 15:35:12,Newborn Giant Panda,49.89
2026-03-14 15:35:12,Post-Teen Giant Panda,48.99
2026-03-14 15:35:12,Junior Giant Panda,50.26
2026-03-14 15:35:12,Pre-Teen Giant Panda,49.99
2026-03-14 16:40:10,Full-Grown Giant Panda,47.5
2026-03-14 16:40:10,Full-Grown Giant Panda,48.5
2026-03-14 16:40:10,Full-Grown Giant Panda,47.5
2026-03-14 16:40:10,Newborn Giant Panda,49.0
2026-03-14 16:40:10,Luminous Giant Panda,161.21
2026-03-14 16:40:10,Teen Giant Panda,80.0
2026-03-14 16:40:10,Newborn Giant Panda,49.89
2026-03-14 16:40:10,Post-Teen Giant Panda,48.99
2026-03-14 16:40:10,Junior Giant Panda,50.26
2026-03-14 16:40:10,Teen Giant Panda,52.76
2026-03-14 17:33:23,Full-Grown Giant Panda,47.5
2026-03-14 17:33:23,Full-Grown Giant Panda,48.49
2026-03-14 17:33:23,Full-Grown Giant Panda,47.5
2026-03-14 17:33:23,Newborn Giant Panda,48.88
2026-03-14 17:33:23,Luminous Giant Panda,161.21
2026-03-14 17:33:23,Teen Giant Panda,80.0
2026-03-14 17:33:23,Post-Teen Giant Panda,48.5
2026-03-14 17:33:23,Newborn Giant Panda,49.88
2026-03-14 17:33:23,Junior Giant Panda,50.26
2026-03-14 17:33:23,Pre-Teen Giant Panda,49.99
2026-03-14 18:49:37,Full-Grown Giant Panda,47.79
2026-03-14 18:49:37,Full-Grown Giant Panda,48.35
2026-03-14 18:49:37,Full-Grown Giant Panda,48.93
2026-03-14 18:49:37,Newborn Giant Panda,48.88
2026-03-14 18:49:37,Luminous Giant Panda,159.39
2026-03-14 18:49:37,Teen Giant Panda,80.0
2026-03-14 18:49:37,Newborn Giant Panda,49.88
2026-03-14 18:49:37,Post-Teen Giant Panda,48.5
2026-03-14 18:49:37,Junior Giant Panda,50.26
2026-03-14 18:49:37,Pre-Teen Giant Panda,49.99
2026-03-14 19:33:09,Full-Grown Giant Panda,47.69
2026-03-14 19:33:09,Full-Grown Giant Panda,48.3
2026-03-14 19:33:09,Full-Grown Giant Panda,47.59
2026-03-14 19:33:09,Newborn Giant Panda,48.49
2026-03-14 19:33:09,Luminous Giant Panda,159.39
2026-03-14 19:33:09,Teen Giant Panda,80.0
2026-03-14 19:33:09,Newborn Giant Panda,49.88
2026-03-14 19:33:09,Post-Teen Giant Panda,48.5
2026-03-14 19:33:09,Teen Giant Panda,52.76
2026-03-14 19:33:09,Pre-Teen Giant Panda,49.99
2026-03-14 20:36:36,Full-Grown Giant Panda,47.27
2026-03-14 20:36:36,Full-Grown Giant Panda,48.0
2026-03-14 20:36:36,Full-Grown Giant Panda,47.35
2026-03-14 20:36:36,Newborn Giant Panda,47.27
2026-03-14 20:36:36,Luminous Giant Panda,159.39
2026-03-14 20:36:36,Post-Teen Giant Panda,48.0
2026-03-14 20:36:36,Newborn Giant Panda,47.0
2026-03-14 20:36:36,Teen Giant Panda,47.35
2026-03-14 20:36:36,Teen Giant Panda,52.76
2026-03-14 20:36:36,Pre-Teen Giant Panda,49.99
2026-03-14 21:33:06,Full-Grown Giant Panda,46.09
2026-03-14 21:33:06,Full-Grown Giant Panda,47.45
2026-03-14 21:33:06,Full-Grown Giant Panda,47.0
2026-03-14 21:33:06,Newborn Giant Panda,47.27
2026-03-14 21:33:06,Luminous Giant Panda,159.39
2026-03-14 21:33:06,Post-Teen Giant Panda,47.5
2026-03-14 21:33:06,Teen Giant Panda,47.0
2026-03-14 21:33:06,Newborn Giant Panda,47.0
2026-03-14 21:33:06,Teen Giant Panda,52.76
2026-03-14 21:33:06,Pre-Teen Giant Panda,49.99
2026-03-14 22:33:56,Full-Grown Giant Panda,47.2
2026-03-14 22:33:56,Full-Grown Giant Panda,47.17
2026-03-14 22:33:56,Full-Grown Giant Panda,46.9
2026-03-14 22:33:56,Newborn Giant Panda,47.27
2026-03-14 22:33:56,Luminous Giant Panda,159.39
2026-03-14 22:33:56,Post-Teen Giant Panda,47.9
2026-03-14 22:33:56,Newborn Giant Panda,47.0
2026-03-14 22:33:56,Teen Giant Panda,47.35
2026-03-14 22:33:56,Teen Giant Panda,52.76
2026-03-14 22:33:56,Junior Giant Panda,47.27
2026-03-14 23:34:36,Full-Grown Giant Panda,47.2
2026-03-14 23:34:36,Full-Grown Giant Panda,46.99
2026-03-14 23:34:36,Full-Grown Giant Panda,46.9
2026-03-14 23:34:36,Newborn Giant Panda,48.33
2026-03-14 23:34:36,Luminous Giant Panda,179.99
2026-03-14 23:34:36,Post-Teen Giant Panda,47.5
2026-03-14 23:34:36,Newborn Giant Panda,47.0
2026-03-14 23:34:36,Teen Giant Panda,80.0
2026-03-14 23:34:36,Teen Giant Panda,52.76
2026-03-14 23:34:36,Junior Giant Panda,50.26
2026-03-15 02:56:04,Full-Grown Giant Panda,45.6
2026-03-15 02:56:04,Full-Grown Giant Panda,45.98
2026-03-15 02:56:04,Full-Grown Giant Panda,45.99
2026-03-15 02:56:04,Newborn Giant Panda,45.7
2026-03-15 02:56:04,Post-Teen Giant Panda,46.0
2026-03-15 02:56:04,Luminous Giant Panda,179.99
2026-03-15 02:56:04,Teen Giant Panda,46.18
2026-03-15 02:56:04,Junior Giant Panda,45.78
2026-03-15 02:56:04,Teen Giant Panda,45.99
2026-03-15 02:56:04,Pre-Teen Giant Panda,53.36
2026-03-15 05:11:47,Full-Grown Giant Panda,45.0
2026-03-15 05:11:47,Full-Grown Giant Panda,45.0
2026-03-15 05:11:47,Full-Grown Giant Panda,45.89
2026-03-15 05:11:47,Newborn Giant Panda,45.0
2026-03-15 05:11:47,Post-Teen Giant Panda,45.0
2026-03-15 05:11:47,Luminous Giant Panda,179.99
2026-03-15 05:11:47,Teen Giant Panda,46.18
2026-03-15 05:11:47,Junior Giant Panda,45.78
2026-03-15 05:11:47,Teen Giant Panda,45.99
2026-03-15 05:11:47,Pre-Teen Giant Panda,53.36
2026-03-15 07:07:19,Full-Grown Giant Panda,41.99
2026-03-15 07:07:19,Full-Grown Giant Panda,45.0
2026-03-15 07:07:19,Full-Grown Giant Panda,45.89
2026-03-15 07:07:19,Newborn Giant Panda,45.0
2026-03-15 07:07:19,Post-Teen Giant Panda,45.0
2026-03-15 07:07:19,Luminous Giant Panda,179.99
2026-03-15 07:07:19,Teen Giant Panda,45.8
2026-03-15 07:07:19,Junior Giant Panda,50.26
2026-03-15 07:07:19,Teen Giant Panda,45.99
2026-03-15 07:07:19,Pre-Teen Giant Panda,53.36
2026-03-15 09:41:49,Full-Grown Giant Panda,44.9
2026-03-15 09:41:49,Full-Grown Giant Panda,45.0
2026-03-15 09:41:49,Full-Grown Giant Panda,45.89
2026-03-15 09:41:49,Newborn Giant Panda,45.0
2026-03-15 09:41:49,Post-Teen Giant Panda,47.0
2026-03-15 09:41:49,Luminous Giant Panda,174.15
2026-03-15 09:41:49,Junior Giant Panda,50.0
2026-03-15 09:41:49,Teen Giant Panda,45.8
2026-03-15 09:41:49,Teen Giant Panda,45.99
2026-03-15 09:41:49,Pre-Teen Giant Panda,49.98
2026-03-15 10:37:38,Full-Grown Giant Panda,44.5
2026-03-15 10:37:38,Full-Grown Giant Panda,45.0
2026-03-15 10:37:38,Full-Grown Giant Panda,45.89
2026-03-15 10:37:38,Newborn Giant Panda,45.0
2026-03-15 10:37:38,Post-Teen Giant Panda,47.0
2026-03-15 10:37:38,Luminous Giant Panda,174.15
2026-03-15 10:37:38,Junior Giant Panda,50.0
2026-03-15 10:37:38,Teen Giant Panda,45.8
2026-03-15 10:37:38,Teen Giant Panda,45.99
2026-03-15 10:37:38,Pre-Teen Giant Panda,53.36
2026-03-15 11:32:56,Full-Grown Giant Panda,44.49
2026-03-15 11:32:56,Full-Grown Giant Panda,44.9
2026-03-15 11:32:56,Full-Grown Giant Panda,45.89
2026-03-15 11:32:56,Newborn Giant Panda,45.7
2026-03-15 11:32:56,Post-Teen Giant Panda,47.0
2026-03-15 11:32:56,Luminous Giant Panda,174.15
2026-03-15 11:32:56,Teen Giant Panda,45.8
2026-03-15 11:32:56,Junior Giant Panda,53.19
2026-03-15 11:32:56,Teen Giant Panda,45.99
2026-03-15 11:32:56,Pre-Teen Giant Panda,53.36
2026-03-15 13:06:44,Full-Grown Giant Panda,43.99
2026-03-15 13:06:44,Full-Grown Giant Panda,44.2
2026-03-15 13:06:44,Full-Grown Giant Panda,45.89
2026-03-15 13:06:44,Newborn Giant Panda,46.98
2026-03-15 13:06:44,Post-Teen Giant Panda,47.0
2026-03-15 13:06:44,Luminous Giant Panda,174.15
2026-03-15 13:06:44,Teen Giant Panda,45.8
2026-03-15 13:06:44,Junior Giant Panda,50.0
2026-03-15 13:06:44,Teen Giant Panda,44.19
2026-03-15 13:06:44,Pre-Teen Giant Panda,53.36
2026-03-15 14:37:33,Full-Grown Giant Panda,43.89
2026-03-15 14:37:33,Full-Grown Giant Panda,42.45
2026-03-15 14:37:33,Full-Grown Giant Panda,45.89
2026-03-15 14:37:33,Newborn Giant Panda,43.89
2026-03-15 14:37:33,Post-Teen Giant Panda,47.0
2026-03-15 14:37:33,Luminous Giant Panda,174.1
2026-03-15 14:37:33,Teen Giant Panda,45.8
2026-03-15 14:37:33,Junior Giant Panda,50.0
2026-03-15 14:37:33,Teen Giant Panda,43.99
2026-03-15 14:37:33,Pre-Teen Giant Panda,53.36
2026-03-15 15:35:48,Full-Grown Giant Panda,42.0
2026-03-15 15:35:48,Full-Grown Giant Panda,42.0
2026-03-15 15:35:48,Full-Grown Giant Panda,45.88
2026-03-15 15:35:48,Newborn Giant Panda,43.32
2026-03-15 15:35:48,Post-Teen Giant Panda,47.0
2026-03-15 15:35:48,Luminous Giant Panda,174.1
2026-03-15 15:35:48,Junior Giant Panda,50.0
2026-03-15 15:35:48,Teen Giant Panda,42.0
2026-03-15 15:35:48,Teen Giant Panda,43.95
2026-03-15 15:35:48,Pre-Teen Giant Panda,49.27
2026-03-15 16:39:34,Full-Grown Giant Panda,41.69
2026-03-15 16:39:34,Full-Grown Giant Panda,44.0
2026-03-15 16:39:34,Full-Grown Giant Panda,45.74
2026-03-15 16:39:34,Newborn Giant Panda,43.33
2026-03-15 16:39:34,Post-Teen Giant Panda,47.0
2026-03-15 16:39:34,Luminous Giant Panda,174.1
2026-03-15 16:39:34,Junior Giant Panda,53.19
2026-03-15 16:39:34,Teen Giant Panda,42.0
2026-03-15 16:39:34,Teen Giant Panda,43.95
2026-03-15 16:39:34,Pre-Teen Giant Panda,49.27
2026-03-15 17:34:57,Full-Grown Giant Panda,41.97
2026-03-15 17:34:57,Full-Grown Giant Panda,44.0
2026-03-15 17:34:57,Full-Grown Giant Panda,45.0
2026-03-15 17:34:57,Newborn Giant Panda,43.33
2026-03-15 17:34:57,Post-Teen Giant Panda,47.0
2026-03-15 17:34:57,Luminous Giant Panda,174.1
2026-03-15 17:34:57,Junior Giant Panda,50.0
2026-03-15 17:34:57,Teen Giant Panda,42.0
2026-03-15 17:34:57,Teen Giant Panda,44.49
2026-03-15 17:34:57,Post-Teen Giant Panda,49.0
2026-03-15 18:49:57,Full-Grown Giant Panda,41.97
2026-03-15 18:49:57,Full-Grown Giant Panda,44.99
2026-03-15 18:49:57,Full-Grown Giant Panda,44.99
2026-03-15 18:49:57,Newborn Giant Panda,43.2
2026-03-15 18:49:57,Post-Teen Giant Panda,47.0
2026-03-15 18:49:57,Junior Giant Panda,50.0
2026-03-15 18:49:57,Luminous Giant Panda,174.1
2026-03-15 18:49:57,Teen Giant Panda,42.0
2026-03-15 18:49:57,Teen Giant Panda,43.95
2026-03-15 18:49:57,Post-Teen Giant Panda,49.0
2026-03-15 19:34:28,Full-Grown Giant Panda,42.0
2026-03-15 19:34:28,Full-Grown Giant Panda,43.94
2026-03-15 19:34:28,Full-Grown Giant Panda,43.94
2026-03-15 19:34:28,Newborn Giant Panda,43.2
2026-03-15 19:34:28,Post-Teen Giant Panda,47.0
2026-03-15 19:34:28,Junior Giant Panda,48.35
2026-03-15 19:34:28,Luminous Giant Panda,171.0
2026-03-15 19:34:28,Teen Giant Panda,42.0
2026-03-15 19:34:28,Teen Giant Panda,43.95
2026-03-15 19:34:28,Pre-Teen Giant Panda,53.29
2026-03-15 20:37:31,Full-Grown Giant Panda,42.0
2026-03-15 20:37:31,Full-Grown Giant Panda,44.99
2026-03-15 20:37:31,Full-Grown Giant Panda,44.99
2026-03-15 20:37:31,Newborn Giant Panda,43.12
2026-03-15 20:37:31,Post-Teen Giant Panda,47.0
2026-03-15 20:37:31,Junior Giant Panda,48.35
2026-03-15 20:37:31,Luminous Giant Panda,171.0
2026-03-15 20:37:31,Teen Giant Panda,42.0
2026-03-15 20:37:31,Teen Giant Panda,43.95
2026-03-15 20:37:31,Pre-Teen Giant Panda,53.29
2026-03-15 21:34:12,Full-Grown Giant Panda,41.8
2026-03-15 21:34:12,Full-Grown Giant Panda,43.94
2026-03-15 21:34:12,Full-Grown Giant Panda,43.89
2026-03-15 21:34:12,Newborn Giant Panda,43.1
2026-03-15 21:34:12,Post-Teen Giant Panda,47.0
2026-03-15 21:34:12,Junior Giant Panda,48.35
2026-03-15 21:34:12,Luminous Giant Panda,170.0
2026-03-15 21:34:12,Teen Giant Panda,44.9
2026-03-15 21:34:12,Teen Giant Panda,44.4
2026-03-15 21:34:12,Pre-Teen Giant Panda,53.32
2026-03-15 22:35:02,Full-Grown Giant Panda,42.5
2026-03-15 22:35:02,Full-Grown Giant Panda,43.0
2026-03-15 22:35:02,Full-Grown Giant Panda,44.65
2026-03-15 22:35:02,Newborn Giant Panda,43.19
2026-03-15 22:35:02,Post-Teen Giant Panda,47.0
2026-03-15 22:35:02,Teen Giant Panda,44.9
2026-03-15 22:35:02,Junior Giant Panda,48.35
2026-03-15 22:35:02,Luminous Giant Panda,171.0
2026-03-15 22:35:02,Teen Giant Panda,44.4
2026-03-15 22:35:02,Pre-Teen Giant Panda,49.27
2026-03-15 23:36:30,Full-Grown Giant Panda,42.5
2026-03-15 23:36:30,Full-Grown Giant Panda,43.0
2026-03-15 23:36:30,Full-Grown Giant Panda,43.94
2026-03-15 23:36:30,Newborn Giant Panda,43.12
2026-03-15 23:36:30,Post-Teen Giant Panda,47.0
2026-03-15 23:36:30,Junior Giant Panda,48.35
2026-03-15 23:36:30,Teen Giant Panda,44.9
2026-03-15 23:36:30,Luminous Giant Panda,171.0
2026-03-15 23:36:30,Teen Giant Panda,43.9
2026-03-15 23:36:30,Newborn Giant Panda,43.94
2026-03-16 02:56:21,Full-Grown Giant Panda,44.5
2026-03-16 02:56:21,Full-Grown Giant Panda,44.9
2026-03-16 02:56:21,Full-Grown Giant Panda,43.94
2026-03-16 02:56:21,Newborn Giant Panda,43.08
2026-03-16 02:56:21,Luminous Giant Panda,171.0
2026-03-16 02:56:21,Junior Giant Panda,48.35
2026-03-16 02:56:21,Teen Giant Panda,43.9
2026-03-16 02:56:21,Post-Teen Giant Panda,47.0
2026-03-16 02:56:21,Junior Giant Panda,47.75
2026-03-16 02:56:21,Post-Teen Giant Panda,49.99
2026-03-16 05:23:27,Full-Grown Giant Panda,46.73
2026-03-16 05:23:27,Full-Grown Giant Panda,43.8
2026-03-16 05:23:27,Full-Grown Giant Panda,43.25
2026-03-16 05:23:27,Newborn Giant Panda,43.08
2026-03-16 05:23:27,Luminous Giant Panda,183.9
2026-03-16 05:23:27,Junior Giant Panda,48.35
2026-03-16 05:23:27,Teen Giant Panda,43.9
2026-03-16 05:23:27,Post-Teen Giant Panda,47.0
2026-03-16 05:23:27,Junior Giant Panda,47.75
2026-03-16 05:23:27,Newborn Giant Panda,45.47
2026-03-16 07:27:32,Full-Grown Giant Panda,44.99
2026-03-16 07:27:32,Full-Grown Giant Panda,43.7
2026-03-16 07:27:32,Full-Grown Giant Panda,43.0
2026-03-16 07:27:32,Newborn Giant Panda,43.08
2026-03-16 07:27:32,Luminous Giant Panda,183.9
2026-03-16 07:27:32,Junior Giant Panda,48.35
2026-03-16 07:27:32,Post-Teen Giant Panda,47.0
2026-03-16 07:27:32,Teen Giant Panda,43.0
2026-03-16 07:27:32,Newborn Giant Panda,45.47
2026-03-16 07:27:32,Teen Giant Panda,43.9
2026-03-16 09:05:12,Full-Grown Giant Panda,43.79
2026-03-16 09:05:12,Full-Grown Giant Panda,43.5
2026-03-16 09:05:12,Full-Grown Giant Panda,43.0
2026-03-16 09:05:12,Newborn Giant Panda,43.49
2026-03-16 09:05:12,Luminous Giant Panda,183.9
2026-03-16 09:05:12,Junior Giant Panda,48.35
2026-03-16 09:05:12,Post-Teen Giant Panda,47.0
2026-03-16 09:05:12,Teen Giant Panda,43.0
2026-03-16 09:05:12,Newborn Giant Panda,45.47
2026-03-16 09:05:12,Post-Teen Giant Panda,49.0
2026-03-16 11:00:41,Full-Grown Giant Panda,43.79
2026-03-16 11:00:41,Full-Grown Giant Panda,43.5
2026-03-16 11:00:41,Full-Grown Giant Panda,41.85
2026-03-16 11:00:41,Newborn Giant Panda,43.49
2026-03-16 11:00:41,Luminous Giant Panda,183.9
2026-03-16 11:00:41,Junior Giant Panda,48.35
2026-03-16 11:00:41,Post-Teen Giant Panda,47.0
2026-03-16 11:00:41,Teen Giant Panda,43.0
2026-03-16 11:00:41,Post-Teen Giant Panda,49.0
2026-03-16 11:00:41,Newborn Giant Panda,45.47
2026-03-16 11:55:15,Full-Grown Giant Panda,43.5
2026-03-16 11:55:15,Full-Grown Giant Panda,43.49
2026-03-16 11:55:15,Full-Grown Giant Panda,41.85
2026-03-16 11:55:15,Newborn Giant Panda,43.49
2026-03-16 11:55:15,Luminous Giant Panda,183.9
2026-03-16 11:55:15,Junior Giant Panda,48.35
2026-03-16 11:55:15,Post-Teen Giant Panda,47.0
2026-03-16 11:55:15,Teen Giant Panda,43.0
2026-03-16 11:55:15,Post-Teen Giant Panda,49.0
2026-03-16 11:55:15,Teen Giant Panda,43.49
2026-03-16 13:27:22,Full-Grown Giant Panda,43.0
2026-03-16 13:27:22,Full-Grown Giant Panda,43.27
2026-03-16 13:27:22,Full-Grown Giant Panda,41.85
2026-03-16 13:27:22,Newborn Giant Panda,43.49
2026-03-16 13:27:22,Luminous Giant Panda,183.9
2026-03-16 13:27:22,Teen Giant Panda,43.0
2026-03-16 13:27:22,Post-Teen Giant Panda,47.0
2026-03-16 13:27:22,Junior Giant Panda,48.35
2026-03-16 13:27:22,Teen Giant Panda,43.49
2026-03-16 13:27:22,Post-Teen Giant Panda,49.0
2026-03-16 15:08:16,Full-Grown Giant Panda,43.0
2026-03-16 15:08:16,Full-Grown Giant Panda,42.0
2026-03-16 15:08:16,Full-Grown Giant Panda,40.0
2026-03-16 15:08:16,Newborn Giant Panda,43.49
2026-03-16 15:08:16,Luminous Giant Panda,183.9
2026-03-16 15:08:16,Teen Giant Panda,43.0
2026-03-16 15:08:16,Post-Teen Giant Panda,47.0
2026-03-16 15:08:16,Junior Giant Panda,48.35
2026-03-16 15:08:16,Teen Giant Panda,43.49
2026-03-16 15:08:16,Post-Teen Giant Panda,49.0
2026-03-16 17:10:02,Full-Grown Giant Panda,43.0
2026-03-16 17:10:02,Full-Grown Giant Panda,41.38
2026-03-16 17:10:02,Full-Grown Giant Panda,42.99
2026-03-16 17:10:02,Newborn Giant Panda,43.49
2026-03-16 17:10:02,Luminous Giant Panda,183.9
2026-03-16 17:10:02,Teen Giant Panda,43.0
2026-03-16 17:10:02,Post-Teen Giant Panda,47.0
2026-03-16 17:10:02,Junior Giant Panda,48.33
2026-03-16 17:10:02,Post-Teen Giant Panda,49.0
2026-03-16 17:10:02,Junior Giant Panda,46.99
2026-03-16 19:13:25,Full-Grown Giant Panda,41.0
2026-03-16 19:13:25,Full-Grown Giant Panda,41.29
2026-03-16 19:13:25,Full-Grown Giant Panda,42.97
2026-03-16 19:13:25,Newborn Giant Panda,43.49
2026-03-16 19:13:25,Luminous Giant Panda,183.9
2026-03-16 19:13:25,Junior Giant Panda,45.35
2026-03-16 19:13:25,Teen Giant Panda,41.3
2026-03-16 19:13:25,Post-Teen Giant Panda,47.0
2026-03-16 19:13:25,Junior Giant Panda,46.99
2026-03-16 19:13:25,Newborn Giant Panda,45.0
2026-03-16 20:46:28,Full-Grown Giant Panda,44.99
2026-03-16 20:46:28,Full-Grown Giant Panda,41.3
2026-03-16 20:46:28,Full-Grown Giant Panda,42.96
2026-03-16 20:46:28,Newborn Giant Panda,43.49
2026-03-16 20:46:28,Luminous Giant Panda,183.26
2026-03-16 20:46:28,Junior Giant Panda,45.35
2026-03-16 20:46:28,Teen Giant Panda,41.3
2026-03-16 20:46:28,Post-Teen Giant Panda,47.0
2026-03-16 20:46:28,Junior Giant Panda,46.99
2026-03-16 20:46:28,Newborn Giant Panda,45.0
2026-03-16 21:48:05,Full-Grown Giant Panda,44.99
2026-03-16 21:48:05,Full-Grown Giant Panda,41.3
2026-03-16 21:48:05,Full-Grown Giant Panda,42.95
2026-03-16 21:48:05,Newborn Giant Panda,43.49
2026-03-16 21:48:05,Luminous Giant Panda,183.27
2026-03-16 21:48:05,Teen Giant Panda,41.3
2026-03-16 21:48:05,Post-Teen Giant Panda,47.0
2026-03-16 21:48:05,Junior Giant Panda,40.5
2026-03-16 21:48:05,Teen Giant Panda,43.49
2026-03-16 21:48:05,Post-Teen Giant Panda,49.0
2026-03-16 22:41:02,Full-Grown Giant Panda,40.0
2026-03-16 22:41:02,Full-Grown Giant Panda,41.0
2026-03-16 22:41:02,Full-Grown Giant Panda,42.95
2026-03-16 22:41:02,Newborn Giant Panda,43.49
2026-03-16 22:41:02,Luminous Giant Panda,175.0
2026-03-16 22:41:02,Teen Giant Panda,41.3
2026-03-16 22:41:02,Post-Teen Giant Panda,47.0
2026-03-16 22:41:02,Junior Giant Panda,40.5
2026-03-16 22:41:02,Teen Giant Panda,43.49
2026-03-16 22:41:02,Post-Teen Giant Panda,49.0
2026-03-16 23:37:27,Full-Grown Giant Panda,40.0
2026-03-16 23:37:27,Full-Grown Giant Panda,41.38
2026-03-16 23:37:27,Full-Grown Giant Panda,42.95
2026-03-16 23:37:27,Newborn Giant Panda,39.99
2026-03-16 23:37:27,Luminous Giant Panda,183.11
2026-03-16 23:37:27,Junior Giant Panda,40.5
2026-03-16 23:37:27,Post-Teen Giant Panda,47.0
2026-03-16 23:37:27,Teen Giant Panda,41.3
2026-03-16 23:37:27,Teen Giant Panda,43.49
2026-03-16 23:37:27,Post-Teen Giant Panda,49.0
2026-03-17 02:39:15,Full-Grown Giant Panda,44.99
2026-03-17 02:39:15,Full-Grown Giant Panda,40.0
2026-03-17 02:39:15,Full-Grown Giant Panda,42.5
2026-03-17 02:39:15,Newborn Giant Panda,39.99
2026-03-17 02:39:15,Luminous Giant Panda,183.04
2026-03-17 02:39:15,Junior Giant Panda,45.35
2026-03-17 02:39:15,Teen Giant Panda,41.25
2026-03-17 02:39:15,Post-Teen Giant Panda,47.0
2026-03-17 02:39:15,Junior Giant Panda,46.99
2026-03-17 02:39:15,Newborn Giant Panda,45.0
2026-03-17 04:58:23,Full-Grown Giant Panda,44.69
2026-03-17 04:58:23,Full-Grown Giant Panda,40.99
2026-03-17 04:58:23,Full-Grown Giant Panda,42.68
2026-03-17 04:58:23,Newborn Giant Panda,37.99
2026-03-17 04:58:23,Luminous Giant Panda,183.1
2026-03-17 04:58:23,Junior Giant Panda,37.99
2026-03-17 04:58:23,Post-Teen Giant Panda,47.0
2026-03-17 04:58:23,Teen Giant Panda,38.5
2026-03-17 04:58:23,Teen Giant Panda,44.39
2026-03-17 04:58:23,Junior Giant Panda,46.99
2026-03-17 06:07:14,Full-Grown Giant Panda,44.69
2026-03-17 06:07:14,Full-Grown Giant Panda,40.95
2026-03-17 06:07:14,Full-Grown Giant Panda,42.68
2026-03-17 06:07:14,Newborn Giant Panda,37.98
2026-03-17 06:07:14,Luminous Giant Panda,182.88
2026-03-17 06:07:14,Junior Giant Panda,37.99
2026-03-17 06:07:14,Teen Giant Panda,38.5
2026-03-17 06:07:14,Post-Teen Giant Panda,47.0
2026-03-17 06:07:14,Teen Giant Panda,44.39
2026-03-17 06:07:14,Junior Giant Panda,46.99
2026-03-17 07:57:51,Full-Grown Giant Panda,44.69
2026-03-17 07:57:51,Full-Grown Giant Panda,41.9
2026-03-17 07:57:51,Full-Grown Giant Panda,42.68
2026-03-17 07:57:51,Newborn Giant Panda,37.98
2026-03-17 07:57:51,Luminous Giant Panda,183.1
2026-03-17 07:57:51,Junior Giant Panda,37.99
2026-03-17 07:57:51,Teen Giant Panda,38.5
2026-03-17 07:57:51,Post-Teen Giant Panda,47.0
2026-03-17 07:57:51,Teen Giant Panda,44.39
2026-03-17 07:57:51,Junior Giant Panda,46.99
2026-03-17 09:03:13,Full-Grown Giant Panda,44.69
2026-03-17 09:03:13,Full-Grown Giant Panda,41.9
2026-03-17 09:03:13,Full-Grown Giant Panda,42.68
2026-03-17 09:03:13,Newborn Giant Panda,37.98
2026-03-17 09:03:13,Luminous Giant Panda,183.39
2026-03-17 09:03:13,Junior Giant Panda,37.99
2026-03-17 09:03:13,Teen Giant Panda,38.5
2026-03-17 09:03:13,Post-Teen Giant Panda,47.0
2026-03-17 09:03:13,Teen Giant Panda,44.39
2026-03-17 09:03:13,Junior Giant Panda,46.99
2026-03-17 10:56:59,Full-Grown Giant Panda,44.68
2026-03-17 10:56:59,Full-Grown Giant Panda,41.9
2026-03-17 10:56:59,Full-Grown Giant Panda,42.68
2026-03-17 10:56:59,Newborn Giant Panda,37.98
2026-03-17 10:56:59,Luminous Giant Panda,183.27
2026-03-17 10:56:59,Teen Giant Panda,38.5
2026-03-17 10:56:59,Post-Teen Giant Panda,47.0
2026-03-17 10:56:59,Teen Giant Panda,44.39
2026-03-17 10:56:59,Junior Giant Panda,46.61
2026-03-17 10:56:59,Newborn Giant Panda,43.94
2026-03-17 11:49:32,Full-Grown Giant Panda,44.68
2026-03-17 11:49:32,Full-Grown Giant Panda,41.79
2026-03-17 11:49:32,Full-Grown Giant Panda,42.67
2026-03-17 11:49:32,Newborn Giant Panda,37.98
2026-03-17 11:49:32,Luminous Giant Panda,183.9
2026-03-17 11:49:32,Teen Giant Panda,38.5
2026-03-17 11:49:32,Post-Teen Giant Panda,47.0
2026-03-17 11:49:32,Teen Giant Panda,44.39
2026-03-17 11:49:32,Junior Giant Panda,46.61
2026-03-17 11:49:32,Newborn Giant Panda,43.94
2026-03-17 13:30:46,Full-Grown Giant Panda,44.68
2026-03-17 13:30:46,Full-Grown Giant Panda,41.79
2026-03-17 13:30:46,Full-Grown Giant Panda,42.66
2026-03-17 13:30:46,Newborn Giant Panda,37.98
2026-03-17 13:30:46,Luminous Giant Panda,183.9
2026-03-17 13:30:46,Teen Giant Panda,41.25
2026-03-17 13:30:46,Junior Giant Panda,37.99
2026-03-17 13:30:46,Post-Teen Giant Panda,47.0
2026-03-17 13:30:46,Teen Giant Panda,44.39
2026-03-17 13:30:46,Junior Giant Panda,46.61
2026-03-17 15:03:51,Full-Grown Giant Panda,44.67
2026-03-17 15:03:51,Full-Grown Giant Panda,41.7
2026-03-17 15:03:51,Full-Grown Giant Panda,42.5
2026-03-17 15:03:51,Newborn Giant Panda,37.98
2026-03-17 15:03:51,Teen Giant Panda,41.25
2026-03-17 15:03:51,Luminous Giant Panda,183.9
2026-03-17 15:03:51,Junior Giant Panda,37.99
2026-03-17 15:03:51,Post-Teen Giant Panda,47.0
2026-03-17 15:03:51,Teen Giant Panda,44.39
2026-03-17 15:03:51,Junior Giant Panda,46.61
2026-03-17 17:10:50,Full-Grown Giant Panda,42.68
2026-03-17 17:10:50,Full-Grown Giant Panda,41.7
2026-03-17 17:10:50,Full-Grown Giant Panda,42.5
2026-03-17 17:10:50,Newborn Giant Panda,37.98
2026-03-17 17:10:50,Luminous Giant Panda,149.99
2026-03-17 17:10:50,Teen Giant Panda,41.25
2026-03-17 17:10:50,Junior Giant Panda,37.99
2026-03-17 17:10:50,Post-Teen Giant Panda,47.0
2026-03-17 17:10:50,Teen Giant Panda,40.99
2026-03-17 17:10:50,Newborn Giant Panda,41.7
2026-03-17 19:11:45,Full-Grown Giant Panda,42.67
2026-03-17 19:11:45,Full-Grown Giant Panda,41.0
2026-03-17 19:11:45,Full-Grown Giant Panda,39.79
2026-03-17 19:11:45,Newborn Giant Panda,36.5
2026-03-17 19:11:45,Luminous Giant Panda,149.99
2026-03-17 19:11:45,Teen Giant Panda,41.25
2026-03-17 19:11:45,Post-Teen Giant Panda,47.0
2026-03-17 19:11:45,Teen Giant Panda,40.99
2026-03-17 19:11:45,Newborn Giant Panda,41.7
2026-03-17 19:11:45,Junior Giant Panda,46.61
2026-03-17 20:49:08,Full-Grown Giant Panda,42.67
2026-03-17 20:49:08,Full-Grown Giant Panda,41.0
2026-03-17 20:49:08,Full-Grown Giant Panda,39.78
2026-03-17 20:49:08,Newborn Giant Panda,37.98
2026-03-17 20:49:08,Luminous Giant Panda,149.99
2026-03-17 20:49:08,Teen Giant Panda,41.25
2026-03-17 20:49:08,Junior Giant Panda,45.35
2026-03-17 20:49:08,Post-Teen Giant Panda,47.0
2026-03-17 20:49:08,Teen Giant Panda,40.99
2026-03-17 20:49:08,Newborn Giant Panda,41.7
2026-03-17 21:45:58,Full-Grown Giant Panda,42.67
2026-03-17 21:45:58,Full-Grown Giant Panda,41.0
2026-03-17 21:45:58,Full-Grown Giant Panda,42.47
2026-03-17 21:45:58,Newborn Giant Panda,37.98
2026-03-17 21:45:58,Luminous Giant Panda,149.99
2026-03-17 21:45:58,Teen Giant Panda,41.25
2026-03-17 21:45:58,Junior Giant Panda,45.35
2026-03-17 21:45:58,Post-Teen Giant Panda,47.0
2026-03-17 21:45:58,Teen Giant Panda,40.99
2026-03-17 21:45:58,Pre-Teen Giant Panda,44.8
2026-03-17 22:40:36,Full-Grown Giant Panda,42.67
2026-03-17 22:40:36,Full-Grown Giant Panda,41.0
2026-03-17 22:40:36,Full-Grown Giant Panda,42.47
2026-03-17 22:40:36,Newborn Giant Panda,37.98
2026-03-17 22:40:36,Luminous Giant Panda,149.99
2026-03-17 22:40:36,Teen Giant Panda,41.25
2026-03-17 22:40:36,Junior Giant Panda,45.35
2026-03-17 22:40:36,Post-Teen Giant Panda,47.0
2026-03-17 22:40:36,Teen Giant Panda,40.99
2026-03-17 22:40:36,Pre-Teen Giant Panda,44.8
2026-03-17 23:39:10,Full-Grown Giant Panda,42.67
2026-03-17 23:39:10,Full-Grown Giant Panda,41.0
2026-03-17 23:39:10,Full-Grown Giant Panda,42.46
2026-03-17 23:39:10,Newborn Giant Panda,37.98
2026-03-17 23:39:10,Luminous Giant Panda,149.99
2026-03-17 23:39:10,Teen Giant Panda,41.25
2026-03-17 23:39:10,Post-Teen Giant Panda,47.0
2026-03-17 23:39:10,Teen Giant Panda,40.99
2026-03-17 23:39:10,Pre-Teen Giant Panda,44.8
2026-03-17 23:39:10,Newborn Giant Panda,41.7
2026-03-18 02:45:32,Full-Grown Giant Panda,42.65
2026-03-18 02:45:32,Full-Grown Giant Panda,40.89
2026-03-18 02:45:32,Full-Grown Giant Panda,39.98
2026-03-18 02:45:32,Newborn Giant Panda,37.98
2026-03-18 02:45:32,Luminous Giant Panda,149.97
2026-03-18 02:45:32,Pre-Teen Giant Panda,44.8
2026-03-18 02:45:32,Post-Teen Giant Panda,41.0
2026-03-18 02:45:32,Junior Giant Panda,45.35
2026-03-18 02:45:32,Teen Giant Panda,41.25
2026-03-18 02:45:32,Newborn Giant Panda,41.7
2026-03-18 05:02:39,Full-Grown Giant Panda,42.67
2026-03-18 05:02:39,Full-Grown Giant Panda,40.89
2026-03-18 05:02:39,Full-Grown Giant Panda,39.98
2026-03-18 05:02:39,Newborn Giant Panda,37.0
2026-03-18 05:02:39,Luminous Giant Panda,149.97
2026-03-18 05:02:39,Teen Giant Panda,41.25
2026-03-18 05:02:39,Junior Giant Panda,45.35
2026-03-18 05:02:39,Pre-Teen Giant Panda,44.8
2026-03-18 05:02:39,Post-Teen Giant Panda,41.0
2026-03-18 05:02:39,Newborn Giant Panda,41.7
2026-03-18 07:11:07,Full-Grown Giant Panda,42.65
2026-03-18 07:11:07,Full-Grown Giant Panda,40.9
2026-03-18 07:11:07,Full-Grown Giant Panda,39.98
2026-03-18 07:11:07,Newborn Giant Panda,37.98
2026-03-18 07:11:07,Luminous Giant Panda,149.97
2026-03-18 07:11:07,Junior Giant Panda,45.35
2026-03-18 07:11:07,Teen Giant Panda,41.25
2026-03-18 07:11:07,Post-Teen Giant Panda,41.0
2026-03-18 07:11:07,Pre-Teen Giant Panda,44.8
2026-03-18 07:11:07,Junior Giant Panda,46.23
2026-03-18 08:58:48,Full-Grown Giant Panda,42.09
2026-03-18 08:58:48,Full-Grown Giant Panda,40.9
2026-03-18 08:58:48,Full-Grown Giant Panda,38.0
2026-03-18 08:58:48,Newborn Giant Panda,37.98
2026-03-18 08:58:48,Luminous Giant Panda,149.97
2026-03-18 08:58:48,Junior Giant Panda,45.35
2026-03-18 08:58:48,Teen Giant Panda,41.25
2026-03-18 08:58:48,Pre-Teen Giant Panda,44.8
2026-03-18 08:58:48,Teen Giant Panda,40.99
2026-03-18 08:58:48,Post-Teen Giant Panda,48.91
2026-03-18 10:05:28,Full-Grown Giant Panda,42.09
2026-03-18 10:05:28,Full-Grown Giant Panda,40.9
2026-03-18 10:05:28,Full-Grown Giant Panda,36.0
2026-03-18 10:05:28,Newborn Giant Panda,37.98
2026-03-18 10:05:28,Luminous Giant Panda,149.97
2026-03-18 10:05:28,Post-Teen Giant Panda,48.96
2026-03-18 10:05:28,Junior Giant Panda,45.35
2026-03-18 10:05:28,Teen Giant Panda,41.25
2026-03-18 10:05:28,Pre-Teen Giant Panda,44.8
2026-03-18 10:05:28,Teen Giant Panda,40.99
2026-03-18 13:26:51,Full-Grown Giant Panda,41.75
2026-03-18 13:26:51,Full-Grown Giant Panda,40.7
2026-03-18 13:26:51,Full-Grown Giant Panda,39.98
2026-03-18 13:26:51,Newborn Giant Panda,37.98
2026-03-18 13:26:51,Luminous Giant Panda,149.96
2026-03-18 13:26:51,Post-Teen Giant Panda,48.77
2026-03-18 13:26:51,Pre-Teen Giant Panda,41.75
2026-03-18 13:26:51,Teen Giant Panda,41.25
2026-03-18 13:26:51,Teen Giant Panda,40.99
2026-03-18 13:26:51,Junior Giant Panda,45.35
2026-03-18 15:11:20,Full-Grown Giant Panda,41.75
2026-03-18 15:11:20,Full-Grown Giant Panda,40.7
2026-03-18 15:11:20,Full-Grown Giant Panda,39.98
2026-03-18 15:11:20,Newborn Giant Panda,37.98
2026-03-18 15:11:20,Luminous Giant Panda,149.96
2026-03-18 15:11:20,Post-Teen Giant Panda,48.87
2026-03-18 15:11:20,Junior Giant Panda,45.35
2026-03-18 15:11:20,Teen Giant Panda,40.99
2026-03-18 15:11:20,Teen Giant Panda,41.25
2026-03-18 15:11:20,Pre-Teen Giant Panda,40.36
2026-03-18 17:10:13,Full-Grown Giant Panda,41.75
2026-03-18 17:10:13,Full-Grown Giant Panda,40.0
2026-03-18 17:10:13,Full-Grown Giant Panda,39.98
2026-03-18 17:10:13,Newborn Giant Panda,37.97
2026-03-18 17:10:13,Luminous Giant Panda,149.96
2026-03-18 17:10:13,Post-Teen Giant Panda,48.84
2026-03-18 17:10:13,Junior Giant Panda,45.35
2026-03-18 17:10:13,Teen Giant Panda,40.99
2026-03-18 17:10:13,Teen Giant Panda,41.25
2026-03-18 17:10:13,Pre-Teen Giant Panda,44.8
2026-03-18 19:11:19,Full-Grown Giant Panda,41.75
2026-03-18 19:11:19,Full-Grown Giant Panda,35.0
2026-03-18 19:11:19,Newborn Giant Panda,42.62
2026-03-18 19:11:19,Full-Grown Giant Panda,39.95
2026-03-18 19:11:19,Luminous Giant Panda,149.96
2026-03-18 19:11:19,Post-Teen Giant Panda,48.75
2026-03-18 19:11:19,Junior Giant Panda,45.35
2026-03-18 19:11:19,Teen Giant Panda,40.99
2026-03-18 19:11:19,Newborn Giant Panda,40.0
2026-03-18 19:11:19,Pre-Teen Giant Panda,44.8
2026-03-18 20:46:19,Full-Grown Giant Panda,41.71
2026-03-18 20:46:19,Full-Grown Giant Panda,40.7
2026-03-18 20:46:19,Newborn Giant Panda,37.98
2026-03-18 20:46:19,Full-Grown Giant Panda,39.95
2026-03-18 20:46:19,Luminous Giant Panda,149.96
2026-03-18 20:46:19,Post-Teen Giant Panda,48.59
2026-03-18 20:46:19,Teen Giant Panda,58.45
2026-03-18 20:46:19,Newborn Giant Panda,40.0
2026-03-18 20:46:19,Pre-Teen Giant Panda,44.8
2026-03-18 20:46:19,Teen Giant Panda,41.25
2026-03-18 21:42:41,Full-Grown Giant Panda,41.71
2026-03-18 21:42:41,Full-Grown Giant Panda,40.7
2026-03-18 21:42:41,Newborn Giant Panda,37.98
2026-03-18 21:42:41,Full-Grown Giant Panda,39.95
2026-03-18 21:42:41,Luminous Giant Panda,149.96
2026-03-18 21:42:41,Teen Giant Panda,58.45
2026-03-18 21:42:41,Post-Teen Giant Panda,48.64
2026-03-18 21:42:41,Pre-Teen Giant Panda,44.8
2026-03-18 21:42:41,Teen Giant Panda,41.25
2026-03-18 21:42:41,Newborn Giant Panda,42.2
2026-03-18 22:38:24,Full-Grown Giant Panda,41.71
2026-03-18 22:38:24,Full-Grown Giant Panda,42.0
2026-03-18 22:38:24,Newborn Giant Panda,37.98
2026-03-18 22:38:24,Full-Grown Giant Panda,39.95
2026-03-18 22:38:24,Luminous Giant Panda,149.99
2026-03-18 22:38:24,Teen Giant Panda,58.45
2026-03-18 22:38:24,Post-Teen Giant Panda,48.6
2026-03-18 22:38:24,Pre-Teen Giant Panda,44.8
2026-03-18 22:38:24,Newborn Giant Panda,42.2
2026-03-18 22:38:24,Teen Giant Panda,41.25
2026-03-18 23:36:01,Full-Grown Giant Panda,41.71
2026-03-18 23:36:01,Full-Grown Giant Panda,40.0
2026-03-18 23:36:01,Newborn Giant Panda,37.98
2026-03-18 23:36:01,Full-Grown Giant Panda,39.94
2026-03-18 23:36:01,Luminous Giant Panda,149.99
2026-03-18 23:36:01,Teen Giant Panda,58.45
2026-03-18 23:36:01,Pre-Teen Giant Panda,44.8
2026-03-18 23:36:01,Newborn Giant Panda,42.2
2026-03-18 23:36:01,Junior Giant Panda,45.35
2026-03-18 23:36:01,Teen Giant Panda,41.25
2026-03-19 05:00:09,Full-Grown Giant Panda,43.6
2026-03-19 05:00:09,Full-Grown Giant Panda,41.75
2026-03-19 05:00:09,Newborn Giant Panda,37.98
2026-03-19 05:00:09,Full-Grown Giant Panda,40.5
2026-03-19 05:00:09,Luminous Giant Panda,183.9
2026-03-19 05:00:09,Teen Giant Panda,58.45
2026-03-19 05:00:09,Newborn Giant Panda,43.94
2026-03-19 05:00:09,Pre-Teen Giant Panda,44.8
2026-03-19 05:00:09,Teen Giant Panda,41.25
2026-03-19 05:00:09,Junior Giant Panda,45.35
2026-03-19 06:06:46,Full-Grown Giant Panda,43.6
2026-03-19 06:06:46,Full-Grown Giant Panda,37.5
2026-03-19 06:06:46,Newborn Giant Panda,37.98
2026-03-19 06:06:46,Full-Grown Giant Panda,40.5
2026-03-19 06:06:46,Luminous Giant Panda,183.9
2026-03-19 06:06:46,Teen Giant Panda,41.25
2026-03-19 06:06:46,Teen Giant Panda,58.45
2026-03-19 06:06:46,Newborn Giant Panda,43.94
2026-03-19 06:06:46,Pre-Teen Giant Panda,44.8
2026-03-19 06:06:46,Junior Giant Panda,45.35
2026-03-19 07:52:06,Full-Grown Giant Panda,43.5
2026-03-19 07:52:06,Full-Grown Giant Panda,41.4
2026-03-19 07:52:06,Newborn Giant Panda,37.98
2026-03-19 07:52:06,Full-Grown Giant Panda,39.9
2026-03-19 07:52:06,Luminous Giant Panda,183.9
2026-03-19 07:52:06,Teen Giant Panda,41.25
2026-03-19 07:52:06,Post-Teen Giant Panda,43.5
2026-03-19 07:52:06,Teen Giant Panda,57.96
2026-03-19 07:52:06,Newborn Giant Panda,43.94
2026-03-19 07:52:06,Pre-Teen Giant Panda,44.8
2026-03-19 08:53:14,Full-Grown Giant Panda,43.5
2026-03-19 08:53:14,Full-Grown Giant Panda,40.71
2026-03-19 08:53:14,Newborn Giant Panda,37.98
2026-03-19 08:53:14,Full-Grown Giant Panda,39.9
2026-03-19 08:53:14,Luminous Giant Panda,183.9
2026-03-19 08:53:14,Teen Giant Panda,41.25
2026-03-19 08:53:14,Post-Teen Giant Panda,43.5
2026-03-19 08:53:14,Newborn Giant Panda,49.89
2026-03-19 08:53:14,Teen Giant Panda,57.0
2026-03-19 08:53:14,Newborn Giant Panda,43.94
2026-03-19 09:54:16,Full-Grown Giant Panda,43.5
2026-03-19 09:54:16,Full-Grown Giant Panda,40.71
2026-03-19 09:54:16,Newborn Giant Panda,37.98
2026-03-19 09:54:16,Full-Grown Giant Panda,39.9
2026-03-19 09:54:16,Luminous Giant Panda,183.9
2026-03-19 09:54:16,Teen Giant Panda,41.25
2026-03-19 09:54:16,Post-Teen Giant Panda,43.5
2026-03-19 09:54:16,Newborn Giant Panda,49.89
2026-03-19 09:54:16,Newborn Giant Panda,43.94
2026-03-19 09:54:16,Pre-Teen Giant Panda,44.8
2026-03-19 10:51:00,Full-Grown Giant Panda,43.5
2026-03-19 10:51:00,Full-Grown Giant Panda,41.07
2026-03-19 10:51:00,Newborn Giant Panda,37.98
2026-03-19 10:51:00,Full-Grown Giant Panda,39.9
2026-03-19 10:51:00,Luminous Giant Panda,183.9
2026-03-19 10:51:00,Teen Giant Panda,41.25
2026-03-19 10:51:00,Newborn Giant Panda,49.89
2026-03-19 10:51:00,Post-Teen Giant Panda,43.5
2026-03-19 10:51:00,Teen Giant Panda,57.48
2026-03-19 10:51:00,Newborn Giant Panda,43.94
2026-03-19 11:40:57,Full-Grown Giant Panda,43.5
2026-03-19 11:40:57,Full-Grown Giant Panda,41.75
2026-03-19 11:40:57,Newborn Giant Panda,37.98
2026-03-19 11:40:57,Full-Grown Giant Panda,39.9
2026-03-19 11:40:57,Luminous Giant Panda,183.9
2026-03-19 11:40:57,Newborn Giant Panda,49.89
2026-03-19 11:40:57,Post-Teen Giant Panda,43.5
2026-03-19 11:40:57,Teen Giant Panda,41.25
2026-03-19 11:40:57,Teen Giant Panda,57.0
2026-03-19 11:40:57,Newborn Giant Panda,43.94
2026-03-19 13:20:26,Full-Grown Giant Panda,43.5
2026-03-19 13:20:26,Full-Grown Giant Panda,41.07
2026-03-19 13:20:26,Newborn Giant Panda,37.98
2026-03-19 13:20:26,Full-Grown Giant Panda,39.9
2026-03-19 13:20:26,Luminous Giant Panda,183.9
2026-03-19 13:20:26,Post-Teen Giant Panda,43.5
2026-03-19 13:20:26,Teen Giant Panda,41.25
2026-03-19 13:20:26,Newborn Giant Panda,39.99
2026-03-19 13:20:26,Teen Giant Panda,57.48
2026-03-19 13:20:26,Newborn Giant Panda,43.94
2026-03-19 14:55:23,Full-Grown Giant Panda,43.3
2026-03-19 14:55:23,Full-Grown Giant Panda,41.07
2026-03-19 14:55:23,Newborn Giant Panda,37.98
2026-03-19 14:55:23,Full-Grown Giant Panda,40.5
2026-03-19 14:55:23,Luminous Giant Panda,183.9
2026-03-19 14:55:23,Post-Teen Giant Panda,43.5
2026-03-19 14:55:23,Newborn Giant Panda,39.99
2026-03-19 14:55:23,Teen Giant Panda,80.0
2026-03-19 14:55:23,Teen Giant Panda,57.48
2026-03-19 14:55:23,Newborn Giant Panda,43.94
2026-03-19 16:00:49,Full-Grown Giant Panda,43.0
2026-03-19 16:00:49,Full-Grown Giant Panda,40.71
2026-03-19 16:00:49,Newborn Giant Panda,37.98
2026-03-19 16:00:49,Full-Grown Giant Panda,38.0
2026-03-19 16:00:49,Luminous Giant Panda,183.9
2026-03-19 16:00:49,Post-Teen Giant Panda,43.5
2026-03-19 16:00:49,Newborn Giant Panda,39.99
2026-03-19 16:00:49,Teen Giant Panda,41.0
2026-03-19 16:00:49,Teen Giant Panda,57.0
2026-03-19 16:00:49,Newborn Giant Panda,43.94
2026-03-19 17:10:44,Full-Grown Giant Panda,42.99
2026-03-19 17:10:44,Full-Grown Giant Panda,41.75
2026-03-19 17:10:44,Newborn Giant Panda,37.98
2026-03-19 17:10:44,Full-Grown Giant Panda,39.9
2026-03-19 17:10:44,Luminous Giant Panda,183.9
2026-03-19 17:10:44,Newborn Giant Panda,39.99
2026-03-19 17:10:44,Teen Giant Panda,41.0
2026-03-19 17:10:44,Post-Teen Giant Panda,43.5
2026-03-19 17:10:44,Teen Giant Panda,42.67
2026-03-19 17:10:44,Newborn Giant Panda,43.94
2026-03-19 19:07:10,Full-Grown Giant Panda,42.8
2026-03-19 19:07:10,Full-Grown Giant Panda,40.7
2026-03-19 19:07:10,Newborn Giant Panda,37.98
2026-03-19 19:07:10,Full-Grown Giant Panda,39.9
2026-03-19 19:07:10,Luminous Giant Panda,183.9
2026-03-19 19:07:10,Newborn Giant Panda,39.99
2026-03-19 19:07:10,Post-Teen Giant Panda,43.5
2026-03-19 19:07:10,Teen Giant Panda,41.0
2026-03-19 19:07:10,Newborn Giant Panda,43.94
2026-03-19 19:07:10,Teen Giant Panda,42.67
2026-03-19 20:47:33,Full-Grown Giant Panda,40.0
2026-03-19 20:47:33,Full-Grown Giant Panda,40.24
2026-03-19 20:47:33,Newborn Giant Panda,37.98
2026-03-19 20:47:33,Full-Grown Giant Panda,40.5
2026-03-19 20:47:33,Luminous Giant Panda,183.9
2026-03-19 20:47:33,Newborn Giant Panda,39.99
2026-03-19 20:47:33,Post-Teen Giant Panda,43.5
2026-03-19 20:47:33,Teen Giant Panda,41.0
2026-03-19 20:47:33,Newborn Giant Panda,43.94
2026-03-19 20:47:33,Teen Giant Panda,42.67
2026-03-19 21:42:13,Full-Grown Giant Panda,42.0
2026-03-19 21:42:13,Newborn Giant Panda,37.97
2026-03-19 21:42:13,Full-Grown Giant Panda,40.0
2026-03-19 21:42:13,Full-Grown Giant Panda,40.5
2026-03-19 21:42:13,Luminous Giant Panda,183.9
2026-03-19 21:42:13,Newborn Giant Panda,39.99
2026-03-19 21:42:13,Teen Giant Panda,40.5
2026-03-19 21:42:13,Post-Teen Giant Panda,42.0
2026-03-19 21:42:13,Newborn Giant Panda,43.94
2026-03-19 21:42:13,Teen Giant Panda,42.67
2026-03-19 22:35:48,Full-Grown Giant Panda,40.56
2026-03-19 22:35:48,Newborn Giant Panda,37.98
2026-03-19 22:35:48,Full-Grown Giant Panda,39.99
2026-03-19 22:35:48,Full-Grown Giant Panda,39.98
2026-03-19 22:35:48,Luminous Giant Panda,183.9
2026-03-19 22:35:48,Newborn Giant Panda,39.99
2026-03-19 22:35:48,Teen Giant Panda,40.5
2026-03-19 22:35:48,Post-Teen Giant Panda,42.0
2026-03-19 22:35:48,Newborn Giant Panda,43.94
2026-03-19 22:35:48,Teen Giant Panda,41.0
2026-03-19 23:36:30,Full-Grown Giant Panda,40.4
2026-03-19 23:36:30,Newborn Giant Panda,37.98
2026-03-19 23:36:30,Full-Grown Giant Panda,39.99
2026-03-19 23:36:30,Full-Grown Giant Panda,39.98
2026-03-19 23:36:30,Luminous Giant Panda,183.9
2026-03-19 23:36:30,Newborn Giant Panda,39.99
2026-03-19 23:36:30,Teen Giant Panda,40.5
2026-03-19 23:36:30,Post-Teen Giant Panda,42.0
2026-03-19 23:36:30,Newborn Giant Panda,43.94
2026-03-19 23:36:30,Teen Giant Panda,40.0
2026-03-20 02:37:50,Full-Grown Giant Panda,39.9
2026-03-20 02:37:50,Newborn Giant Panda,37.98
2026-03-20 02:37:50,Full-Grown Giant Panda,39.99
2026-03-20 02:37:50,Full-Grown Giant Panda,39.36
2026-03-20 02:37:50,Luminous Giant Panda,183.9
2026-03-20 02:37:50,Post-Teen Giant Panda,42.0
2026-03-20 02:37:50,Newborn Giant Panda,41.99
2026-03-20 02:37:50,Newborn Giant Panda,42.75
2026-03-20 02:37:50,Teen Giant Panda,40.5
2026-03-20 02:37:50,Junior Giant Panda,45.35
2026-03-20 04:52:29,Full-Grown Giant Panda,41.99
2026-03-20 04:52:29,Newborn Giant Panda,37.98
2026-03-20 04:52:29,Full-Grown Giant Panda,39.98
2026-03-20 04:52:29,Full-Grown Giant Panda,39.5
2026-03-20 04:52:29,Luminous Giant Panda,183.9
2026-03-20 04:52:29,Post-Teen Giant Panda,42.0
2026-03-20 04:52:29,Newborn Giant Panda,41.99
2026-03-20 04:52:29,Newborn Giant Panda,42.75
2026-03-20 04:52:29,Teen Giant Panda,40.5
2026-03-20 04:52:29,Post-Teen Giant Panda,40.64
2026-03-20 05:57:43,Newborn Giant Panda,37.98
2026-03-20 05:57:43,Full-Grown Giant Panda,42.0
2026-03-20 05:57:43,Full-Grown Giant Panda,39.98
2026-03-20 05:57:43,Full-Grown Giant Panda,39.5
2026-03-20 05:57:43,Luminous Giant Panda,183.9
2026-03-20 05:57:43,Post-Teen Giant Panda,42.0
2026-03-20 05:57:43,Post-Teen Giant Panda,40.64
2026-03-20 05:57:43,Newborn Giant Panda,41.99
2026-03-20 05:57:43,Newborn Giant Panda,42.0
2026-03-20 05:57:43,Teen Giant Panda,40.5
2026-03-20 07:07:54,Newborn Giant Panda,37.98
2026-03-20 07:07:54,Full-Grown Giant Panda,42.0
2026-03-20 07:07:54,Full-Grown Giant Panda,39.98
2026-03-20 07:07:54,Full-Grown Giant Panda,39.98
2026-03-20 07:07:54,Luminous Giant Panda,183.9
2026-03-20 07:07:54,Post-Teen Giant Panda,42.0
2026-03-20 07:07:54,Post-Teen Giant Panda,40.64
2026-03-20 07:07:54,Newborn Giant Panda,42.0
2026-03-20 07:07:54,Teen Giant Panda,40.5
2026-03-20 07:07:54,Newborn Giant Panda,41.99
2026-03-20 08:52:02,Newborn Giant Panda,37.98
2026-03-20 08:52:02,Full-Grown Giant Panda,42.0
2026-03-20 08:52:02,Full-Grown Giant Panda,39.98
2026-03-20 08:52:02,Full-Grown Giant Panda,39.98
2026-03-20 08:52:02,Luminous Giant Panda,183.9
2026-03-20 08:52:02,Post-Teen Giant Panda,42.0
2026-03-20 08:52:02,Post-Teen Giant Panda,40.64
2026-03-20 08:52:02,Newborn Giant Panda,42.0
2026-03-20 08:52:02,Newborn Giant Panda,41.99
2026-03-20 08:52:02,Junior Giant Panda,44.35
2026-03-20 09:51:53,Newborn Giant Panda,37.98
2026-03-20 09:51:53,Full-Grown Giant Panda,42.2
2026-03-20 09:51:53,Full-Grown Giant Panda,39.98
2026-03-20 09:51:53,Full-Grown Giant Panda,38.0
2026-03-20 09:51:53,Luminous Giant Panda,183.9
2026-03-20 09:51:53,Post-Teen Giant Panda,40.64
2026-03-20 09:51:53,Newborn Giant Panda,41.99
2026-03-20 09:51:53,Newborn Giant Panda,42.0
2026-03-20 09:51:53,Junior Giant Panda,44.35
2026-03-20 09:51:53,Pre-Teen Giant Panda,41.57
2026-03-20 10:47:03,Newborn Giant Panda,37.98
2026-03-20 10:47:03,Full-Grown Giant Panda,42.2
2026-03-20 10:47:03,Full-Grown Giant Panda,39.98
2026-03-20 10:47:03,Full-Grown Giant Panda,38.0
2026-03-20 10:47:03,Luminous Giant Panda,183.9
2026-03-20 10:47:03,Post-Teen Giant Panda,40.64
2026-03-20 10:47:03,Post-Teen Giant Panda,40.62
2026-03-20 10:47:03,Newborn Giant Panda,41.99
2026-03-20 10:47:03,Newborn Giant Panda,42.0
2026-03-20 10:47:03,Junior Giant Panda,44.35
2026-03-20 11:37:10,Newborn Giant Panda,37.98
2026-03-20 11:37:10,Full-Grown Giant Panda,40.67
2026-03-20 11:37:10,Full-Grown Giant Panda,39.89
2026-03-20 11:37:10,Full-Grown Giant Panda,39.98
2026-03-20 11:37:10,Luminous Giant Panda,183.9
2026-03-20 11:37:10,Post-Teen Giant Panda,40.64
2026-03-20 11:37:10,Newborn Giant Panda,41.99
2026-03-20 11:37:10,Newborn Giant Panda,42.0
2026-03-20 11:37:10,Junior Giant Panda,44.35
2026-03-20 11:37:10,Pre-Teen Giant Panda,41.61
2026-03-20 13:13:36,Newborn Giant Panda,37.98
2026-03-20 13:13:36,Full-Grown Giant Panda,40.67
2026-03-20 13:13:36,Full-Grown Giant Panda,39.89
2026-03-20 13:13:36,Full-Grown Giant Panda,39.98
2026-03-20 13:13:36,Luminous Giant Panda,183.9
2026-03-20 13:13:36,Post-Teen Giant Panda,40.64
2026-03-20 13:13:36,Post-Teen Giant Panda,40.62
2026-03-20 13:13:36,Junior Giant Panda,44.35
2026-03-20 13:13:36,Newborn Giant Panda,41.99
2026-03-20 13:13:36,Newborn Giant Panda,42.0
2026-03-20 14:50:56,Newborn Giant Panda,37.97
2026-03-20 14:50:56,Full-Grown Giant Panda,42.2
2026-03-20 14:50:56,Full-Grown Giant Panda,39.89
2026-03-20 14:50:56,Full-Grown Giant Panda,39.98
2026-03-20 14:50:56,Luminous Giant Panda,183.9
2026-03-20 14:50:56,Post-Teen Giant Panda,40.64
2026-03-20 14:50:56,Post-Teen Giant Panda,40.62
2026-03-20 14:50:56,Junior Giant Panda,44.35
2026-03-20 14:50:56,Newborn Giant Panda,41.99
2026-03-20 14:50:56,Newborn Giant Panda,42.0
2026-03-20 15:51:28,Newborn Giant Panda,37.97
2026-03-20 15:51:28,Full-Grown Giant Panda,42.0
2026-03-20 15:51:28,Full-Grown Giant Panda,39.89
2026-03-20 15:51:28,Full-Grown Giant Panda,39.98
2026-03-20 15:51:28,Luminous Giant Panda,183.9
2026-03-20 15:51:28,Post-Teen Giant Panda,40.62
2026-03-20 15:51:28,Post-Teen Giant Panda,40.34
2026-03-20 15:51:28,Junior Giant Panda,44.35
2026-03-20 15:51:28,Newborn Giant Panda,41.99
2026-03-20 15:51:28,Newborn Giant Panda,42.0
2026-03-20 16:54:05,Newborn Giant Panda,37.98
2026-03-20 16:54:05,Full-Grown Giant Panda,42.2
2026-03-20 16:54:05,Full-Grown Giant Panda,39.89
2026-03-20 16:54:05,Full-Grown Giant Panda,39.98
2026-03-20 16:54:05,Luminous Giant Panda,183.9
2026-03-20 16:54:05,Post-Teen Giant Panda,40.34
2026-03-20 16:54:05,Teen Giant Panda,80.0
2026-03-20 16:54:05,Post-Teen Giant Panda,40.5
2026-03-20 16:54:05,Newborn Giant Panda,41.99
2026-03-20 16:54:05,Newborn Giant Panda,42.0
2026-03-20 17:39:49,Newborn Giant Panda,37.98
2026-03-20 17:39:49,Full-Grown Giant Panda,42.0
2026-03-20 17:39:49,Full-Grown Giant Panda,39.88
2026-03-20 17:39:49,Full-Grown Giant Panda,39.98
2026-03-20 17:39:49,Luminous Giant Panda,183.9
2026-03-20 17:39:49,Post-Teen Giant Panda,40.34
2026-03-20 17:39:49,Teen Giant Panda,80.0
2026-03-20 17:39:49,Post-Teen Giant Panda,40.5
2026-03-20 17:39:49,Newborn Giant Panda,41.99
2026-03-20 17:39:49,Newborn Giant Panda,42.0
2026-03-20 18:59:21,Newborn Giant Panda,37.98
2026-03-20 18:59:21,Full-Grown Giant Panda,40.3
2026-03-20 18:59:21,Full-Grown Giant Panda,39.88
2026-03-20 18:59:21,Full-Grown Giant Panda,39.98
2026-03-20 18:59:21,Luminous Giant Panda,183.9
2026-03-20 18:59:21,Teen Giant Panda,80.0
2026-03-20 18:59:21,Post-Teen Giant Panda,40.34
2026-03-20 18:59:21,Post-Teen Giant Panda,40.3
2026-03-20 18:59:21,Newborn Giant Panda,41.99
2026-03-20 18:59:21,Newborn Giant Panda,42.0
2026-03-20 19:42:41,Newborn Giant Panda,37.98
2026-03-20 19:42:41,Full-Grown Giant Panda,40.2
2026-03-20 19:42:41,Full-Grown Giant Panda,39.88
2026-03-20 19:42:41,Full-Grown Giant Panda,39.98
2026-03-20 19:42:41,Luminous Giant Panda,183.9
2026-03-20 19:42:41,Teen Giant Panda,80.0
2026-03-20 19:42:41,Post-Teen Giant Panda,40.34
2026-03-20 19:42:41,Post-Teen Giant Panda,40.5
2026-03-20 19:42:41,Newborn Giant Panda,41.99
2026-03-20 19:42:41,Newborn Giant Panda,42.0
2026-03-20 20:40:20,Newborn Giant Panda,37.98
2026-03-20 20:40:20,Full-Grown Giant Panda,40.3
2026-03-20 20:40:20,Full-Grown Giant Panda,39.69
2026-03-20 20:40:20,Full-Grown Giant Panda,39.69
2026-03-20 20:40:20,Luminous Giant Panda,183.9
2026-03-20 20:40:20,Teen Giant Panda,80.0
2026-03-20 20:40:20,Post-Teen Giant Panda,40.34
2026-03-20 20:40:20,Post-Teen Giant Panda,40.3
2026-03-20 20:40:20,Newborn Giant Panda,41.99
2026-03-20 20:40:20,Newborn Giant Panda,42.0
2026-03-20 21:36:59,Newborn Giant Panda,37.98
2026-03-20 21:36:59,Full-Grown Giant Panda,41.0
2026-03-20 21:36:59,Full-Grown Giant Panda,39.68
2026-03-20 21:36:59,Full-Grown Giant Panda,39.69
2026-03-20 21:36:59,Luminous Giant Panda,183.9
2026-03-20 21:36:59,Post-Teen Giant Panda,40.3
2026-03-20 21:36:59,Teen Giant Panda,80.0
2026-03-20 21:36:59,Post-Teen Giant Panda,40.34
2026-03-20 21:36:59,Newborn Giant Panda,42.0
2026-03-20 21:36:59,Junior Giant Panda,44.35
2026-03-20 22:35:46,Newborn Giant Panda,37.98
2026-03-20 22:35:46,Full-Grown Giant Panda,41.0
2026-03-20 22:35:46,Full-Grown Giant Panda,39.68
2026-03-20 22:35:46,Full-Grown Giant Panda,39.69
2026-03-20 22:35:46,Luminous Giant Panda,183.9
2026-03-20 22:35:46,Post-Teen Giant Panda,40.3
2026-03-20 22:35:46,Teen Giant Panda,80.0
2026-03-20 22:35:46,Post-Teen Giant Panda,40.34
2026-03-20 22:35:46,Newborn Giant Panda,43.94
2026-03-20 22:35:46,Newborn Giant Panda,42.0
2026-03-20 23:35:43,Newborn Giant Panda,37.98
2026-03-20 23:35:43,Full-Grown Giant Panda,41.0
2026-03-20 23:35:43,Full-Grown Giant Panda,39.68
2026-03-20 23:35:43,Full-Grown Giant Panda,39.69
2026-03-20 23:35:43,Luminous Giant Panda,183.9
2026-03-20 23:35:43,Post-Teen Giant Panda,40.3
2026-03-20 23:35:43,Teen Giant Panda,80.0
2026-03-20 23:35:43,Post-Teen Giant Panda,40.34
2026-03-20 23:35:43,Newborn Giant Panda,43.94
2026-03-20 23:35:43,Newborn Giant Panda,42.0
2026-03-21 02:31:51,Newborn Giant Panda,37.98
2026-03-21 02:31:51,Full-Grown Giant Panda,45.17
2026-03-21 02:31:51,Full-Grown Giant Panda,39.98
2026-03-21 02:31:51,Full-Grown Giant Panda,39.68
2026-03-21 02:31:51,Luminous Giant Panda,183.9
2026-03-21 02:31:51,Teen Giant Panda,80.0
2026-03-21 02:31:51,Post-Teen Giant Panda,40.3
2026-03-21 02:31:51,Post-Teen Giant Panda,40.34
2026-03-21 02:31:51,Teen Giant Panda,39.98
2026-03-21 02:31:51,Junior Giant Panda,39.97
2026-03-21 04:42:28,Newborn Giant Panda,37.98
2026-03-21 04:42:28,Full-Grown Giant Panda,41.93
2026-03-21 04:42:28,Full-Grown Giant Panda,37.99
2026-03-21 04:42:28,Full-Grown Giant Panda,38.0
2026-03-21 04:42:28,Luminous Giant Panda,183.9
2026-03-21 04:42:28,Teen Giant Panda,80.0
2026-03-21 04:42:28,Post-Teen Giant Panda,40.3
2026-03-21 04:42:28,Post-Teen Giant Panda,40.34
2026-03-21 04:42:28,Teen Giant Panda,39.98
2026-03-21 04:42:28,Junior Giant Panda,39.97
2026-03-21 05:47:20,Newborn Giant Panda,37.98
2026-03-21 05:47:20,Full-Grown Giant Panda,41.93
2026-03-21 05:47:20,Full-Grown Giant Panda,37.5
2026-03-21 05:47:20,Full-Grown Giant Panda,37.5
2026-03-21 05:47:20,Luminous Giant Panda,183.9
2026-03-21 05:47:20,Teen Giant Panda,80.0
2026-03-21 05:47:20,Post-Teen Giant Panda,40.3
2026-03-21 05:47:20,Post-Teen Giant Panda,40.34
2026-03-21 05:47:20,Teen Giant Panda,39.98
2026-03-21 05:47:20,Junior Giant Panda,39.97
2026-03-21 06:54:51,Newborn Giant Panda,37.98
2026-03-21 06:54:51,Full-Grown Giant Panda,41.93
2026-03-21 06:54:51,Full-Grown Giant Panda,39.98
2026-03-21 06:54:51,Full-Grown Giant Panda,37.5
2026-03-21 06:54:51,Luminous Giant Panda,183.9
2026-03-21 06:54:51,Teen Giant Panda,80.0
2026-03-21 06:54:51,Post-Teen Giant Panda,40.34
2026-03-21 06:54:51,Post-Teen Giant Panda,40.3
2026-03-21 06:54:51,Teen Giant Panda,39.98
2026-03-21 06:54:51,Junior Giant Panda,39.97
2026-03-21 07:37:40,Newborn Giant Panda,37.98
2026-03-21 07:37:40,Full-Grown Giant Panda,41.93
2026-03-21 07:37:40,Full-Grown Giant Panda,39.98
2026-03-21 07:37:40,Full-Grown Giant Panda,37.5
2026-03-21 07:37:40,Luminous Giant Panda,183.9
2026-03-21 07:37:40,Post-Teen Giant Panda,40.3
2026-03-21 07:37:40,Post-Teen Giant Panda,40.34
2026-03-21 07:37:40,Teen Giant Panda,80.0
2026-03-21 07:37:40,Junior Giant Panda,49.99
2026-03-21 07:37:40,Teen Giant Panda,39.98
2026-03-21 08:41:19,Newborn Giant Panda,37.98
2026-03-21 08:41:19,Full-Grown Giant Panda,41.95
2026-03-21 08:41:19,Full-Grown Giant Panda,39.98
2026-03-21 08:41:19,Full-Grown Giant Panda,37.5
2026-03-21 08:41:19,Luminous Giant Panda,183.9
2026-03-21 08:41:19,Teen Giant Panda,80.0
2026-03-21 08:41:19,Post-Teen Giant Panda,40.34
2026-03-21 08:41:19,Post-Teen Giant Panda,40.3
2026-03-21 08:41:19,Junior Giant Panda,49.99
2026-03-21 08:41:19,Teen Giant Panda,39.98
2026-03-21 09:39:04,Newborn Giant Panda,37.97
2026-03-21 09:39:04,Full-Grown Giant Panda,41.93
2026-03-21 09:39:04,Full-Grown Giant Panda,39.98
2026-03-21 09:39:04,Full-Grown Giant Panda,39.67
2026-03-21 09:39:04,Luminous Giant Panda,183.9
2026-03-21 09:39:04,Teen Giant Panda,80.0
2026-03-21 09:39:04,Post-Teen Giant Panda,40.34
2026-03-21 09:39:04,Post-Teen Giant Panda,40.3
2026-03-21 09:39:04,Junior Giant Panda,49.99
2026-03-21 09:39:04,Post-Teen Giant Panda,42.49
2026-03-21 10:34:40,Newborn Giant Panda,37.98
2026-03-21 10:34:40,Full-Grown Giant Panda,41.93
2026-03-21 10:34:40,Full-Grown Giant Panda,39.98
2026-03-21 10:34:40,Full-Grown Giant Panda,39.67
2026-03-21 10:34:40,Luminous Giant Panda,183.9
2026-03-21 10:34:40,Teen Giant Panda,80.0
2026-03-21 10:34:40,Post-Teen Giant Panda,40.34
2026-03-21 10:34:40,Pre-Teen Giant Panda,44.8
2026-03-21 10:34:40,Junior Giant Panda,49.99
2026-03-21 10:34:40,Post-Teen Giant Panda,42.49
2026-03-21 11:29:26,Newborn Giant Panda,37.98
2026-03-21 11:29:26,Full-Grown Giant Panda,41.93
2026-03-21 11:29:26,Full-Grown Giant Panda,39.98
2026-03-21 11:29:26,Full-Grown Giant Panda,39.67
2026-03-21 11:29:26,Luminous Giant Panda,183.9
2026-03-21 11:29:26,Teen Giant Panda,80.0
2026-03-21 11:29:26,Pre-Teen Giant Panda,44.8
2026-03-21 11:29:26,Post-Teen Giant Panda,40.34
2026-03-21 11:29:26,Junior Giant Panda,49.99
2026-03-21 11:29:26,Post-Teen Giant Panda,42.49
2026-03-21 13:02:56,Newborn Giant Panda,37.98
2026-03-21 13:02:56,Full-Grown Giant Panda,41.93
2026-03-21 13:02:56,Full-Grown Giant Panda,39.98
2026-03-21 13:02:56,Full-Grown Giant Panda,39.67
2026-03-21 13:02:56,Luminous Giant Panda,183.9
2026-03-21 13:02:56,Teen Giant Panda,80.0
2026-03-21 13:02:56,Pre-Teen Giant Panda,44.8
2026-03-21 13:02:56,Post-Teen Giant Panda,40.34
2026-03-21 13:02:56,Junior Giant Panda,49.99
2026-03-21 13:02:56,Post-Teen Giant Panda,42.49
2026-03-21 14:34:02,Newborn Giant Panda,37.98
2026-03-21 14:34:02,Full-Grown Giant Panda,41.93
2026-03-21 14:34:02,Full-Grown Giant Panda,39.98
2026-03-21 14:34:02,Full-Grown Giant Panda,39.67
2026-03-21 14:34:02,Luminous Giant Panda,120.0
2026-03-21 14:34:02,Teen Giant Panda,80.0
2026-03-21 14:34:02,Post-Teen Giant Panda,40.26
2026-03-21 14:34:02,Pre-Teen Giant Panda,44.8
2026-03-21 14:34:02,Newborn Giant Panda,43.94
2026-03-21 14:34:02,Junior Giant Panda,49.99
2026-03-21 15:32:58,Newborn Giant Panda,37.98
2026-03-21 15:32:58,Full-Grown Giant Panda,41.93
2026-03-21 15:32:58,Full-Grown Giant Panda,39.98
2026-03-21 15:32:58,Full-Grown Giant Panda,39.68
2026-03-21 15:32:58,Luminous Giant Panda,183.9
2026-03-21 15:32:58,Teen Giant Panda,80.0
2026-03-21 15:32:58,Pre-Teen Giant Panda,44.8
2026-03-21 15:32:58,Post-Teen Giant Panda,40.26
2026-03-21 15:32:58,Newborn Giant Panda,43.94
2026-03-21 15:32:58,Junior Giant Panda,49.99
2026-03-21 16:38:00,Newborn Giant Panda,47.71
2026-03-21 16:38:00,Full-Grown Giant Panda,41.16
2026-03-21 16:38:00,Full-Grown Giant Panda,39.98
2026-03-21 16:38:00,Full-Grown Giant Panda,39.68
2026-03-21 16:38:00,Luminous Giant Panda,183.9
2026-03-21 16:38:00,Pre-Teen Giant Panda,44.8
2026-03-21 16:38:00,Teen Giant Panda,80.0
2026-03-21 16:38:00,Post-Teen Giant Panda,40.26
2026-03-21 16:38:00,Newborn Giant Panda,43.94
2026-03-21 16:38:00,Junior Giant Panda,49.99
2026-03-21 17:31:28,Newborn Giant Panda,37.0
2026-03-21 17:31:28,Full-Grown Giant Panda,41.16
2026-03-21 17:31:28,Full-Grown Giant Panda,39.98
2026-03-21 17:31:28,Full-Grown Giant Panda,39.69
2026-03-21 17:31:28,Luminous Giant Panda,183.9
2026-03-21 17:31:28,Pre-Teen Giant Panda,44.8
2026-03-21 17:31:28,Teen Giant Panda,80.0
2026-03-21 17:31:28,Post-Teen Giant Panda,40.26
2026-03-21 17:31:28,Newborn Giant Panda,43.94
2026-03-21 17:31:28,Junior Giant Panda,49.99
2026-03-21 18:45:19,Newborn Giant Panda,37.98
2026-03-21 18:45:19,Full-Grown Giant Panda,41.16
2026-03-21 18:45:19,Full-Grown Giant Panda,39.98
2026-03-21 18:45:19,Full-Grown Giant Panda,39.5
2026-03-21 18:45:19,Luminous Giant Panda,140.65
2026-03-21 18:45:19,Pre-Teen Giant Panda,44.8
2026-03-21 18:45:19,Teen Giant Panda,80.0
2026-03-21 18:45:19,Post-Teen Giant Panda,40.26
2026-03-21 18:45:19,Newborn Giant Panda,43.94
2026-03-21 18:45:19,Junior Giant Panda,49.99
2026-03-21 19:31:13,Newborn Giant Panda,37.98
2026-03-21 19:31:13,Full-Grown Giant Panda,41.16
2026-03-21 19:31:13,Full-Grown Giant Panda,39.98
2026-03-21 19:31:13,Full-Grown Giant Panda,39.5
2026-03-21 19:31:13,Luminous Giant Panda,183.9
2026-03-21 19:31:13,Pre-Teen Giant Panda,44.8
2026-03-21 19:31:13,Teen Giant Panda,80.0
2026-03-21 19:31:13,Post-Teen Giant Panda,40.26
2026-03-21 19:31:13,Newborn Giant Panda,43.94
2026-03-21 19:31:13,Junior Giant Panda,49.99
2026-03-21 20:35:06,Newborn Giant Panda,37.98
2026-03-21 20:35:06,Full-Grown Giant Panda,41.16
2026-03-21 20:35:06,Full-Grown Giant Panda,39.98
2026-03-21 20:35:06,Full-Grown Giant Panda,39.5
2026-03-21 20:35:06,Luminous Giant Panda,183.9
2026-03-21 20:35:06,Teen Giant Panda,80.0
2026-03-21 20:35:06,Pre-Teen Giant Panda,44.8
2026-03-21 20:35:06,Post-Teen Giant Panda,40.26
2026-03-21 20:35:06,Newborn Giant Panda,43.94
2026-03-21 20:35:06,Junior Giant Panda,49.99
2026-03-21 21:32:09,Newborn Giant Panda,47.71
2026-03-21 21:32:09,Full-Grown Giant Panda,41.15
2026-03-21 21:32:09,Full-Grown Giant Panda,39.98
2026-03-21 21:32:09,Full-Grown Giant Panda,39.69
2026-03-21 21:32:09,Luminous Giant Panda,183.9
2026-03-21 21:32:09,Teen Giant Panda,80.0
2026-03-21 21:32:09,Pre-Teen Giant Panda,44.8
2026-03-21 21:32:09,Post-Teen Giant Panda,40.26
2026-03-21 21:32:09,Newborn Giant Panda,43.94
2026-03-21 21:32:09,Junior Giant Panda,49.99
2026-03-21 22:32:51,Newborn Giant Panda,47.71
2026-03-21 22:32:51,Full-Grown Giant Panda,41.16
2026-03-21 22:32:51,Full-Grown Giant Panda,38.0
2026-03-21 22:32:51,Full-Grown Giant Panda,39.5
2026-03-21 22:32:51,Luminous Giant Panda,183.9
2026-03-21 22:32:51,Teen Giant Panda,80.0
2026-03-21 22:32:51,Pre-Teen Giant Panda,44.8
2026-03-21 22:32:51,Post-Teen Giant Panda,40.26
2026-03-21 22:32:51,Newborn Giant Panda,43.94
2026-03-21 22:32:51,Junior Giant Panda,49.99
2026-03-21 23:32:04,Newborn Giant Panda,37.98
2026-03-21 23:32:04,Full-Grown Giant Panda,40.0
2026-03-21 23:32:04,Full-Grown Giant Panda,37.99
2026-03-21 23:32:04,Full-Grown Giant Panda,39.5
2026-03-21 23:32:04,Luminous Giant Panda,183.9
2026-03-21 23:32:04,Teen Giant Panda,80.0
2026-03-21 23:32:04,Pre-Teen Giant Panda,44.8
2026-03-21 23:32:04,Post-Teen Giant Panda,40.26
2026-03-21 23:32:04,Newborn Giant Panda,43.94
2026-03-21 23:32:04,Junior Giant Panda,49.99
2026-03-22 02:47:50,Newborn Giant Panda,37.98
2026-03-22 02:47:50,Full-Grown Giant Panda,41.14
2026-03-22 02:47:50,Full-Grown Giant Panda,39.0
2026-03-22 02:47:50,Full-Grown Giant Panda,39.69
2026-03-22 02:47:50,Luminous Giant Panda,183.9
2026-03-22 02:47:50,Post-Teen Giant Panda,40.14
2026-03-22 02:47:50,Pre-Teen Giant Panda,44.8
2026-03-22 02:47:50,Teen Giant Panda,80.0
2026-03-22 02:47:50,Post-Teen Giant Panda,42.49
2026-03-22 02:47:50,Junior Giant Panda,39.99
2026-03-22 04:58:11,Newborn Giant Panda,37.98
2026-03-22 04:58:11,Full-Grown Giant Panda,41.16
2026-03-22 04:58:11,Full-Grown Giant Panda,40.5
2026-03-22 04:58:11,Full-Grown Giant Panda,39.69
2026-03-22 04:58:11,Luminous Giant Panda,183.9
2026-03-22 04:58:11,Post-Teen Giant Panda,40.14
2026-03-22 04:58:11,Pre-Teen Giant Panda,44.8
2026-03-22 04:58:11,Teen Giant Panda,80.0
2026-03-22 04:58:11,Post-Teen Giant Panda,42.49
2026-03-22 04:58:11,Junior Giant Panda,39.99
2026-03-22 06:00:36,Newborn Giant Panda,37.98
2026-03-22 06:00:36,Full-Grown Giant Panda,41.16
2026-03-22 06:00:36,Full-Grown Giant Panda,40.5
2026-03-22 06:00:36,Full-Grown Giant Panda,39.68
2026-03-22 06:00:36,Luminous Giant Panda,183.9
2026-03-22 06:00:36,Post-Teen Giant Panda,40.14
2026-03-22 06:00:36,Pre-Teen Giant Panda,44.8
2026-03-22 06:00:36,Teen Giant Panda,80.0
2026-03-22 06:00:36,Post-Teen Giant Panda,42.49
2026-03-22 06:00:36,Junior Giant Panda,39.99
2026-03-22 07:04:27,Newborn Giant Panda,37.98
2026-03-22 07:04:27,Full-Grown Giant Panda,41.15
2026-03-22 07:04:27,Full-Grown Giant Panda,40.49
2026-03-22 07:04:27,Full-Grown Giant Panda,39.67
2026-03-22 07:04:27,Luminous Giant Panda,278.0
2026-03-22 07:04:27,Post-Teen Giant Panda,40.14
2026-03-22 07:04:27,Pre-Teen Giant Panda,44.8
2026-03-22 07:04:27,Post-Teen Giant Panda,42.49
2026-03-22 07:04:27,Teen Giant Panda,39.67
2026-03-22 07:04:27,Junior Giant Panda,39.99
2026-03-22 08:42:30,Newborn Giant Panda,37.98
2026-03-22 08:42:30,Full-Grown Giant Panda,40.0
2026-03-22 08:42:30,Full-Grown Giant Panda,40.4
2026-03-22 08:42:30,Full-Grown Giant Panda,39.67
2026-03-22 08:42:30,Luminous Giant Panda,278.0
2026-03-22 08:42:30,Post-Teen Giant Panda,40.14
2026-03-22 08:42:30,Pre-Teen Giant Panda,44.8
2026-03-22 08:42:30,Post-Teen Giant Panda,42.49
2026-03-22 08:42:30,Teen Giant Panda,39.67
2026-03-22 08:42:30,Newborn Giant Panda,40.62
2026-03-22 09:40:03,Newborn Giant Panda,37.98
2026-03-22 09:40:03,Full-Grown Giant Panda,41.15
2026-03-22 09:40:03,Full-Grown Giant Panda,40.4
2026-03-22 09:40:03,Full-Grown Giant Panda,39.67
2026-03-22 09:40:03,Luminous Giant Panda,278.0
2026-03-22 09:40:03,Post-Teen Giant Panda,40.14
2026-03-22 09:40:03,Pre-Teen Giant Panda,44.8
2026-03-22 09:40:03,Post-Teen Giant Panda,42.49
2026-03-22 09:40:03,Newborn Giant Panda,40.62
2026-03-22 09:40:03,Teen Giant Panda,39.67
2026-03-22 10:35:09,Newborn Giant Panda,37.98
2026-03-22 10:35:09,Full-Grown Giant Panda,41.14
2026-03-22 10:35:09,Full-Grown Giant Panda,40.39
2026-03-22 10:35:09,Full-Grown Giant Panda,39.31
2026-03-22 10:35:09,Luminous Giant Panda,277.99
2026-03-22 10:35:09,Post-Teen Giant Panda,40.14
2026-03-22 10:35:09,Newborn Giant Panda,40.62
2026-03-22 10:35:09,Teen Giant Panda,39.67
2026-03-22 10:35:09,Pre-Teen Giant Panda,44.8
2026-03-22 10:35:09,Post-Teen Giant Panda,42.49
2026-03-22 11:30:09,Newborn Giant Panda,37.98
2026-03-22 11:30:09,Full-Grown Giant Panda,41.0
2026-03-22 11:30:09,Full-Grown Giant Panda,40.0
2026-03-22 11:30:09,Full-Grown Giant Panda,39.68
2026-03-22 11:30:09,Luminous Giant Panda,180.0
2026-03-22 11:30:09,Post-Teen Giant Panda,40.14
2026-03-22 11:30:09,Newborn Giant Panda,40.62
2026-03-22 11:30:09,Teen Giant Panda,39.67
2026-03-22 11:30:09,Pre-Teen Giant Panda,44.8
2026-03-22 11:30:09,Post-Teen Giant Panda,42.49
2026-03-22 13:05:21,Newborn Giant Panda,37.98
2026-03-22 13:05:21,Full-Grown Giant Panda,40.88
2026-03-22 13:05:21,Full-Grown Giant Panda,40.0
2026-03-22 13:05:21,Full-Grown Giant Panda,39.31
2026-03-22 13:05:21,Luminous Giant Panda,179.82
2026-03-22 13:05:21,Post-Teen Giant Panda,40.14
2026-03-22 13:05:21,Teen Giant Panda,39.67
2026-03-22 13:05:21,Pre-Teen Giant Panda,44.8
2026-03-22 13:05:21,Post-Teen Giant Panda,42.49
2026-03-22 13:05:21,Newborn Giant Panda,40.61
2026-03-22 14:35:02,Newborn Giant Panda,37.98
2026-03-22 14:35:02,Full-Grown Giant Panda,40.88
2026-03-22 14:35:02,Full-Grown Giant Panda,40.0
2026-03-22 14:35:02,Full-Grown Giant Panda,39.68
2026-03-22 14:35:02,Luminous Giant Panda,180.0
2026-03-22 14:35:02,Post-Teen Giant Panda,40.14
2026-03-22 14:35:02,Teen Giant Panda,39.67
2026-03-22 14:35:02,Pre-Teen Giant Panda,44.8
2026-03-22 14:35:02,Post-Teen Giant Panda,42.49
2026-03-22 14:35:02,Newborn Giant Panda,40.6
2026-03-22 15:33:08,Newborn Giant Panda,37.98
2026-03-22 15:33:08,Full-Grown Giant Panda,40.88
2026-03-22 15:33:08,Full-Grown Giant Panda,40.0
2026-03-22 15:33:08,Full-Grown Giant Panda,37.97
2026-03-22 15:33:08,Luminous Giant Panda,180.0
2026-03-22 15:33:08,Post-Teen Giant Panda,40.14
2026-03-22 15:33:08,Newborn Giant Panda,40.6
2026-03-22 15:33:08,Pre-Teen Giant Panda,44.8
2026-03-22 15:33:08,Teen Giant Panda,39.67
2026-03-22 15:33:08,Post-Teen Giant Panda,42.49
2026-03-22 16:38:54,Newborn Giant Panda,37.98
2026-03-22 16:38:54,Full-Grown Giant Panda,41.14
2026-03-22 16:38:54,Full-Grown Giant Panda,39.59
2026-03-22 16:38:54,Full-Grown Giant Panda,39.31
2026-03-22 16:38:54,Luminous Giant Panda,180.0
2026-03-22 16:38:54,Post-Teen Giant Panda,44.94
2026-03-22 16:38:54,Pre-Teen Giant Panda,44.8
2026-03-22 16:38:54,Teen Giant Panda,39.67
2026-03-22 16:38:54,Post-Teen Giant Panda,42.49
2026-03-22 16:38:54,Newborn Giant Panda,40.6
2026-03-22 17:31:29,Newborn Giant Panda,37.98
2026-03-22 17:31:29,Full-Grown Giant Panda,41.13
2026-03-22 17:31:29,Full-Grown Giant Panda,39.59
2026-03-22 17:31:29,Full-Grown Giant Panda,39.68
2026-03-22 17:31:29,Luminous Giant Panda,180.0
2026-03-22 17:31:29,Post-Teen Giant Panda,40.14
2026-03-22 17:31:29,Pre-Teen Giant Panda,44.8
2026-03-22 17:31:29,Post-Teen Giant Panda,42.49
2026-03-22 17:31:29,Newborn Giant Panda,40.6
2026-03-22 17:31:29,Teen Giant Panda,80.0
2026-03-22 18:47:18,Newborn Giant Panda,37.98
2026-03-22 18:47:18,Full-Grown Giant Panda,35.07
2026-03-22 18:47:18,Full-Grown Giant Panda,39.59
2026-03-22 18:47:18,Full-Grown Giant Panda,39.68
2026-03-22 18:47:18,Luminous Giant Panda,180.0
2026-03-22 18:47:18,Post-Teen Giant Panda,40.14
2026-03-22 18:47:18,Pre-Teen Giant Panda,44.8
2026-03-22 18:47:18,Post-Teen Giant Panda,42.49
2026-03-22 18:47:18,Teen Giant Panda,39.67
2026-03-22 18:47:18,Teen Giant Panda,39.98
2026-03-22 19:32:43,Newborn Giant Panda,37.98
2026-03-22 19:32:43,Full-Grown Giant Panda,41.13
2026-03-22 19:32:43,Full-Grown Giant Panda,39.59
2026-03-22 19:32:43,Full-Grown Giant Panda,39.68
2026-03-22 19:32:43,Luminous Giant Panda,180.0
2026-03-22 19:32:43,Post-Teen Giant Panda,44.85
2026-03-22 19:32:43,Pre-Teen Giant Panda,44.8
2026-03-22 19:32:43,Newborn Giant Panda,40.6
2026-03-22 19:32:43,Teen Giant Panda,39.67
2026-03-22 19:32:43,Teen Giant Panda,39.98
2026-03-22 20:36:04,Newborn Giant Panda,37.98
2026-03-22 20:36:04,Full-Grown Giant Panda,41.14
2026-03-22 20:36:04,Full-Grown Giant Panda,39.59
2026-03-22 20:36:04,Full-Grown Giant Panda,39.68
2026-03-22 20:36:04,Luminous Giant Panda,278.0
2026-03-22 20:36:04,Post-Teen Giant Panda,44.84
2026-03-22 20:36:04,Teen Giant Panda,39.98
2026-03-22 20:36:04,Post-Teen Giant Panda,42.49
2026-03-22 20:36:04,Pre-Teen Giant Panda,44.8
2026-03-22 20:36:04,Newborn Giant Panda,40.6
2026-03-22 21:33:33,Newborn Giant Panda,37.98
2026-03-22 21:33:33,Full-Grown Giant Panda,41.14
2026-03-22 21:33:33,Full-Grown Giant Panda,39.59
2026-03-22 21:33:33,Full-Grown Giant Panda,39.68
2026-03-22 21:33:33,Luminous Giant Panda,198.9
2026-03-22 21:33:33,Post-Teen Giant Panda,44.94
2026-03-22 21:33:33,Teen Giant Panda,39.98
2026-03-22 21:33:33,Post-Teen Giant Panda,42.49
2026-03-22 21:33:33,Pre-Teen Giant Panda,44.8
2026-03-22 21:33:33,Newborn Giant Panda,40.6
2026-03-22 22:32:59,Newborn Giant Panda,37.98
2026-03-22 22:32:59,Full-Grown Giant Panda,41.15
2026-03-22 22:32:59,Full-Grown Giant Panda,39.0
2026-03-22 22:32:59,Full-Grown Giant Panda,39.68
2026-03-22 22:32:59,Luminous Giant Panda,198.9
2026-03-22 22:32:59,Post-Teen Giant Panda,44.84
2026-03-22 22:32:59,Teen Giant Panda,39.98
2026-03-22 22:32:59,Post-Teen Giant Panda,42.49
2026-03-22 22:32:59,Pre-Teen Giant Panda,44.8
2026-03-22 22:32:59,Teen Giant Panda,39.67
2026-03-22 23:35:22,Newborn Giant Panda,37.98
2026-03-22 23:35:22,Full-Grown Giant Panda,41.15
2026-03-22 23:35:22,Full-Grown Giant Panda,39.59
2026-03-22 23:35:22,Full-Grown Giant Panda,39.68
2026-03-22 23:35:22,Luminous Giant Panda,198.9
2026-03-22 23:35:22,Post-Teen Giant Panda,44.89
2026-03-22 23:35:22,Teen Giant Panda,39.98
2026-03-22 23:35:22,Post-Teen Giant Panda,42.49
2026-03-22 23:35:22,Pre-Teen Giant Panda,44.8
2026-03-22 23:35:22,Teen Giant Panda,39.67
2026-03-23 02:48:08,Newborn Giant Panda,37.98
2026-03-23 02:48:08,Full-Grown Giant Panda,41.16
2026-03-23 02:48:08,Full-Grown Giant Panda,39.59
2026-03-23 02:48:08,Full-Grown Giant Panda,36.37
2026-03-23 02:48:08,Luminous Giant Panda,179.99
2026-03-23 02:48:08,Post-Teen Giant Panda,44.82
2026-03-23 02:48:08,Teen Giant Panda,39.98
2026-03-23 02:48:08,Newborn Giant Panda,40.6
2026-03-23 02:48:08,Pre-Teen Giant Panda,44.8
2026-03-23 02:48:08,Teen Giant Panda,39.67
2026-03-23 05:09:37,Newborn Giant Panda,39.99
2026-03-23 05:09:37,Full-Grown Giant Panda,41.7
2026-03-23 05:09:37,Full-Grown Giant Panda,39.59
2026-03-23 05:09:37,Full-Grown Giant Panda,39.68
2026-03-23 05:09:37,Luminous Giant Panda,179.99
2026-03-23 05:09:37,Post-Teen Giant Panda,39.0
2026-03-23 05:09:37,Teen Giant Panda,39.98
2026-03-23 05:09:37,Post-Teen Giant Panda,42.49
2026-03-23 05:09:37,Junior Giant Panda,41.0
2026-03-23 05:09:37,Pre-Teen Giant Panda,44.8
2026-03-23 07:20:51,Newborn Giant Panda,39.99
2026-03-23 07:20:51,Full-Grown Giant Panda,41.7
2026-03-23 07:20:51,Full-Grown Giant Panda,40.39
2026-03-23 07:20:51,Full-Grown Giant Panda,39.6
2026-03-23 07:20:51,Luminous Giant Panda,179.99
2026-03-23 07:20:51,Post-Teen Giant Panda,39.25
2026-03-23 07:20:51,Teen Giant Panda,39.98
2026-03-23 07:20:51,Post-Teen Giant Panda,42.49
2026-03-23 07:20:51,Junior Giant Panda,41.0
2026-03-23 07:20:51,Teen Giant Panda,39.67
2026-03-23 09:05:48,Newborn Giant Panda,39.99
2026-03-23 09:05:48,Full-Grown Giant Panda,41.7
2026-03-23 09:05:48,Full-Grown Giant Panda,39.99
2026-03-23 09:05:48,Full-Grown Giant Panda,39.6
2026-03-23 09:05:48,Luminous Giant Panda,179.99
2026-03-23 09:05:48,Post-Teen Giant Panda,39.25
2026-03-23 09:05:48,Teen Giant Panda,39.98
2026-03-23 09:05:48,Post-Teen Giant Panda,42.49
2026-03-23 09:05:48,Newborn Giant Panda,40.07
2026-03-23 09:05:48,Junior Giant Panda,41.0
2026-03-23 10:58:40,Newborn Giant Panda,39.99
2026-03-23 10:58:40,Full-Grown Giant Panda,41.7
2026-03-23 10:58:40,Full-Grown Giant Panda,39.99
2026-03-23 10:58:40,Full-Grown Giant Panda,39.6
2026-03-23 10:58:40,Luminous Giant Panda,179.99
2026-03-23 10:58:40,Post-Teen Giant Panda,39.25
2026-03-23 10:58:40,Junior Giant Panda,41.0
2026-03-23 10:58:40,Post-Teen Giant Panda,42.49
2026-03-23 10:58:40,Teen Giant Panda,39.98
2026-03-23 10:58:40,Teen Giant Panda,80.0
2026-03-23 11:51:22,Newborn Giant Panda,39.99
2026-03-23 11:51:22,Full-Grown Giant Panda,41.7
2026-03-23 11:51:22,Full-Grown Giant Panda,39.99
2026-03-23 11:51:22,Full-Grown Giant Panda,39.6
2026-03-23 11:51:22,Luminous Giant Panda,179.99
2026-03-23 11:51:22,Post-Teen Giant Panda,39.25
2026-03-23 11:51:22,Junior Giant Panda,41.0
2026-03-23 11:51:22,Teen Giant Panda,39.98
2026-03-23 11:51:22,Teen Giant Panda,80.0
2026-03-23 11:51:22,Post-Teen Giant Panda,39.5
2026-03-23 13:22:10,Newborn Giant Panda,39.99
2026-03-23 13:22:10,Full-Grown Giant Panda,41.7
2026-03-23 13:22:10,Full-Grown Giant Panda,39.9
2026-03-23 13:22:10,Full-Grown Giant Panda,39.68
2026-03-23 13:22:10,Luminous Giant Panda,198.9
2026-03-23 13:22:10,Post-Teen Giant Panda,45.01
2026-03-23 13:22:10,Teen Giant Panda,39.98
2026-03-23 13:22:10,Teen Giant Panda,80.0
2026-03-23 13:22:10,Post-Teen Giant Panda,39.49
2026-03-23 13:22:10,Junior Giant Panda,40.99
2026-03-23 15:02:48,Newborn Giant Panda,39.99
2026-03-23 15:02:48,Full-Grown Giant Panda,41.5
2026-03-23 15:02:48,Full-Grown Giant Panda,39.97
2026-03-23 15:02:48,Full-Grown Giant Panda,39.68
2026-03-23 15:02:48,Luminous Giant Panda,198.9
2026-03-23 15:02:48,Post-Teen Giant Panda,45.13
2026-03-23 15:02:48,Post-Teen Giant Panda,39.49
2026-03-23 15:02:48,Teen Giant Panda,39.98
2026-03-23 15:02:48,Teen Giant Panda,80.0
2026-03-23 15:02:48,Junior Giant Panda,40.99
2026-03-23 17:00:49,Newborn Giant Panda,39.99
2026-03-23 17:00:49,Full-Grown Giant Panda,41.5
2026-03-23 17:00:49,Full-Grown Giant Panda,39.97
2026-03-23 17:00:49,Full-Grown Giant Panda,39.68
2026-03-23 17:00:49,Luminous Giant Panda,178.6
2026-03-23 17:00:49,Post-Teen Giant Panda,45.02
2026-03-23 17:00:49,Post-Teen Giant Panda,39.49
2026-03-23 17:00:49,Junior Giant Panda,40.99
2026-03-23 17:00:49,Teen Giant Panda,80.0
2026-03-23 17:00:49,Teen Giant Panda,39.98
2026-03-23 17:59:41,Newborn Giant Panda,39.99
2026-03-23 17:59:41,Full-Grown Giant Panda,41.5
2026-03-23 17:59:41,Full-Grown Giant Panda,39.97
2026-03-23 17:59:41,Full-Grown Giant Panda,39.68
2026-03-23 17:59:41,Luminous Giant Panda,178.6
2026-03-23 17:59:41,Post-Teen Giant Panda,44.94
2026-03-23 17:59:41,Post-Teen Giant Panda,39.49
2026-03-23 17:59:41,Junior Giant Panda,40.99
2026-03-23 17:59:41,Teen Giant Panda,80.0
2026-03-23 17:59:41,Teen Giant Panda,73.83
2026-03-23 19:09:41,Newborn Giant Panda,39.99
2026-03-23 19:09:41,Full-Grown Giant Panda,41.5
2026-03-23 19:09:41,Full-Grown Giant Panda,39.97
2026-03-23 19:09:41,Full-Grown Giant Panda,39.69
2026-03-23 19:09:41,Luminous Giant Panda,178.6
2026-03-23 19:09:41,Post-Teen Giant Panda,44.94
2026-03-23 19:09:41,Post-Teen Giant Panda,39.49
2026-03-23 19:09:41,Junior Giant Panda,40.99
2026-03-23 19:09:41,Teen Giant Panda,80.0
2026-03-23 19:09:41,Teen Giant Panda,39.98
2026-03-23 20:43:30,Newborn Giant Panda,39.99
2026-03-23 20:43:30,Full-Grown Giant Panda,41.4
2026-03-23 20:43:30,Full-Grown Giant Panda,39.97
2026-03-23 20:43:30,Full-Grown Giant Panda,39.69
2026-03-23 20:43:30,Luminous Giant Panda,178.51
2026-03-23 20:43:30,Post-Teen Giant Panda,44.94
2026-03-23 20:43:30,Post-Teen Giant Panda,49.99
2026-03-23 20:43:30,Junior Giant Panda,40.99
2026-03-23 20:43:30,Teen Giant Panda,80.0
2026-03-23 20:43:30,Teen Giant Panda,39.98
2026-03-23 21:43:33,Newborn Giant Panda,39.99
2026-03-23 21:43:33,Full-Grown Giant Panda,41.4
2026-03-23 21:43:33,Full-Grown Giant Panda,40.39
2026-03-23 21:43:33,Full-Grown Giant Panda,39.68
2026-03-23 21:43:33,Luminous Giant Panda,178.51
2026-03-23 21:43:33,Post-Teen Giant Panda,49.99
2026-03-23 21:43:33,Post-Teen Giant Panda,44.94
2026-03-23 21:43:33,Junior Giant Panda,40.99
2026-03-23 21:43:33,Teen Giant Panda,80.0
2026-03-23 21:43:33,Teen Giant Panda,39.98
2026-03-23 22:39:36,Newborn Giant Panda,39.99
2026-03-23 22:39:36,Full-Grown Giant Panda,41.39
2026-03-23 22:39:36,Full-Grown Giant Panda,40.39
2026-03-23 22:39:36,Full-Grown Giant Panda,39.79
2026-03-23 22:39:36,Luminous Giant Panda,178.6
2026-03-23 22:39:36,Post-Teen Giant Panda,49.99
2026-03-23 22:39:36,Post-Teen Giant Panda,44.94
2026-03-23 22:39:36,Teen Giant Panda,80.0
2026-03-23 22:39:36,Teen Giant Panda,39.98
2026-03-23 22:39:36,Junior Giant Panda,40.99
2026-03-23 23:39:27,Newborn Giant Panda,39.99
2026-03-23 23:39:27,Full-Grown Giant Panda,41.5
2026-03-23 23:39:27,Full-Grown Giant Panda,40.39
2026-03-23 23:39:27,Full-Grown Giant Panda,39.89
2026-03-23 23:39:27,Luminous Giant Panda,178.6
2026-03-23 23:39:27,Post-Teen Giant Panda,49.99
2026-03-23 23:39:27,Post-Teen Giant Panda,44.94
2026-03-23 23:39:27,Teen Giant Panda,39.98
2026-03-23 23:39:27,Junior Giant Panda,40.99
2026-03-23 23:39:27,Teen Giant Panda,80.0
2026-03-24 02:39:36,Newborn Giant Panda,39.99
2026-03-24 02:39:36,Full-Grown Giant Panda,41.43
2026-03-24 02:39:36,Full-Grown Giant Panda,40.39
2026-03-24 02:39:36,Full-Grown Giant Panda,40.24
2026-03-24 02:39:36,Luminous Giant Panda,177.9
2026-03-24 02:39:36,Post-Teen Giant Panda,49.99
2026-03-24 02:39:36,Post-Teen Giant Panda,44.94
2026-03-24 02:39:36,Teen Giant Panda,73.75
2026-03-24 02:39:36,Junior Giant Panda,41.0
2026-03-24 02:39:36,Post-Teen Giant Panda,54.19
2026-03-24 04:59:42,Newborn Giant Panda,39.99
2026-03-24 04:59:42,Full-Grown Giant Panda,41.3
2026-03-24 04:59:42,Full-Grown Giant Panda,40.35
2026-03-24 04:59:42,Full-Grown Giant Panda,40.24
2026-03-24 04:59:42,Luminous Giant Panda,176.76
2026-03-24 04:59:42,Post-Teen Giant Panda,49.99
2026-03-24 04:59:42,Post-Teen Giant Panda,44.94
2026-03-24 04:59:42,Teen Giant Panda,73.7
2026-03-24 04:59:42,Junior Giant Panda,41.0
2026-03-24 04:59:42,Post-Teen Giant Panda,54.19
2026-03-24 06:09:05,Newborn Giant Panda,39.99
2026-03-24 06:09:05,Full-Grown Giant Panda,41.3
2026-03-24 06:09:05,Full-Grown Giant Panda,40.0
2026-03-24 06:09:05,Full-Grown Giant Panda,40.24
2026-03-24 06:09:05,Luminous Giant Panda,176.76
2026-03-24 06:09:05,Post-Teen Giant Panda,49.99
2026-03-24 06:09:05,Post-Teen Giant Panda,44.94
2026-03-24 06:09:05,Junior Giant Panda,41.0
2026-03-24 06:09:05,Teen Giant Panda,73.75
2026-03-24 06:09:05,Post-Teen Giant Panda,54.19
2026-03-24 07:58:10,Newborn Giant Panda,39.99
2026-03-24 07:58:10,Full-Grown Giant Panda,41.1
2026-03-24 07:58:10,Full-Grown Giant Panda,36.67
2026-03-24 07:58:10,Full-Grown Giant Panda,36.0
2026-03-24 07:58:10,Luminous Giant Panda,176.76
2026-03-24 07:58:10,Post-Teen Giant Panda,49.99
2026-03-24 07:58:10,Post-Teen Giant Panda,44.94
2026-03-24 07:58:10,Junior Giant Panda,41.0
2026-03-24 07:58:10,Teen Giant Panda,39.0
2026-03-24 07:58:10,Post-Teen Giant Panda,54.63
2026-03-24 09:03:24,Newborn Giant Panda,39.99
2026-03-24 09:03:24,Full-Grown Giant Panda,41.1
2026-03-24 09:03:24,Full-Grown Giant Panda,37.0
2026-03-24 09:03:24,Full-Grown Giant Panda,37.0
2026-03-24 09:03:24,Luminous Giant Panda,176.76
2026-03-24 09:03:24,Post-Teen Giant Panda,49.99
2026-03-24 09:03:24,Post-Teen Giant Panda,44.94
2026-03-24 09:03:24,Junior Giant Panda,41.0
2026-03-24 09:03:24,Teen Giant Panda,39.0
2026-03-24 09:03:24,Post-Teen Giant Panda,54.63
2026-03-24 10:57:23,Newborn Giant Panda,39.99
2026-03-24 10:57:23,Full-Grown Giant Panda,41.1
2026-03-24 10:57:23,Full-Grown Giant Panda,37.0
2026-03-24 10:57:23,Full-Grown Giant Panda,36.99
2026-03-24 10:57:23,Luminous Giant Panda,176.76
2026-03-24 10:57:23,Post-Teen Giant Panda,49.99
2026-03-24 10:57:23,Post-Teen Giant Panda,44.94
2026-03-24 10:57:23,Junior Giant Panda,41.0
2026-03-24 10:57:23,Teen Giant Panda,39.0
2026-03-24 10:57:23,Post-Teen Giant Panda,54.63
2026-03-24 11:51:15,Newborn Giant Panda,39.99
2026-03-24 11:51:15,Full-Grown Giant Panda,41.1
2026-03-24 11:51:15,Full-Grown Giant Panda,40.35
2026-03-24 11:51:15,Full-Grown Giant Panda,36.99
2026-03-24 11:51:15,Luminous Giant Panda,176.76
2026-03-24 11:51:15,Post-Teen Giant Panda,49.99
2026-03-24 11:51:15,Post-Teen Giant Panda,44.94
2026-03-24 11:51:15,Teen Giant Panda,39.0
2026-03-24 11:51:15,Junior Giant Panda,41.0
2026-03-24 11:51:15,Newborn Giant Panda,40.04
2026-03-24 13:25:58,Newborn Giant Panda,39.99
2026-03-24 13:25:58,Full-Grown Giant Panda,41.0
2026-03-24 13:25:58,Full-Grown Giant Panda,36.0
2026-03-24 13:25:58,Full-Grown Giant Panda,36.0
2026-03-24 13:25:58,Luminous Giant Panda,176.76
2026-03-24 13:25:58,Post-Teen Giant Panda,49.99
2026-03-24 13:25:58,Post-Teen Giant Panda,44.94
2026-03-24 13:25:58,Newborn Giant Panda,40.04
2026-03-24 13:25:58,Teen Giant Panda,39.0
2026-03-24 13:25:58,Junior Giant Panda,41.0
2026-03-24 15:06:02,Newborn Giant Panda,39.99
2026-03-24 15:06:02,Full-Grown Giant Panda,41.0
2026-03-24 15:06:02,Full-Grown Giant Panda,39.99
2026-03-24 15:06:02,Full-Grown Giant Panda,36.0
2026-03-24 15:06:02,Luminous Giant Panda,176.76
2026-03-24 15:06:02,Post-Teen Giant Panda,49.99
2026-03-24 15:06:02,Post-Teen Giant Panda,44.94
2026-03-24 15:06:02,Newborn Giant Panda,40.04
2026-03-24 15:06:02,Teen Giant Panda,39.0
2026-03-24 15:06:02,Junior Giant Panda,39.99
2026-03-24 17:07:17,Newborn Giant Panda,39.99
2026-03-24 17:07:17,Full-Grown Giant Panda,41.0
2026-03-24 17:07:17,Full-Grown Giant Panda,39.98
2026-03-24 17:07:17,Full-Grown Giant Panda,40.24
2026-03-24 17:07:17,Luminous Giant Panda,171.88
2026-03-24 17:07:17,Post-Teen Giant Panda,49.99
2026-03-24 17:07:17,Post-Teen Giant Panda,44.94
2026-03-24 17:07:17,Newborn Giant Panda,40.04
2026-03-24 17:07:17,Teen Giant Panda,39.0
2026-03-24 17:07:17,Junior Giant Panda,39.99
2026-03-24 19:13:20,Newborn Giant Panda,39.99
2026-03-24 19:13:20,Full-Grown Giant Panda,41.0
2026-03-24 19:13:20,Full-Grown Giant Panda,39.98
2026-03-24 19:13:20,Full-Grown Giant Panda,40.24
2026-03-24 19:13:20,Luminous Giant Panda,169.9
2026-03-24 19:13:20,Post-Teen Giant Panda,49.99
2026-03-24 19:13:20,Post-Teen Giant Panda,44.94
2026-03-24 19:13:20,Teen Giant Panda,73.72
2026-03-24 19:13:20,Newborn Giant Panda,40.04
2026-03-24 19:13:20,Junior Giant Panda,39.99
2026-03-24 20:50:57,Newborn Giant Panda,39.99
2026-03-24 20:50:57,Full-Grown Giant Panda,41.0
2026-03-24 20:50:57,Full-Grown Giant Panda,40.0
2026-03-24 20:50:57,Full-Grown Giant Panda,40.24
2026-03-24 20:50:57,Luminous Giant Panda,169.9
2026-03-24 20:50:57,Post-Teen Giant Panda,49.99
2026-03-24 20:50:57,Teen Giant Panda,73.86
2026-03-24 20:50:57,Post-Teen Giant Panda,44.94
2026-03-24 20:50:57,Newborn Giant Panda,40.04
2026-03-24 20:50:57,Junior Giant Panda,41.0
2026-03-24 21:44:31,Newborn Giant Panda,39.99
2026-03-24 21:44:31,Full-Grown Giant Panda,41.0
2026-03-24 21:44:31,Full-Grown Giant Panda,40.49
2026-03-24 21:44:31,Full-Grown Giant Panda,40.24
2026-03-24 21:44:31,Luminous Giant Panda,169.9
2026-03-24 21:44:31,Post-Teen Giant Panda,49.99
2026-03-24 21:44:31,Teen Giant Panda,73.86
2026-03-24 21:44:31,Post-Teen Giant Panda,44.94
2026-03-24 21:44:31,Newborn Giant Panda,40.04
2026-03-24 21:44:31,Junior Giant Panda,41.0
2026-03-24 22:39:32,Newborn Giant Panda,39.99
2026-03-24 22:39:32,Full-Grown Giant Panda,41.0
2026-03-24 22:39:32,Full-Grown Giant Panda,40.49
2026-03-24 22:39:32,Full-Grown Giant Panda,36.0
2026-03-24 22:39:32,Luminous Giant Panda,169.9
2026-03-24 22:39:32,Post-Teen Giant Panda,49.99
2026-03-24 22:39:32,Junior Giant Panda,41.0
2026-03-24 22:39:32,Teen Giant Panda,73.88
2026-03-24 22:39:32,Post-Teen Giant Panda,44.94
2026-03-24 22:39:32,Newborn Giant Panda,40.04
2026-03-24 23:38:38,Newborn Giant Panda,39.99
2026-03-24 23:38:38,Full-Grown Giant Panda,40.5
2026-03-24 23:38:38,Full-Grown Giant Panda,40.49
2026-03-24 23:38:38,Full-Grown Giant Panda,40.24
2026-03-24 23:38:38,Luminous Giant Panda,169.9
2026-03-24 23:38:38,Post-Teen Giant Panda,49.99
2026-03-24 23:38:38,Junior Giant Panda,41.0
2026-03-24 23:38:38,Teen Giant Panda,73.94
2026-03-24 23:38:38,Post-Teen Giant Panda,44.94
2026-03-24 23:38:38,Newborn Giant Panda,40.04
2026-03-25 02:44:42,Newborn Giant Panda,39.99
2026-03-25 02:44:42,Full-Grown Giant Panda,42.0
2026-03-25 02:44:42,Full-Grown Giant Panda,40.49
2026-03-25 02:44:42,Full-Grown Giant Panda,40.24
2026-03-25 02:44:42,Post-Teen Giant Panda,49.99
2026-03-25 02:44:42,Luminous Giant Panda,169.9
2026-03-25 02:44:42,Junior Giant Panda,41.0
2026-03-25 02:44:42,Teen Giant Panda,73.86
2026-03-25 02:44:42,Post-Teen Giant Panda,44.94
2026-03-25 02:44:42,Teen Giant Panda,80.0
2026-03-25 05:00:01,Newborn Giant Panda,39.99
2026-03-25 05:00:01,Full-Grown Giant Panda,44.57
2026-03-25 05:00:01,Full-Grown Giant Panda,40.4
2026-03-25 05:00:01,Full-Grown Giant Panda,39.8
2026-03-25 05:00:01,Post-Teen Giant Panda,49.99
2026-03-25 05:00:01,Luminous Giant Panda,168.9
2026-03-25 05:00:01,Junior Giant Panda,41.0
2026-03-25 05:00:01,Teen Giant Panda,73.81
2026-03-25 05:00:01,Post-Teen Giant Panda,44.94
2026-03-25 05:00:01,Teen Giant Panda,80.0
2026-03-25 06:10:10,Newborn Giant Panda,39.99
2026-03-25 06:10:10,Full-Grown Giant Panda,44.57
2026-03-25 06:10:10,Full-Grown Giant Panda,40.4
2026-03-25 06:10:10,Full-Grown Giant Panda,38.0
2026-03-25 06:10:10,Post-Teen Giant Panda,49.99
2026-03-25 06:10:10,Luminous Giant Panda,168.9
2026-03-25 06:10:10,Junior Giant Panda,41.0
2026-03-25 06:10:10,Teen Giant Panda,73.77
2026-03-25 06:10:10,Post-Teen Giant Panda,44.94
2026-03-25 06:10:10,Teen Giant Panda,80.0
2026-03-25 07:57:49,Newborn Giant Panda,39.99
2026-03-25 07:57:49,Full-Grown Giant Panda,42.0
2026-03-25 07:57:49,Full-Grown Giant Panda,40.4
2026-03-25 07:57:49,Full-Grown Giant Panda,37.99
2026-03-25 07:57:49,Post-Teen Giant Panda,49.99
2026-03-25 07:57:49,Luminous Giant Panda,168.9
2026-03-25 07:57:49,Junior Giant Panda,41.0
2026-03-25 07:57:49,Teen Giant Panda,73.79
2026-03-25 07:57:49,Post-Teen Giant Panda,44.94
2026-03-25 07:57:49,Newborn Giant Panda,45.97
2026-03-25 09:03:02,Newborn Giant Panda,39.99
2026-03-25 09:03:02,Full-Grown Giant Panda,42.0
2026-03-25 09:03:02,Full-Grown Giant Panda,40.4
2026-03-25 09:03:02,Full-Grown Giant Panda,38.8
2026-03-25 09:03:02,Post-Teen Giant Panda,49.99
2026-03-25 09:03:02,Luminous Giant Panda,168.9
2026-03-25 09:03:02,Teen Giant Panda,73.89
2026-03-25 09:03:02,Junior Giant Panda,40.0
2026-03-25 09:03:02,Post-Teen Giant Panda,44.94
2026-03-25 09:03:02,Teen Giant Panda,80.0
2026-03-25 10:55:27,Newborn Giant Panda,39.99
2026-03-25 10:55:27,Full-Grown Giant Panda,42.0
2026-03-25 10:55:27,Full-Grown Giant Panda,40.4
2026-03-25 10:55:27,Full-Grown Giant Panda,38.8
2026-03-25 10:55:27,Post-Teen Giant Panda,49.99
2026-03-25 10:55:27,Luminous Giant Panda,168.9
2026-03-25 10:55:27,Teen Giant Panda,73.8
2026-03-25 10:55:27,Junior Giant Panda,40.0
2026-03-25 10:55:27,Post-Teen Giant Panda,44.94
2026-03-25 10:55:27,Teen Giant Panda,80.0
2026-03-25 11:47:33,Newborn Giant Panda,39.99
2026-03-25 11:47:33,Full-Grown Giant Panda,42.0
2026-03-25 11:47:33,Full-Grown Giant Panda,40.4
2026-03-25 11:47:33,Full-Grown Giant Panda,38.8
2026-03-25 11:47:33,Post-Teen Giant Panda,49.99
2026-03-25 11:47:33,Luminous Giant Panda,168.9
2026-03-25 11:47:33,Teen Giant Panda,73.85
2026-03-25 11:47:33,Junior Giant Panda,40.0
2026-03-25 11:47:33,Post-Teen Giant Panda,43.09
2026-03-25 11:47:33,Teen Giant Panda,80.0
2026-03-25 13:25:10,Newborn Giant Panda,39.99
2026-03-25 13:25:10,Full-Grown Giant Panda,42.0
2026-03-25 13:25:10,Full-Grown Giant Panda,40.43
2026-03-25 13:25:10,Full-Grown Giant Panda,41.75
2026-03-25 13:25:10,Post-Teen Giant Panda,49.99
2026-03-25 13:25:10,Luminous Giant Panda,168.9
2026-03-25 13:25:10,Teen Giant Panda,73.75
2026-03-25 13:25:10,Junior Giant Panda,40.0
2026-03-25 13:25:10,Post-Teen Giant Panda,43.09
2026-03-25 13:25:10,Teen Giant Panda,80.0
2026-03-25 15:07:33,Newborn Giant Panda,39.99
2026-03-25 15:07:33,Full-Grown Giant Panda,42.0
2026-03-25 15:07:33,Full-Grown Giant Panda,40.49
2026-03-25 15:07:33,Full-Grown Giant Panda,41.75
2026-03-25 15:07:33,Luminous Giant Panda,168.9
2026-03-25 15:07:33,Post-Teen Giant Panda,49.99
2026-03-25 15:07:33,Junior Giant Panda,40.0
2026-03-25 15:07:33,Post-Teen Giant Panda,43.09
2026-03-25 15:07:33,Teen Giant Panda,73.74
2026-03-25 15:07:33,Newborn Giant Panda,45.94
2026-03-25 17:11:10,Newborn Giant Panda,39.99
2026-03-25 17:11:10,Full-Grown Giant Panda,42.0
2026-03-25 17:11:10,Full-Grown Giant Panda,40.49
2026-03-25 17:11:10,Full-Grown Giant Panda,41.75
2026-03-25 17:11:10,Post-Teen Giant Panda,49.99
2026-03-25 17:11:10,Luminous Giant Panda,168.8
2026-03-25 17:11:10,Post-Teen Giant Panda,43.09
2026-03-25 17:11:10,Teen Giant Panda,73.62
2026-03-25 17:11:10,Junior Giant Panda,40.0
2026-03-25 17:11:10,Newborn Giant Panda,45.87
2026-03-25 19:04:22,Newborn Giant Panda,39.99
2026-03-25 19:04:22,Full-Grown Giant Panda,41.71
2026-03-25 19:04:22,Full-Grown Giant Panda,40.49
2026-03-25 19:04:22,Full-Grown Giant Panda,41.75
2026-03-25 19:04:22,Post-Teen Giant Panda,49.99
2026-03-25 19:04:22,Luminous Giant Panda,168.8
2026-03-25 19:04:22,Post-Teen Giant Panda,43.09
2026-03-25 19:04:22,Teen Giant Panda,73.61
2026-03-25 19:04:22,Junior Giant Panda,38.91
2026-03-25 19:04:22,Newborn Giant Panda,45.87
2026-03-25 20:48:23,Newborn Giant Panda,39.99
2026-03-25 20:48:23,Full-Grown Giant Panda,41.71
2026-03-25 20:48:23,Full-Grown Giant Panda,40.49
2026-03-25 20:48:23,Full-Grown Giant Panda,41.75
2026-03-25 20:48:23,Post-Teen Giant Panda,49.99
2026-03-25 20:48:23,Luminous Giant Panda,168.8
2026-03-25 20:48:23,Teen Giant Panda,73.56
2026-03-25 20:48:23,Junior Giant Panda,38.91
2026-03-25 20:48:23,Post-Teen Giant Panda,43.09
2026-03-25 20:48:23,Teen Giant Panda,80.0
2026-03-25 21:47:48,Newborn Giant Panda,39.99
2026-03-25 21:47:48,Full-Grown Giant Panda,44.57
2026-03-25 21:47:48,Full-Grown Giant Panda,40.49
2026-03-25 21:47:48,Full-Grown Giant Panda,41.75
2026-03-25 21:47:48,Luminous Giant Panda,168.8
2026-03-25 21:47:48,Post-Teen Giant Panda,49.99
2026-03-25 21:47:48,Post-Teen Giant Panda,43.09
2026-03-25 21:47:48,Teen Giant Panda,73.58
2026-03-25 21:47:48,Junior Giant Panda,40.0
2026-03-25 21:47:48,Teen Giant Panda,80.0
2026-03-25 22:43:29,Newborn Giant Panda,39.99
2026-03-25 22:43:29,Full-Grown Giant Panda,41.71
2026-03-25 22:43:29,Full-Grown Giant Panda,40.49
2026-03-25 22:43:29,Full-Grown Giant Panda,42.68
2026-03-25 22:43:29,Junior Giant Panda,40.0
2026-03-25 22:43:29,Post-Teen Giant Panda,49.99
2026-03-25 22:43:29,Luminous Giant Panda,168.8
2026-03-25 22:43:29,Teen Giant Panda,73.56
2026-03-25 22:43:29,Post-Teen Giant Panda,43.09
2026-03-25 22:43:29,Teen Giant Panda,80.0
2026-03-25 23:41:46,Newborn Giant Panda,39.99
2026-03-25 23:41:46,Full-Grown Giant Panda,41.71
2026-03-25 23:41:46,Full-Grown Giant Panda,40.49
2026-03-25 23:41:46,Full-Grown Giant Panda,42.68
2026-03-25 23:41:46,Junior Giant Panda,40.0
2026-03-25 23:41:46,Post-Teen Giant Panda,49.99
2026-03-25 23:41:46,Post-Teen Giant Panda,43.09
2026-03-25 23:41:46,Luminous Giant Panda,168.8
2026-03-25 23:41:46,Teen Giant Panda,73.58
2026-03-25 23:41:46,Teen Giant Panda,80.0
2026-03-26 02:51:33,Newborn Giant Panda,39.99
2026-03-26 02:51:33,Full-Grown Giant Panda,44.57
2026-03-26 02:51:33,Full-Grown Giant Panda,40.49
2026-03-26 02:51:33,Full-Grown Giant Panda,42.68
2026-03-26 02:51:33,Post-Teen Giant Panda,43.09
2026-03-26 02:51:33,Post-Teen Giant Panda,49.99
2026-03-26 02:51:33,Junior Giant Panda,40.0
2026-03-26 02:51:33,Teen Giant Panda,73.56
2026-03-26 02:51:33,Luminous Giant Panda,168.8
2026-03-26 02:51:33,Newborn Giant Panda,44.5
2026-03-26 05:12:08,Newborn Giant Panda,39.98
2026-03-26 05:12:08,Full-Grown Giant Panda,44.12
2026-03-26 05:12:08,Full-Grown Giant Panda,39.99
2026-03-26 05:12:08,Full-Grown Giant Panda,39.9
2026-03-26 05:12:08,Post-Teen Giant Panda,43.09
2026-03-26 05:12:08,Post-Teen Giant Panda,49.99
2026-03-26 05:12:08,Teen Giant Panda,73.62
2026-03-26 05:12:08,Junior Giant Panda,40.0
2026-03-26 05:12:08,Luminous Giant Panda,165.0
2026-03-26 05:12:08,Newborn Giant Panda,44.5
2026-03-26 07:22:24,Newborn Giant Panda,39.98
2026-03-26 07:22:24,Full-Grown Giant Panda,43.5
2026-03-26 07:22:24,Full-Grown Giant Panda,39.9
2026-03-26 07:22:24,Full-Grown Giant Panda,39.8
2026-03-26 07:22:24,Post-Teen Giant Panda,43.09
2026-03-26 07:22:24,Post-Teen Giant Panda,49.99
2026-03-26 07:22:24,Junior Giant Panda,39.39
2026-03-26 07:22:24,Luminous Giant Panda,164.8
2026-03-26 07:22:24,Teen Giant Panda,39.8
2026-03-26 07:22:24,Newborn Giant Panda,44.5
2026-03-26 09:05:46,Newborn Giant Panda,39.98
2026-03-26 09:05:46,Full-Grown Giant Panda,42.2
2026-03-26 09:05:46,Full-Grown Giant Panda,39.9
2026-03-26 09:05:46,Full-Grown Giant Panda,39.8
2026-03-26 09:05:46,Post-Teen Giant Panda,49.99
2026-03-26 09:05:46,Post-Teen Giant Panda,43.09
2026-03-26 09:05:46,Junior Giant Panda,40.0
2026-03-26 09:05:46,Teen Giant Panda,39.8
2026-03-26 09:05:46,Luminous Giant Panda,164.8
2026-03-26 09:05:46,Newborn Giant Panda,44.5
2026-03-26 10:59:12,Newborn Giant Panda,39.9
2026-03-26 10:59:12,Full-Grown Giant Panda,42.2
2026-03-26 10:59:12,Full-Grown Giant Panda,39.9
2026-03-26 10:59:12,Full-Grown Giant Panda,39.8
2026-03-26 10:59:12,Junior Giant Panda,49.91
2026-03-26 10:59:12,Post-Teen Giant Panda,43.09
2026-03-26 10:59:12,Post-Teen Giant Panda,49.99
2026-03-26 10:59:12,Luminous Giant Panda,164.8
2026-03-26 10:59:12,Teen Giant Panda,39.8
2026-03-26 10:59:12,Newborn Giant Panda,44.5
2026-03-26 11:56:49,Newborn Giant Panda,39.9
2026-03-26 11:56:49,Full-Grown Giant Panda,42.2
2026-03-26 11:56:49,Full-Grown Giant Panda,39.9
2026-03-26 11:56:49,Full-Grown Giant Panda,39.8
2026-03-26 11:56:49,Post-Teen Giant Panda,49.99
2026-03-26 11:56:49,Post-Teen Giant Panda,40.0
2026-03-26 11:56:49,Junior Giant Panda,40.0
2026-03-26 11:56:49,Teen Giant Panda,39.8
2026-03-26 11:56:49,Luminous Giant Panda,164.7
2026-03-26 11:56:49,Newborn Giant Panda,44.5
2026-03-26 13:49:37,Newborn Giant Panda,39.9
2026-03-26 13:49:37,Full-Grown Giant Panda,42.2
2026-03-26 13:49:37,Full-Grown Giant Panda,39.82
2026-03-26 13:49:37,Full-Grown Giant Panda,42.68
2026-03-26 13:49:37,Post-Teen Giant Panda,49.99
2026-03-26 13:49:37,Post-Teen Giant Panda,40.0
2026-03-26 13:49:37,Junior Giant Panda,40.0
2026-03-26 13:49:37,Teen Giant Panda,39.8
2026-03-26 13:49:37,Luminous Giant Panda,164.7
2026-03-26 13:49:37,Newborn Giant Panda,44.0
2026-03-26 15:12:48,Newborn Giant Panda,39.9
2026-03-26 15:12:48,Full-Grown Giant Panda,42.2
2026-03-26 15:12:48,Full-Grown Giant Panda,39.89
2026-03-26 15:12:48,Full-Grown Giant Panda,42.68
2026-03-26 15:12:48,Post-Teen Giant Panda,49.99
2026-03-26 15:12:48,Post-Teen Giant Panda,40.0
2026-03-26 15:12:48,Junior Giant Panda,40.0
2026-03-26 15:12:48,Teen Giant Panda,39.8
2026-03-26 15:12:48,Luminous Giant Panda,164.7
2026-03-26 15:12:48,Newborn Giant Panda,44.0
2026-03-26 17:10:59,Newborn Giant Panda,39.9
2026-03-26 17:10:59,Full-Grown Giant Panda,42.2
2026-03-26 17:10:59,Full-Grown Giant Panda,39.82
2026-03-26 17:10:59,Full-Grown Giant Panda,42.68
2026-03-26 17:10:59,Post-Teen Giant Panda,49.99
2026-03-26 17:10:59,Junior Giant Panda,40.0
2026-03-26 17:10:59,Post-Teen Giant Panda,40.0
2026-03-26 17:10:59,Teen Giant Panda,39.8
2026-03-26 17:10:59,Luminous Giant Panda,164.7
2026-03-26 17:10:59,Newborn Giant Panda,44.0
2026-03-26 19:17:17,Newborn Giant Panda,39.9
2026-03-26 19:17:17,Full-Grown Giant Panda,42.0
2026-03-26 19:17:17,Full-Grown Giant Panda,39.8
2026-03-26 19:17:17,Full-Grown Giant Panda,42.68
2026-03-26 19:17:17,Post-Teen Giant Panda,49.99
2026-03-26 19:17:17,Junior Giant Panda,40.0
2026-03-26 19:17:17,Post-Teen Giant Panda,40.0
2026-03-26 19:17:17,Luminous Giant Panda,164.3
2026-03-26 19:17:17,Teen Giant Panda,39.5
2026-03-26 19:17:17,Newborn Giant Panda,44.0
2026-03-26 20:41:49,Newborn Giant Panda,39.9
2026-03-26 20:41:49,Full-Grown Giant Panda,42.0
2026-03-26 20:41:49,Full-Grown Giant Panda,39.8
2026-03-26 20:41:49,Full-Grown Giant Panda,42.68
2026-03-26 20:41:49,Post-Teen Giant Panda,49.99
2026-03-26 20:41:49,Junior Giant Panda,40.0
2026-03-26 20:41:49,Post-Teen Giant Panda,40.0
2026-03-26 20:41:49,Teen Giant Panda,73.41
2026-03-26 20:41:49,Luminous Giant Panda,164.3
2026-03-26 20:41:49,Pre-Teen Giant Panda,40.0
2026-03-26 21:37:54,Newborn Giant Panda,39.99
2026-03-26 21:37:54,Full-Grown Giant Panda,42.0
2026-03-26 21:37:54,Full-Grown Giant Panda,39.76
2026-03-26 21:37:54,Full-Grown Giant Panda,42.68
2026-03-26 21:37:54,Post-Teen Giant Panda,49.99
2026-03-26 21:37:54,Junior Giant Panda,40.0
2026-03-26 21:37:54,Post-Teen Giant Panda,40.0
2026-03-26 21:37:54,Teen Giant Panda,73.39
2026-03-26 21:37:54,Luminous Giant Panda,163.0
2026-03-26 21:37:54,Teen Giant Panda,42.0
2026-03-26 22:37:55,Newborn Giant Panda,39.99
2026-03-26 22:37:55,Full-Grown Giant Panda,40.0
2026-03-26 22:37:55,Full-Grown Giant Panda,39.89
2026-03-26 22:37:55,Full-Grown Giant Panda,42.68
2026-03-26 22:37:55,Post-Teen Giant Panda,49.99
2026-03-26 22:37:55,Junior Giant Panda,40.0
2026-03-26 22:37:55,Teen Giant Panda,73.42
2026-03-26 22:37:55,Post-Teen Giant Panda,40.0
2026-03-26 22:37:55,Luminous Giant Panda,163.0
2026-03-26 22:37:55,Teen Giant Panda,40.0
2026-03-26 23:38:52,Newborn Giant Panda,39.9
2026-03-26 23:38:52,Full-Grown Giant Panda,43.26
2026-03-26 23:38:52,Full-Grown Giant Panda,39.89
2026-03-26 23:38:52,Full-Grown Giant Panda,42.68
2026-03-26 23:38:52,Post-Teen Giant Panda,49.99
2026-03-26 23:38:52,Junior Giant Panda,40.0
2026-03-26 23:38:52,Teen Giant Panda,73.44
2026-03-26 23:38:52,Post-Teen Giant Panda,40.0
2026-03-26 23:38:52,Luminous Giant Panda,163.0
2026-03-26 23:38:52,Teen Giant Panda,40.0
2026-03-27 02:54:01,Newborn Giant Panda,39.99
2026-03-27 02:54:01,Full-Grown Giant Panda,43.12
2026-03-27 02:54:01,Full-Grown Giant Panda,39.98
2026-03-27 02:54:01,Full-Grown Giant Panda,42.68
2026-03-27 02:54:01,Junior Giant Panda,40.0
2026-03-27 02:54:01,Teen Giant Panda,73.44
2026-03-27 02:54:01,Luminous Giant Panda,162.7
2026-03-27 02:54:01,Post-Teen Giant Panda,40.0
2026-03-27 02:54:01,Post-Teen Giant Panda,49.99
2026-03-27 02:54:01,Pre-Teen Giant Panda,39.18
2026-03-27 05:13:24,Newborn Giant Panda,39.99
2026-03-27 05:13:24,Full-Grown Giant Panda,43.12
2026-03-27 05:13:24,Full-Grown Giant Panda,39.98
2026-03-27 05:13:24,Full-Grown Giant Panda,39.84
2026-03-27 05:13:24,Junior Giant Panda,40.0
2026-03-27 05:13:24,Teen Giant Panda,39.41
2026-03-27 05:13:24,Luminous Giant Panda,161.75
2026-03-27 05:13:24,Post-Teen Giant Panda,40.0
2026-03-27 05:13:24,Post-Teen Giant Panda,49.99
2026-03-27 05:13:24,Pre-Teen Giant Panda,44.81
2026-03-27 07:17:51,Newborn Giant Panda,39.99
2026-03-27 07:17:51,Full-Grown Giant Panda,43.26
2026-03-27 07:17:51,Full-Grown Giant Panda,39.98
2026-03-27 07:17:51,Full-Grown Giant Panda,39.84
2026-03-27 07:17:51,Teen Giant Panda,73.39
2026-03-27 07:17:51,Junior Giant Panda,40.0
2026-03-27 07:17:51,Luminous Giant Panda,161.65
2026-03-27 07:17:51,Post-Teen Giant Panda,40.0
2026-03-27 07:17:51,Post-Teen Giant Panda,49.99
2026-03-27 07:17:51,Pre-Teen Giant Panda,44.78
2026-03-27 09:01:37,Newborn Giant Panda,39.99
2026-03-27 09:01:37,Full-Grown Giant Panda,43.26
2026-03-27 09:01:37,Full-Grown Giant Panda,39.8
2026-03-27 09:01:37,Full-Grown Giant Panda,39.84
2026-03-27 09:01:37,Teen Giant Panda,73.32
2026-03-27 09:01:37,Junior Giant Panda,40.0
2026-03-27 09:01:37,Luminous Giant Panda,161.65
2026-03-27 09:01:37,Post-Teen Giant Panda,40.0
2026-03-27 09:01:37,Post-Teen Giant Panda,49.99
2026-03-27 09:01:37,Pre-Teen Giant Panda,44.73
2026-03-27 10:55:12,Newborn Giant Panda,39.5
2026-03-27 10:55:12,Full-Grown Giant Panda,43.26
2026-03-27 10:55:12,Full-Grown Giant Panda,39.5
2026-03-27 10:55:12,Full-Grown Giant Panda,39.84
2026-03-27 10:55:12,Teen Giant Panda,73.27
2026-03-27 10:55:12,Junior Giant Panda,40.0
2026-03-27 10:55:12,Luminous Giant Panda,161.0
2026-03-27 10:55:12,Post-Teen Giant Panda,40.0
2026-03-27 10:55:12,Post-Teen Giant Panda,49.99
2026-03-27 10:55:12,Pre-Teen Giant Panda,44.7
2026-03-27 11:46:46,Newborn Giant Panda,39.99
2026-03-27 11:46:46,Full-Grown Giant Panda,43.26
2026-03-27 11:46:46,Full-Grown Giant Panda,39.8
2026-03-27 11:46:46,Full-Grown Giant Panda,39.84
2026-03-27 11:46:46,Teen Giant Panda,73.26
2026-03-27 11:46:46,Junior Giant Panda,40.0
2026-03-27 11:46:46,Luminous Giant Panda,161.0
2026-03-27 11:46:46,Post-Teen Giant Panda,40.0
2026-03-27 11:46:46,Post-Teen Giant Panda,49.99
2026-03-27 11:46:46,Pre-Teen Giant Panda,44.7
2026-03-27 13:20:25,Newborn Giant Panda,39.99
2026-03-27 13:20:25,Full-Grown Giant Panda,43.26
2026-03-27 13:20:25,Full-Grown Giant Panda,39.5
2026-03-27 13:20:25,Full-Grown Giant Panda,39.84
2026-03-27 13:20:25,Junior Giant Panda,50.32
2026-03-27 13:20:25,Teen Giant Panda,73.28
2026-03-27 13:20:25,Luminous Giant Panda,160.94
2026-03-27 13:20:25,Post-Teen Giant Panda,40.0
2026-03-27 13:20:25,Post-Teen Giant Panda,49.99
2026-03-27 13:20:25,Pre-Teen Giant Panda,44.7
2026-03-27 14:58:02,Newborn Giant Panda,39.99
2026-03-27 14:58:02,Full-Grown Giant Panda,43.26
2026-03-27 14:58:02,Full-Grown Giant Panda,39.49
2026-03-27 14:58:02,Full-Grown Giant Panda,43.0
2026-03-27 14:58:02,Junior Giant Panda,50.32
2026-03-27 14:58:02,Teen Giant Panda,73.37
2026-03-27 14:58:02,Luminous Giant Panda,160.94
2026-03-27 14:58:02,Post-Teen Giant Panda,49.99
2026-03-27 14:58:02,Post-Teen Giant Panda,40.0
2026-03-27 14:58:02,Pre-Teen Giant Panda,44.77
2026-03-27 17:53:17,Newborn Giant Panda,39.99
2026-03-27 17:53:17,Full-Grown Giant Panda,43.26
2026-03-27 17:53:17,Full-Grown Giant Panda,39.4
2026-03-27 17:53:17,Full-Grown Giant Panda,43.0
2026-03-27 17:53:17,Teen Giant Panda,73.23
2026-03-27 17:53:17,Junior Giant Panda,50.32
2026-03-27 17:53:17,Luminous Giant Panda,160.94
2026-03-27 17:53:17,Post-Teen Giant Panda,49.99
2026-03-27 17:53:17,Post-Teen Giant Panda,39.09
2026-03-27 17:53:17,Newborn Giant Panda,52.0
2026-03-27 19:04:00,Newborn Giant Panda,39.99
2026-03-27 19:04:00,Full-Grown Giant Panda,42.0
2026-03-27 19:04:00,Full-Grown Giant Panda,39.4
2026-03-27 19:04:00,Full-Grown Giant Panda,43.0
2026-03-27 19:04:00,Teen Giant Panda,73.27
2026-03-27 19:04:00,Junior Giant Panda,40.39
2026-03-27 19:04:00,Luminous Giant Panda,155.0
2026-03-27 19:04:00,Post-Teen Giant Panda,49.99
2026-03-27 19:04:00,Post-Teen Giant Panda,39.09
2026-03-27 19:04:00,Newborn Giant Panda,52.0
2026-03-27 20:48:10,Newborn Giant Panda,39.99
2026-03-27 20:48:10,Full-Grown Giant Panda,42.0
2026-03-27 20:48:10,Full-Grown Giant Panda,39.4
2026-03-27 20:48:10,Full-Grown Giant Panda,43.0
2026-03-27 20:48:10,Junior Giant Panda,40.39
2026-03-27 20:48:10,Teen Giant Panda,73.25
2026-03-27 20:48:10,Luminous Giant Panda,155.0
2026-03-27 20:48:10,Post-Teen Giant Panda,49.99
2026-03-27 20:48:10,Post-Teen Giant Panda,39.09
2026-03-27 20:48:10,Newborn Giant Panda,52.0
2026-03-27 21:42:32,Newborn Giant Panda,39.99
2026-03-27 21:42:32,Full-Grown Giant Panda,44.0
2026-03-27 21:42:32,Full-Grown Giant Panda,39.4
2026-03-27 21:42:32,Full-Grown Giant Panda,43.0
2026-03-27 21:42:32,Junior Giant Panda,40.39
2026-03-27 21:42:32,Teen Giant Panda,73.36
2026-03-27 21:42:32,Luminous Giant Panda,155.0
2026-03-27 21:42:32,Post-Teen Giant Panda,39.09
2026-03-27 21:42:32,Post-Teen Giant Panda,49.99
2026-03-27 21:42:32,Newborn Giant Panda,52.0
2026-03-27 22:39:58,Newborn Giant Panda,39.99
2026-03-27 22:39:58,Full-Grown Giant Panda,44.56
2026-03-27 22:39:58,Full-Grown Giant Panda,40.49
2026-03-27 22:39:58,Full-Grown Giant Panda,43.0
2026-03-27 22:39:58,Junior Giant Panda,40.39
2026-03-27 22:39:58,Teen Giant Panda,73.36
2026-03-27 22:39:58,Luminous Giant Panda,154.0
2026-03-27 22:39:58,Post-Teen Giant Panda,49.99
2026-03-27 22:39:58,Post-Teen Giant Panda,44.76
2026-03-27 22:39:58,Newborn Giant Panda,52.0
2026-03-27 23:39:43,Newborn Giant Panda,39.99
2026-03-27 23:39:43,Full-Grown Giant Panda,44.56
2026-03-27 23:39:43,Full-Grown Giant Panda,41.36
2026-03-27 23:39:43,Full-Grown Giant Panda,43.0
2026-03-27 23:39:43,Teen Giant Panda,73.36
2026-03-27 23:39:43,Junior Giant Panda,49.91
2026-03-27 23:39:43,Post-Teen Giant Panda,44.76
2026-03-27 23:39:43,Luminous Giant Panda,154.0
2026-03-27 23:39:43,Post-Teen Giant Panda,49.99
2026-03-27 23:39:43,Newborn Giant Panda,52.0
2026-03-28 02:43:27,Newborn Giant Panda,39.99
2026-03-28 02:43:27,Full-Grown Giant Panda,44.57
2026-03-28 02:43:27,Full-Grown Giant Panda,42.5
2026-03-28 02:43:27,Full-Grown Giant Panda,43.0
2026-03-28 02:43:27,Junior Giant Panda,49.91
2026-03-28 02:43:27,Teen Giant Panda,73.36
2026-03-28 02:43:27,Post-Teen Giant Panda,44.76
2026-03-28 02:43:27,Post-Teen Giant Panda,49.99
2026-03-28 02:43:27,Pre-Teen Giant Panda,44.76
2026-03-28 02:43:27,Luminous Giant Panda,153.98
2026-03-28 04:59:13,Newborn Giant Panda,39.99
2026-03-28 04:59:13,Full-Grown Giant Panda,44.57
2026-03-28 04:59:13,Full-Grown Giant Panda,39.9
2026-03-28 04:59:13,Full-Grown Giant Panda,39.9
2026-03-28 04:59:13,Junior Giant Panda,49.91
2026-03-28 04:59:13,Teen Giant Panda,73.36
2026-03-28 04:59:13,Post-Teen Giant Panda,44.76
2026-03-28 04:59:13,Post-Teen Giant Panda,49.99
2026-03-28 04:59:13,Pre-Teen Giant Panda,44.76
2026-03-28 04:59:13,Luminous Giant Panda,153.9
2026-03-28 07:48:45,Newborn Giant Panda,39.99
2026-03-28 07:48:45,Full-Grown Giant Panda,44.57
2026-03-28 07:48:45,Full-Grown Giant Panda,42.5
2026-03-28 07:48:45,Full-Grown Giant Panda,42.5
2026-03-28 07:48:45,Junior Giant Panda,49.91
2026-03-28 07:48:45,Teen Giant Panda,73.36
2026-03-28 07:48:45,Post-Teen Giant Panda,44.76
2026-03-28 07:48:45,Pre-Teen Giant Panda,44.76
2026-03-28 07:48:45,Post-Teen Giant Panda,49.99
2026-03-28 07:48:45,Luminous Giant Panda,150.0
2026-03-28 08:50:25,Newborn Giant Panda,39.99
2026-03-28 08:50:25,Full-Grown Giant Panda,42.25
2026-03-28 08:50:25,Full-Grown Giant Panda,42.5
2026-03-28 08:50:25,Full-Grown Giant Panda,42.5
2026-03-28 08:50:25,Junior Giant Panda,49.91
2026-03-28 08:50:25,Teen Giant Panda,73.36
2026-03-28 08:50:25,Post-Teen Giant Panda,44.76
2026-03-28 08:50:25,Post-Teen Giant Panda,49.99
2026-03-28 08:50:25,Pre-Teen Giant Panda,44.76
2026-03-28 08:50:25,Luminous Giant Panda,153.9
2026-03-28 09:45:22,Newborn Giant Panda,39.99
2026-03-28 09:45:22,Full-Grown Giant Panda,41.5
2026-03-28 09:45:22,Full-Grown Giant Panda,42.5
2026-03-28 09:45:22,Full-Grown Giant Panda,42.5
2026-03-28 09:45:22,Junior Giant Panda,49.91
2026-03-28 09:45:22,Teen Giant Panda,73.36
2026-03-28 09:45:22,Post-Teen Giant Panda,44.76
2026-03-28 09:45:22,Luminous Giant Panda,153.5
2026-03-28 09:45:22,Post-Teen Giant Panda,49.99
2026-03-28 09:45:22,Pre-Teen Giant Panda,44.76
2026-03-28 10:39:26,Newborn Giant Panda,39.99
2026-03-28 10:39:26,Full-Grown Giant Panda,41.5
2026-03-28 10:39:26,Full-Grown Giant Panda,42.5
2026-03-28 10:39:26,Full-Grown Giant Panda,42.5
2026-03-28 10:39:26,Junior Giant Panda,49.91
2026-03-28 10:39:26,Teen Giant Panda,73.36
2026-03-28 10:39:26,Post-Teen Giant Panda,44.76
2026-03-28 10:39:26,Luminous Giant Panda,153.5
2026-03-28 10:39:26,Post-Teen Giant Panda,49.99
2026-03-28 10:39:26,Pre-Teen Giant Panda,44.76
2026-03-28 11:34:32,Newborn Giant Panda,39.99
2026-03-28 11:34:32,Full-Grown Giant Panda,41.5
2026-03-28 11:34:32,Full-Grown Giant Panda,42.5
2026-03-28 11:34:32,Full-Grown Giant Panda,42.5
2026-03-28 11:34:32,Junior Giant Panda,49.91
2026-03-28 11:34:32,Teen Giant Panda,73.36
2026-03-28 11:34:32,Post-Teen Giant Panda,44.76
2026-03-28 11:34:32,Luminous Giant Panda,153.5
2026-03-28 11:34:32,Post-Teen Giant Panda,49.99
2026-03-28 11:34:32,Pre-Teen Giant Panda,41.57
2026-03-28 13:08:05,Newborn Giant Panda,39.99
2026-03-28 13:08:05,Full-Grown Giant Panda,42.25
2026-03-28 13:08:05,Full-Grown Giant Panda,42.5
2026-03-28 13:08:05,Full-Grown Giant Panda,42.5
2026-03-28 13:08:05,Junior Giant Panda,49.91
2026-03-28 13:08:05,Teen Giant Panda,73.36
2026-03-28 13:08:05,Luminous Giant Panda,153.5
2026-03-28 13:08:05,Pre-Teen Giant Panda,42.68
2026-03-28 13:08:05,Post-Teen Giant Panda,49.99
2026-03-28 13:08:05,Newborn Giant Panda,52.0
2026-03-28 14:38:24,Newborn Giant Panda,39.99
2026-03-28 14:38:24,Full-Grown Giant Panda,42.25
2026-03-28 14:38:24,Full-Grown Giant Panda,42.5
2026-03-28 14:38:24,Full-Grown Giant Panda,42.5
2026-03-28 14:38:24,Junior Giant Panda,49.91
2026-03-28 14:38:24,Teen Giant Panda,73.36
2026-03-28 14:38:24,Pre-Teen Giant Panda,42.68
2026-03-28 14:38:24,Luminous Giant Panda,153.5
2026-03-28 14:38:24,Post-Teen Giant Panda,49.99
2026-03-28 14:38:24,Newborn Giant Panda,52.0
2026-03-28 15:37:59,Newborn Giant Panda,39.99
2026-03-28 15:37:59,Full-Grown Giant Panda,42.23
2026-03-28 15:37:59,Full-Grown Giant Panda,42.5
2026-03-28 15:37:59,Full-Grown Giant Panda,42.5
2026-03-28 15:37:59,Junior Giant Panda,49.91
2026-03-28 15:37:59,Teen Giant Panda,73.36
2026-03-28 15:37:59,Pre-Teen Giant Panda,42.68
2026-03-28 15:37:59,Luminous Giant Panda,153.5
2026-03-28 15:37:59,Post-Teen Giant Panda,49.99
2026-03-28 15:37:59,Newborn Giant Panda,52.0
2026-03-28 16:41:52,Newborn Giant Panda,39.99
2026-03-28 16:41:52,Full-Grown Giant Panda,42.23
2026-03-28 16:41:52,Full-Grown Giant Panda,42.5
2026-03-28 16:41:52,Full-Grown Giant Panda,42.5
2026-03-28 16:41:52,Junior Giant Panda,49.91
2026-03-28 16:41:52,Teen Giant Panda,73.36
2026-03-28 16:41:52,Pre-Teen Giant Panda,42.68
2026-03-28 16:41:52,Luminous Giant Panda,153.5
2026-03-28 16:41:52,Post-Teen Giant Panda,49.99
2026-03-28 16:41:52,Newborn Giant Panda,52.0
2026-03-28 17:36:22,Newborn Giant Panda,39.99
2026-03-28 17:36:22,Full-Grown Giant Panda,42.25
2026-03-28 17:36:22,Full-Grown Giant Panda,42.5
2026-03-28 17:36:22,Full-Grown Giant Panda,42.5
2026-03-28 17:36:22,Junior Giant Panda,49.91
2026-03-28 17:36:22,Teen Giant Panda,73.36
2026-03-28 17:36:22,Pre-Teen Giant Panda,42.68
2026-03-28 17:36:22,Luminous Giant Panda,153.5
2026-03-28 17:36:22,Post-Teen Giant Panda,49.99
2026-03-28 17:36:22,Newborn Giant Panda,52.0
2026-03-28 18:52:01,Newborn Giant Panda,39.99
2026-03-28 18:52:01,Full-Grown Giant Panda,44.49
2026-03-28 18:52:01,Full-Grown Giant Panda,42.5
2026-03-28 18:52:01,Full-Grown Giant Panda,42.5
2026-03-28 18:52:01,Junior Giant Panda,49.91
2026-03-28 18:52:01,Teen Giant Panda,73.36
2026-03-28 18:52:01,Pre-Teen Giant Panda,42.68
2026-03-28 18:52:01,Luminous Giant Panda,153.0
2026-03-28 18:52:01,Post-Teen Giant Panda,49.99
2026-03-28 18:52:01,Newborn Giant Panda,52.0
2026-03-28 19:35:35,Newborn Giant Panda,39.99
2026-03-28 19:35:35,Full-Grown Giant Panda,44.49
2026-03-28 19:35:35,Full-Grown Giant Panda,42.5
2026-03-28 19:35:35,Full-Grown Giant Panda,42.5
2026-03-28 19:35:35,Junior Giant Panda,49.91
2026-03-28 19:35:35,Post-Teen Giant Panda,49.9
2026-03-28 19:35:35,Luminous Giant Panda,153.0
2026-03-28 19:35:35,Pre-Teen Giant Panda,42.68
2026-03-28 19:35:35,Post-Teen Giant Panda,49.99
2026-03-28 19:35:35,Newborn Giant Panda,52.0
2026-03-28 20:39:00,Newborn Giant Panda,39.99
2026-03-28 20:39:00,Full-Grown Giant Panda,44.49
2026-03-28 20:39:00,Full-Grown Giant Panda,42.5
2026-03-28 20:39:00,Full-Grown Giant Panda,42.5
2026-03-28 20:39:00,Junior Giant Panda,49.91
2026-03-28 20:39:00,Post-Teen Giant Panda,49.9
2026-03-28 20:39:00,Luminous Giant Panda,153.0
2026-03-28 20:39:00,Pre-Teen Giant Panda,42.68
2026-03-28 20:39:00,Post-Teen Giant Panda,49.99
2026-03-28 20:39:00,Newborn Giant Panda,52.0
2026-03-28 21:36:42,Newborn Giant Panda,39.99
2026-03-28 21:36:42,Full-Grown Giant Panda,44.49
2026-03-28 21:36:42,Full-Grown Giant Panda,42.5
2026-03-28 21:36:42,Full-Grown Giant Panda,42.5
2026-03-28 21:36:42,Junior Giant Panda,49.91
2026-03-28 21:36:42,Post-Teen Giant Panda,49.9
2026-03-28 21:36:42,Luminous Giant Panda,153.0
2026-03-28 21:36:42,Post-Teen Giant Panda,49.99
2026-03-28 21:36:42,Newborn Giant Panda,52.0
2026-03-28 21:36:42,Junior Giant Panda,42.78
2026-03-28 22:36:31,Newborn Giant Panda,39.99
2026-03-28 22:36:31,Full-Grown Giant Panda,44.44
2026-03-28 22:36:31,Full-Grown Giant Panda,42.5
2026-03-28 22:36:31,Full-Grown Giant Panda,42.5
2026-03-28 22:36:31,Post-Teen Giant Panda,49.9
2026-03-28 22:36:31,Junior Giant Panda,49.2
2026-03-28 22:36:31,Luminous Giant Panda,153.0
2026-03-28 22:36:31,Post-Teen Giant Panda,49.99
2026-03-28 22:36:31,Newborn Giant Panda,52.0
2026-03-28 22:36:31,Junior Giant Panda,42.78
2026-03-28 23:38:11,Newborn Giant Panda,39.99
2026-03-28 23:38:11,Full-Grown Giant Panda,44.44
2026-03-28 23:38:11,Full-Grown Giant Panda,40.04
2026-03-28 23:38:11,Full-Grown Giant Panda,42.5
2026-03-28 23:38:11,Junior Giant Panda,49.2
2026-03-28 23:38:11,Post-Teen Giant Panda,49.9
2026-03-28 23:38:11,Luminous Giant Panda,153.0
2026-03-28 23:38:11,Post-Teen Giant Panda,49.99
2026-03-28 23:38:11,Newborn Giant Panda,52.0
2026-03-28 23:38:11,Pre-Teen Giant Panda,42.67
2026-03-28 23:38:11,Full-Grown Haetae,34.24
2026-03-28 23:38:11,Full-Grown Haetae,40.0
2026-03-28 23:38:11,Newborn Haetae,33.01
2026-03-28 23:38:11,Full-Grown Haetae,31.72
2026-03-28 23:38:11,Newborn Haetae,41.09
2026-03-28 23:38:11,Haetae,500.0
2026-03-28 23:38:11,Post-Teen Haetae,30.0
2026-03-28 23:38:11,Twinkle Haetae,123.99
2026-03-28 23:38:11,Luminous Haetae,139.0
2026-03-28 23:38:11,Luminous Haetae,142.59
2026-03-29 02:58:06,Newborn Giant Panda,39.99
2026-03-29 02:58:06,Full-Grown Giant Panda,44.43
2026-03-29 02:58:06,Full-Grown Giant Panda,42.65
2026-03-29 02:58:06,Full-Grown Giant Panda,42.5
2026-03-29 02:58:06,Junior Giant Panda,49.2
2026-03-29 02:58:06,Post-Teen Giant Panda,49.9
2026-03-29 02:58:06,Newborn Giant Panda,52.0
2026-03-29 02:58:06,Post-Teen Giant Panda,49.99
2026-03-29 02:58:06,Luminous Giant Panda,152.9
2026-03-29 02:58:06,Junior Giant Panda,42.78
2026-03-29 02:58:06,Full-Grown Haetae,34.24
2026-03-29 02:58:06,Newborn Haetae,33.01
2026-03-29 02:58:06,Full-Grown Haetae,40.0
2026-03-29 02:58:06,Full-Grown Haetae,33.03
2026-03-29 02:58:06,Newborn Haetae,41.09
2026-03-29 02:58:06,Haetae,500.0
2026-03-29 02:58:06,Twinkle Haetae,123.99
2026-03-29 02:58:06,Post-Teen Haetae,35.48
2026-03-29 02:58:06,Luminous Haetae,142.59
2026-03-29 02:58:06,Haetae,570.4
2026-03-29 05:19:33,Newborn Giant Panda,39.99
2026-03-29 05:19:33,Full-Grown Giant Panda,44.4
2026-03-29 05:19:33,Full-Grown Giant Panda,42.64
2026-03-29 05:19:33,Full-Grown Giant Panda,42.5
2026-03-29 05:19:33,Junior Giant Panda,49.2
2026-03-29 05:19:33,Post-Teen Giant Panda,49.9
2026-03-29 05:19:33,Teen Giant Panda,44.4
2026-03-29 05:19:33,Newborn Giant Panda,52.0
2026-03-29 05:19:33,Luminous Giant Panda,149.9
2026-03-29 05:19:33,Post-Teen Giant Panda,42.65
2026-03-29 05:19:33,Full-Grown Haetae,34.24
2026-03-29 05:19:33,Newborn Haetae,32.0
2026-03-29 05:19:33,Full-Grown Haetae,34.16
2026-03-29 05:19:33,Full-Grown Haetae,33.03
2026-03-29 05:19:33,Newborn Haetae,32.0
2026-03-29 05:19:33,Newborn Haetae,41.09
2026-03-29 05:19:33,Haetae,495.0
2026-03-29 05:19:33,Twinkle Haetae,123.99
2026-03-29 05:19:33,Post-Teen Haetae,32.0
2026-03-29 05:19:33,Luminous Haetae,139.0
2026-03-29 07:13:29,Newborn Giant Panda,39.99
2026-03-29 07:13:29,Full-Grown Giant Panda,44.29
2026-03-29 07:13:29,Full-Grown Giant Panda,39.5
2026-03-29 07:13:29,Full-Grown Giant Panda,42.5
2026-03-29 07:13:29,Junior Giant Panda,49.2
2026-03-29 07:13:29,Post-Teen Giant Panda,49.9
2026-03-29 07:13:29,Teen Giant Panda,44.3
2026-03-29 07:13:29,Newborn Giant Panda,52.0
2026-03-29 07:13:29,Luminous Giant Panda,149.8
2026-03-29 07:13:29,Post-Teen Giant Panda,42.65
2026-03-29 07:13:29,Full-Grown Haetae,34.24
2026-03-29 07:13:29,Newborn Haetae,32.0
2026-03-29 07:13:29,Full-Grown Haetae,34.16
2026-03-29 07:13:29,Full-Grown Haetae,33.03
2026-03-29 07:13:29,Newborn Haetae,42.36
2026-03-29 07:13:29,Haetae,495.0
2026-03-29 07:13:29,Twinkle Haetae,123.99
2026-03-29 07:13:29,Post-Teen Haetae,32.0
2026-03-29 07:13:29,Luminous Haetae,139.0
2026-03-29 07:13:29,Luminous Haetae,142.59
2026-03-29 08:52:42,Newborn Giant Panda,39.99
2026-03-29 08:52:42,Full-Grown Giant Panda,44.29
2026-03-29 08:52:42,Full-Grown Giant Panda,42.65
2026-03-29 08:52:42,Full-Grown Giant Panda,42.5
2026-03-29 08:52:42,Junior Giant Panda,49.2
2026-03-29 08:52:42,Post-Teen Giant Panda,49.9
2026-03-29 08:52:42,Teen Giant Panda,44.3
2026-03-29 08:52:42,Newborn Giant Panda,52.0
2026-03-29 08:52:42,Luminous Giant Panda,149.8
2026-03-29 08:52:42,Post-Teen Giant Panda,42.65
2026-03-29 08:52:42,Full-Grown Haetae,34.24
2026-03-29 08:52:42,Newborn Haetae,32.0
2026-03-29 08:52:42,Full-Grown Haetae,34.16
2026-03-29 08:52:42,Full-Grown Haetae,33.03
2026-03-29 08:52:42,Newborn Haetae,42.36
2026-03-29 08:52:42,Haetae,490.24
2026-03-29 08:52:42,Twinkle Haetae,123.99
2026-03-29 08:52:42,Post-Teen Haetae,32.0
2026-03-29 08:52:42,Luminous Haetae,139.0
2026-03-29 08:52:42,Luminous Haetae,142.59
2026-03-29 09:45:33,Newborn Giant Panda,39.99
2026-03-29 09:45:33,Full-Grown Giant Panda,44.28
2026-03-29 09:45:33,Full-Grown Giant Panda,42.65
2026-03-29 09:45:33,Full-Grown Giant Panda,42.5
2026-03-29 09:45:33,Junior Giant Panda,49.2
2026-03-29 09:45:33,Post-Teen Giant Panda,49.9
2026-03-29 09:45:33,Teen Giant Panda,44.3
2026-03-29 09:45:33,Newborn Giant Panda,52.0
2026-03-29 09:45:33,Post-Teen Giant Panda,49.99
2026-03-29 09:45:33,Luminous Giant Panda,149.71
2026-03-29 09:45:33,Full-Grown Haetae,34.24
2026-03-29 09:45:33,Newborn Haetae,32.0
2026-03-29 09:45:33,Full-Grown Haetae,34.16
2026-03-29 09:45:33,Full-Grown Haetae,33.03
2026-03-29 09:45:33,Newborn Haetae,42.36
2026-03-29 09:45:33,Haetae,490.24
2026-03-29 09:45:33,Twinkle Haetae,123.99
2026-03-29 09:45:33,Post-Teen Haetae,32.0
2026-03-29 09:45:33,Luminous Haetae,139.0
2026-03-29 09:45:33,Luminous Haetae,142.59
2026-03-29 10:41:27,Newborn Giant Panda,39.99
2026-03-29 10:41:27,Full-Grown Giant Panda,44.27
2026-03-29 10:41:27,Full-Grown Giant Panda,44.59
2026-03-29 10:41:27,Full-Grown Giant Panda,42.5
2026-03-29 10:41:27,Junior Giant Panda,49.2
2026-03-29 10:41:27,Post-Teen Giant Panda,49.9
2026-03-29 10:41:27,Teen Giant Panda,44.3
2026-03-29 10:41:27,Luminous Giant Panda,149.71
2026-03-29 10:41:27,Newborn Giant Panda,52.0
2026-03-29 10:41:27,Post-Teen Giant Panda,49.99
2026-03-29 11:35:45,Newborn Giant Panda,39.99
2026-03-29 11:35:45,Full-Grown Giant Panda,44.27
2026-03-29 11:35:45,Full-Grown Giant Panda,44.59
2026-03-29 11:35:45,Full-Grown Giant Panda,41.36
2026-03-29 11:35:45,Junior Giant Panda,45.0
2026-03-29 11:35:45,Post-Teen Giant Panda,49.9
2026-03-29 11:35:45,Teen Giant Panda,44.3
2026-03-29 11:35:45,Luminous Giant Panda,149.71
2026-03-29 11:35:45,Newborn Giant Panda,52.0
2026-03-29 11:35:45,Post-Teen Giant Panda,42.65
2026-03-29 11:35:45,Newborn Haetae,32.0
2026-03-29 11:35:45,Full-Grown Haetae,33.03
2026-03-29 11:35:45,Full-Grown Haetae,34.16
2026-03-29 11:35:45,Full-Grown Haetae,34.7
2026-03-29 11:35:45,Newborn Haetae,42.36
2026-03-29 11:35:45,Haetae,490.0
2026-03-29 11:35:45,Twinkle Haetae,123.99
2026-03-29 11:35:45,Post-Teen Haetae,32.0
2026-03-29 11:35:45,Luminous Haetae,139.0
2026-03-29 11:35:45,Luminous Haetae,142.59
2026-03-29 13:09:37,Newborn Giant Panda,37.78
2026-03-29 13:09:37,Full-Grown Giant Panda,44.27
2026-03-29 13:09:37,Full-Grown Giant Panda,40.0
2026-03-29 13:09:37,Full-Grown Giant Panda,38.51
2026-03-29 13:09:37,Junior Giant Panda,45.0
2026-03-29 13:09:37,Post-Teen Giant Panda,49.9
2026-03-29 13:09:37,Teen Giant Panda,44.3
2026-03-29 13:09:37,Luminous Giant Panda,149.71
2026-03-29 13:09:37,Newborn Giant Panda,52.0
2026-03-29 13:09:37,Post-Teen Giant Panda,42.65
2026-03-29 13:09:37,Newborn Haetae,32.0
2026-03-29 13:09:37,Full-Grown Haetae,33.03
2026-03-29 13:09:37,Full-Grown Haetae,34.16
2026-03-29 13:09:37,Full-Grown Haetae,36.0
2026-03-29 13:09:37,Haetae,490.0
2026-03-29 13:09:37,Twinkle Haetae,123.99
2026-03-29 13:09:37,Post-Teen Haetae,32.0
2026-03-29 13:09:37,Luminous Haetae,139.0
2026-03-29 13:09:37,Luminous Haetae,142.59
2026-03-29 13:09:37,Haetae,570.4
2026-03-29 14:39:57,Newborn Giant Panda,38.51
2026-03-29 14:39:57,Full-Grown Giant Panda,44.0
2026-03-29 14:39:57,Full-Grown Giant Panda,44.0
2026-03-29 14:39:57,Full-Grown Giant Panda,38.51
2026-03-29 14:39:57,Junior Giant Panda,45.0
2026-03-29 14:39:57,Post-Teen Giant Panda,49.9
2026-03-29 14:39:57,Teen Giant Panda,44.0
2026-03-29 14:39:57,Newborn Giant Panda,52.0
2026-03-29 14:39:57,Post-Teen Giant Panda,42.65
2026-03-29 14:39:57,Luminous Giant Panda,149.7
2026-03-29 15:39:05,Newborn Giant Panda,39.99
2026-03-29 15:39:05,Full-Grown Giant Panda,44.0
2026-03-29 15:39:05,Full-Grown Giant Panda,43.8
2026-03-29 15:39:05,Full-Grown Giant Panda,41.4
2026-03-29 15:39:05,Junior Giant Panda,45.0
2026-03-29 15:39:05,Post-Teen Giant Panda,40.98
2026-03-29 15:39:05,Teen Giant Panda,39.47
2026-03-29 15:39:05,Teen Giant Panda,44.0
2026-03-29 15:39:05,Newborn Giant Panda,52.0
2026-03-29 15:39:05,Junior Giant Panda,39.8
2026-03-29 15:39:05,Newborn Haetae,32.0
2026-03-29 15:39:05,Full-Grown Haetae,33.03
2026-03-29 15:39:05,Full-Grown Haetae,34.16
2026-03-29 15:39:05,Full-Grown Haetae,36.0
2026-03-29 15:39:05,Newborn Haetae,42.36
2026-03-29 15:39:05,Haetae,490.0
2026-03-29 15:39:05,Twinkle Haetae,123.99
2026-03-29 15:39:05,Post-Teen Haetae,32.0
2026-03-29 15:39:05,Luminous Haetae,139.0
2026-03-29 15:39:05,Luminous Haetae,142.59
2026-03-29 16:42:45,Newborn Giant Panda,39.99
2026-03-29 16:42:45,Full-Grown Giant Panda,44.0
2026-03-29 16:42:45,Full-Grown Giant Panda,42.77
2026-03-29 16:42:45,Full-Grown Giant Panda,41.5
2026-03-29 16:42:45,Junior Giant Panda,45.0
2026-03-29 16:42:45,Post-Teen Giant Panda,40.98
2026-03-29 16:42:45,Junior Giant Panda,42.65
2026-03-29 16:42:45,Teen Giant Panda,44.0
2026-03-29 16:42:45,Post-Teen Giant Panda,42.65
2026-03-29 16:42:45,Newborn Giant Panda,52.0
2026-03-29 16:42:45,Newborn Haetae,32.0
2026-03-29 16:42:45,Full-Grown Haetae,33.03
2026-03-29 16:42:45,Full-Grown Haetae,34.16
2026-03-29 16:42:45,Full-Grown Haetae,38.0
2026-03-29 16:42:45,Newborn Haetae,41.09
2026-03-29 16:42:45,Haetae,490.24
2026-03-29 16:42:45,Twinkle Haetae,123.99
2026-03-29 16:42:45,Post-Teen Haetae,32.0
2026-03-29 16:42:45,Luminous Haetae,139.0
2026-03-29 16:42:45,Luminous Haetae,142.59
2026-03-29 17:38:09,Newborn Giant Panda,39.99
2026-03-29 17:38:09,Full-Grown Giant Panda,43.99
2026-03-29 17:38:09,Full-Grown Giant Panda,42.77
2026-03-29 17:38:09,Full-Grown Giant Panda,41.4
2026-03-29 17:38:09,Junior Giant Panda,45.0
2026-03-29 17:38:09,Luminous Giant Panda,180.0
2026-03-29 17:38:09,Post-Teen Giant Panda,40.98
2026-03-29 17:38:09,Junior Giant Panda,42.65
2026-03-29 17:38:09,Teen Giant Panda,44.0
2026-03-29 17:38:09,Newborn Giant Panda,52.0
2026-03-29 17:38:09,Newborn Haetae,32.0
2026-03-29 17:38:09,Full-Grown Haetae,33.03
2026-03-29 17:38:09,Full-Grown Haetae,34.16
2026-03-29 17:38:09,Full-Grown Haetae,38.0
2026-03-29 17:38:09,Haetae,470.0
2026-03-29 17:38:09,Twinkle Haetae,123.99
2026-03-29 17:38:09,Post-Teen Haetae,32.0
2026-03-29 17:38:09,Luminous Haetae,139.0
2026-03-29 17:38:09,Luminous Haetae,142.59
2026-03-29 17:38:09,Haetae,570.4
2026-03-29 18:58:55,Giant Panda,,39.99
2026-03-29 18:58:55,Giant Panda,(FR),43.98
2026-03-29 18:58:55,Giant Panda,(R),42.77
2026-03-29 18:58:55,Giant Panda,,41.33
2026-03-29 18:58:55,Giant Panda,(R),45.0
2026-03-29 18:58:55,Giant Panda,(NFR),180.0
2026-03-29 18:58:55,Giant Panda,(R),49.9
2026-03-29 18:58:55,Giant Panda,,42.65
2026-03-29 18:58:55,Giant Panda,(FR),44.0
2026-03-29 18:58:55,Giant Panda,,42.92
2026-03-29 18:58:55,Haetae,,32.0
2026-03-29 18:58:55,Haetae,,32.97
2026-03-29 18:58:55,Haetae,(FR),34.16
2026-03-29 18:58:55,Haetae,(R),38.0
2026-03-29 18:58:55,Haetae,(MFR),470.0
2026-03-29 18:58:55,Haetae,(NFR),123.99
2026-03-29 18:58:55,Haetae,,32.0
2026-03-29 18:58:55,Haetae,(NFR),139.0
2026-03-29 18:58:55,Haetae,(N),142.59
2026-03-29 18:58:55,Haetae,(M),570.4
2026-03-29 22:38:26,Haetae,(MFR),470.0
2026-03-29 23:40:30,Haetae,(MFR),470.0
2026-03-30 03:19:28,Haetae,(MFR),470.0
2026-03-30 06:02:10,Haetae,(MFR),470.0
2026-03-30 08:23:56,Haetae,(MFR),470.0
2026-03-30 10:22:34,Haetae,(MFR),470.0
2026-03-30 11:57:17,Haetae,(MFR),470.0
2026-03-30 11:57:17,Haetae,(M),450.0
2026-03-30 14:13:07,Haetae,(MFR),469.0
2026-03-30 15:11:12,Haetae,(MFR),469.0
2026-03-30 17:04:18,Haetae,(MFR),469.0
2026-03-30 19:09:04,Haetae,(MFR),468.0
2026-03-30 20:54:44,Haetae,(MFR),468.0
2026-03-30 21:50:44,Haetae,(MFR),399.0
2026-03-30 22:43:49,Haetae,(MFR),399.0
2026-03-30 23:47:24,Haetae,(MFR),399.0
2026-03-31 02:53:22,Haetae,(MFR),399.0
2026-03-31 05:16:06,Haetae,(MFR),399.0
2026-03-31 07:25:55,Haetae,(MFR),399.0
2026-03-31 07:25:55,Haetae,(M),399.0
2026-03-31 09:09:31,Haetae,(MFR),399.0
2026-03-31 11:00:42,Haetae,(MFR),299.0
2026-03-31 11:57:34,Haetae,(MFR),299.0
2026-03-31 13:55:39,Haetae,(MFR),445.78
2026-03-31 13:55:39,Haetae,(M),399.0
2026-03-31 15:09:41,Haetae,(MFR),445.78
2026-03-31 17:17:44,Haetae,(MFR),299.0
2026-03-31 19:10:57,Haetae,(MFR),556.0
2026-03-31 20:51:23,Haetae,(MFR),556.0
2026-03-31 20:51:23,Haetae,(M),570.4
2026-03-31 21:46:52,Haetae,(MFR),556.0
2026-03-31 21:46:52,Haetae,(M),570.4
2026-03-31 22:41:04,Haetae,(MFR),550.0
2026-03-31 22:41:04,Haetae,(M),570.4
2026-03-31 23:40:00,Haetae,(MFR),550.0
2026-03-31 23:40:00,Haetae,(M),570.4
2026-04-01 03:23:44,Haetae,(MFR),550.0
2026-04-01 03:23:44,Haetae,(M),570.4
2026-04-01 05:59:08,Haetae,(MFR),550.0
2026-04-01 05:59:08,Haetae,(M),570.4
2026-04-01 07:48:13,Haetae,(MFR),550.0
2026-04-01 07:48:13,Haetae,(M),575.0
2026-04-01 09:15:40,Haetae,(MFR),550.0
2026-04-01 11:04:38,Haetae,(MFR),550.0
2026-04-01 13:49:59,Haetae,(MFR),550.0
2026-04-01 15:12:32,Haetae,(MFR),550.0
2026-04-01 17:14:37,Haetae,(MFR),550.0
2026-04-01 17:14:37,Haetae,(M),575.0
2026-04-01 19:12:40,Haetae,(MFR),550.0
2026-04-01 19:12:40,Haetae,(M),575.0
2026-04-01 20:53:40,Haetae,(MFR),550.0
2026-04-01 20:53:40,Haetae,(M),575.0
2026-04-01 21:56:22,Haetae,(MFR),550.0
2026-04-01 21:56:22,Haetae,(M),575.0
2026-04-01 22:46:38,Haetae,(MFR),550.0
2026-04-01 22:46:38,Haetae,(M),575.0
2026-04-01 23:42:22,Haetae,(MFR),550.0
2026-04-01 23:42:22,Haetae,(M),575.0
2026-04-02 02:49:34,Haetae,(MFR),550.0
2026-04-02 02:49:34,Haetae,(M),575.0
2026-04-02 05:08:49,Haetae,(MFR),545.0
2026-04-02 05:08:49,Haetae,(M),575.0
2026-04-02 07:22:31,Haetae,(MFR),545.0
2026-04-02 07:22:31,Haetae,(M),575.0
2026-04-02 09:06:45,Haetae,(MFR),545.0
2026-04-02 09:06:45,Haetae,(M),575.0
2026-04-02 10:58:24,Haetae,(MFR),545.0
2026-04-02 10:58:24,Haetae,(M),575.0
2026-04-02 11:53:28,Haetae,(MFR),545.0
2026-04-02 11:53:28,Haetae,(M),575.0
2026-04-02 13:28:32,Haetae,(MFR),545.0
2026-04-02 13:28:32,Haetae,(M),575.0
2026-04-02 15:04:07,Haetae,(MFR),545.0
2026-04-02 15:04:07,Haetae,(M),575.0
2026-04-02 17:02:50,Haetae,(MFR),545.0
2026-04-02 17:02:50,Haetae,(M),575.0
2026-04-02 19:08:31,Haetae,(MFR),545.0
2026-04-02 20:42:02,Haetae,(MFR),545.0
2026-04-02 21:45:36,Haetae,(MFR),545.0
2026-04-02 22:38:28,Haetae,(MFR),545.0
2026-04-02 23:40:56,Haetae,(MFR),545.0
2026-04-03 02:52:27,Haetae,(MFR),450.0
2026-04-03 02:52:27,Haetae,(M),575.0
2026-04-03 05:11:13,Haetae,(MFR),450.0
2026-04-03 07:19:28,Haetae,(MFR),445.0
2026-04-03 07:19:28,Haetae,(M),579.6
2026-04-03 09:03:16,Haetae,(MFR),445.0
2026-04-03 09:03:16,Haetae,(M),579.6
2026-04-03 10:51:34,Haetae,(MFR),450.0
2026-04-03 10:51:34,Haetae,(MFR),579.6
2026-04-03 11:41:59,Haetae,(MFR),425.0
2026-04-03 11:41:59,Haetae,(M),579.6
2026-04-03 13:17:15,Haetae,(MFR),435.0
2026-04-03 13:17:15,Haetae,(M),579.6
2026-04-03 14:51:33,Haetae,(MFR),405.0
2026-04-03 14:51:33,Haetae,(M),579.6
2026-04-03 15:44:53,Haetae,(MFR),425.0
2026-04-03 16:50:32,Haetae,(MFR),425.0
2026-04-03 16:50:32,Haetae,(M),579.6
2026-04-03 17:40:43,Haetae,(MFR),425.0
2026-04-03 17:40:43,Haetae,(M),579.6
2026-04-03 18:57:38,Haetae,(MFR),463.68
2026-04-03 19:44:57,Haetae,(MFR),463.68
2026-04-03 20:44:44,Haetae,(MFR),463.68
2026-04-03 20:44:44,Haetae,(M),579.6
2026-04-03 21:41:03,Haetae,(MFR),463.68
2026-04-03 21:41:03,Haetae,(M),579.6
2026-04-03 22:40:51,Haetae,(MFR),463.68
2026-04-03 22:40:51,Haetae,(M),579.6
2026-04-03 23:40:45,Haetae,(MFR),463.68
2026-04-03 23:40:45,Haetae,(M),579.6
2026-04-04 02:42:26,Haetae,(MFR),420.0
2026-04-04 02:42:26,Haetae,(M),579.6
2026-04-04 04:57:12,Haetae,(MFR),420.0
2026-04-04 04:57:12,Haetae,(M),579.6
2026-04-04 06:03:47,Haetae,(MFR),420.0
2026-04-04 06:03:47,Haetae,(M),579.6
2026-04-04 07:51:55,Haetae,(MFR),420.0
2026-04-04 07:51:55,Haetae,(M),579.6
2026-04-04 08:51:35,Haetae,(MFR),420.0
2026-04-04 09:46:47,Haetae,(MFR),420.0
2026-04-04 09:46:47,Haetae,(M),579.6
2026-04-04 10:40:42,Haetae,(MFR),420.0
2026-04-04 10:40:42,Haetae,(M),579.6
2026-04-04 11:35:25,Haetae,(MFR),420.0
2026-04-04 11:35:25,Haetae,(M),579.6
2026-04-04 13:09:31,Haetae,(MFR),420.0
2026-04-04 13:09:31,Haetae,(M),579.6
2026-04-04 14:39:22,Haetae,(MFR),420.0
2026-04-04 14:39:22,Haetae,(M),579.6
2026-04-04 15:38:45,Haetae,(MFR),420.0
2026-04-04 15:38:45,Haetae,(M),579.6
2026-04-04 16:43:26,Haetae,(MFR),420.0
2026-04-04 16:43:26,Haetae,(M),579.6
2026-04-04 17:38:49,Haetae,(MFR),420.0
2026-04-04 17:38:49,Haetae,(M),579.6
2026-04-04 18:53:27,Haetae,(MFR),420.0
2026-04-04 18:53:27,Haetae,(M),579.6
2026-04-04 19:36:37,Haetae,(MFR),420.0
2026-04-04 19:36:37,Haetae,(M),579.6
2026-04-04 20:40:04,Haetae,(MFR),420.0
2026-04-04 20:40:04,Haetae,(M),579.6
2026-04-04 21:38:48,Haetae,(MFR),420.0
2026-04-04 21:38:48,Haetae,(M),579.6
2026-04-04 22:37:03,Haetae,(MFR),420.0
2026-04-04 22:37:03,Haetae,(M),579.6
2026-04-04 23:37:52,Haetae,(MFR),420.0
2026-04-04 23:37:52,Haetae,(M),579.6
2026-04-05 03:18:29,Haetae,(MFR),420.0
2026-04-05 03:18:29,Haetae,(M),579.6
2026-04-05 05:47:27,Haetae,(MFR),420.0
2026-04-05 05:47:27,Haetae,(M),579.6
2026-04-05 07:16:32,Haetae,(MFR),420.0
2026-04-05 08:53:31,Haetae,(MFR),420.0
2026-04-05 08:53:31,Haetae,(M),579.6
2026-04-05 09:46:50,Haetae,(MFR),420.0
2026-04-05 09:46:50,Haetae,(M),579.6
2026-04-05 10:42:07,Haetae,(MFR),420.0
2026-04-05 10:42:07,Haetae,(M),579.6
2026-04-05 11:36:37,Haetae,(MFR),446.0
2026-04-05 11:36:37,Haetae,(M),579.6
2026-04-05 13:11:16,Haetae,(MFR),446.0
2026-04-05 13:11:16,Haetae,(M),579.6
2026-04-05 14:40:44,Haetae,(MFR),446.0
2026-04-05 14:40:44,Haetae,(M),579.6
2026-04-05 15:39:38,Haetae,(MFR),446.0
2026-04-05 15:39:38,Haetae,(M),579.6
2026-04-05 16:44:14,Haetae,(MFR),420.0
2026-04-05 16:44:14,Haetae,(M),579.6
2026-04-05 17:38:22,Haetae,(MFR),446.0
2026-04-05 17:38:22,Haetae,(M),579.6
2026-04-05 18:54:53,Haetae,(MFR),446.0
2026-04-05 18:54:53,Haetae,(M),579.6
2026-04-05 19:38:51,Haetae,(MFR),445.85
2026-04-05 19:38:51,Haetae,(M),579.6
2026-04-05 20:41:18,Haetae,(MFR),446.0
2026-04-05 20:41:18,Haetae,(M),579.6
2026-04-05 21:38:56,Haetae,(MFR),446.03
2026-04-05 21:38:56,Haetae,(M),579.6
2026-04-05 22:38:43,Haetae,(MFR),445.61
2026-04-05 22:38:43,Haetae,(M),579.6
2026-04-05 23:40:58,Haetae,(MFR),445.54
2026-04-05 23:40:58,Haetae,(M),579.6
2026-04-06 03:21:33,Haetae,(MFR),445.96
2026-04-06 03:21:33,Haetae,(M),579.6
2026-04-06 06:02:38,Haetae,(MFR),444.0
2026-04-06 06:02:38,Haetae,(M),579.6
2026-04-06 08:24:43,Haetae,(MFR),444.0
2026-04-06 10:15:04,Haetae,(MFR),444.0
2026-04-06 11:52:37,Haetae,(MFR),443.0
2026-04-06 13:23:57,Haetae,(MFR),442.0
2026-04-06 14:55:57,Haetae,(MFR),435.0
2026-04-06 15:55:26,Haetae,(MFR),435.0
2026-04-06 16:57:50,Haetae,(MFR),435.0
2026-04-06 17:55:50,Haetae,(MFR),435.0
2026-04-06 19:11:03,Haetae,(MFR),441.95
2026-04-06 20:44:03,Haetae,(MFR),441.95
2026-04-06 21:43:09,Haetae,(MFR),441.95
2026-04-06 22:43:10,Haetae,(MFR),441.95
2026-04-06 23:42:42,Haetae,(MFR),441.95
2026-04-07 02:54:47,Haetae,(MFR),430.0
2026-04-07 05:16:21,Haetae,(MFR),430.0
2026-04-07 07:28:18,Haetae,(MFR),430.0
2026-04-07 09:12:06,Haetae,(MFR),430.0
2026-04-07 11:04:06,Haetae,(MFR),430.0
2026-04-07 13:44:10,Haetae,(MFR),420.0
2026-04-07 13:44:10,Haetae,(M),579.6
2026-04-07 15:16:14,Haetae,(MFR),420.0
2026-04-07 17:09:01,Haetae,(MFR),420.0
2026-04-07 19:14:04,Haetae,(MFR),420.0
2026-04-07 20:56:09,Haetae,(MFR),420.0
2026-04-07 21:50:54,Haetae,(MFR),420.0
2026-04-07 21:50:54,Haetae,(M),579.6
2026-04-07 22:46:25,Haetae,(MFR),420.0
2026-04-07 22:46:25,Haetae,(M),579.6
2026-04-07 23:43:10,Haetae,(MFR),420.0
2026-04-07 23:43:10,Haetae,(M),579.6
2026-04-08 02:56:11,Haetae,(MFR),420.0
2026-04-08 02:56:11,Haetae,(M),579.6
2026-04-08 05:19:11,Haetae,(MFR),420.0
2026-04-08 05:19:11,Haetae,(M),579.6
2026-04-08 07:44:44,Haetae,(MFR),420.0
2026-04-08 07:44:44,Haetae,(M),579.6
2026-04-08 09:11:05,Haetae,(MFR),420.0
2026-04-08 09:11:05,Haetae,(M),579.6
2026-04-08 11:04:37,Haetae,(MFR),420.0
2026-04-08 11:04:37,Haetae,(M),579.6
2026-04-08 13:47:09,Haetae,(MFR),420.0
2026-04-08 15:17:28,Haetae,(MFR),420.0
2026-04-08 17:12:15,Haetae,(MFR),412.97
2026-04-08 19:26:11,Haetae,(MFR),412.97
2026-04-08 19:26:11,Haetae,(M),579.6
2026-04-08 20:57:24,Haetae,(MFR),412.97
2026-04-08 20:57:24,Haetae,(M),579.6
2026-04-08 21:51:10,Haetae,(MFR),412.97
2026-04-08 21:51:10,Haetae,(M),579.6
2026-04-08 22:50:07,Haetae,(MFR),412.97
2026-04-08 22:50:07,Haetae,(M),579.6
2026-04-08 23:44:27,Haetae,(MFR),412.97
2026-04-08 23:44:27,Haetae,(M),579.6
2026-04-09 02:50:43,Haetae,(MFR),412.97
2026-04-09 02:50:43,Haetae,(M),579.6
2026-04-09 05:17:52,Haetae,(MFR),412.0
2026-04-09 07:47:03,Haetae,(MFR),412.97
2026-04-09 09:16:52,Haetae,(MFR),412.97
2026-04-09 11:05:41,Haetae,(MFR),416.25
2026-04-09 13:57:47,Haetae,(MFR),416.25
2026-04-09 13:57:47,Haetae,(M),584.21
2026-04-09 15:57:43,Haetae,(MFR),416.25
2026-04-09 17:14:57,Haetae,(MFR),419.52
2026-04-09 19:17:40,Haetae,(MFR),419.52
2026-04-09 20:58:39,Haetae,(MFR),419.52
2026-04-09 20:58:39,Haetae,(M),588.8
2026-04-09 21:54:01,Haetae,(MFR),419.52
2026-04-09 22:51:05,Haetae,(MFR),419.52
2026-04-09 23:42:16,Haetae,(MFR),419.52
2026-04-10 03:22:18,Haetae,(MFR),419.52
2026-04-10 06:02:31,Haetae,(MFR),419.52
2026-04-10 08:23:49,Haetae,(MFR),419.52
2026-04-10 10:12:32,Haetae,(MFR),419.52
2026-04-10 11:53:31,Haetae,(MFR),419.52
2026-04-10 13:24:33,Haetae,(MFR),408.95
2026-04-10 14:55:16,Haetae,(MFR),412.16
2026-04-10 16:00:26,Haetae,(MFR),412.16
2026-04-10 17:02:32,Haetae,(MFR),408.95
2026-04-10 19:03:21,Haetae,(MFR),408.95
2026-04-10 20:46:55,Haetae,(MFR),408.95
2026-04-10 21:46:40,Haetae,(MFR),408.95
2026-04-10 23:42:17,Haetae,(MFR),408.95
2026-04-11 02:47:12,Haetae,(MFR),408.95
2026-04-11 05:00:54,Haetae,(MFR),408.95
2026-04-11 06:10:21,Haetae,(MFR),408.95
2026-04-11 07:54:44,Haetae,(MFR),412.16
2026-04-11 08:54:20,Haetae,(MFR),408.95
2026-04-11 09:49:53,Haetae,(MFR),412.16
2026-04-11 10:41:45,Haetae,(MFR),412.16
2026-04-11 11:36:46,Haetae,(MFR),412.16
2026-04-11 13:12:25,Haetae,(MFR),412.16
2026-04-11 14:41:37,Haetae,(MFR),412.16
2026-04-11 14:41:37,Haetae,(M),588.8
2026-04-11 15:39:43,Haetae,(MFR),412.16
2026-04-11 16:45:17,Haetae,(MFR),545.0
2026-04-11 17:38:14,Haetae,(MFR),545.0
2026-04-11 18:55:26,Haetae,(MFR),545.0
2026-04-11 19:39:29,Haetae,(MFR),545.0
2026-04-11 20:41:32,Haetae,(MFR),545.0
2026-04-11 21:39:47,Haetae,(MFR),545.0
2026-04-11 22:39:25,Haetae,(MFR),545.0
2026-04-11 23:42:15,Haetae,(MFR),545.0
2026-04-12 03:25:56,Haetae,(M),588.8
2026-04-12 05:58:03,Haetae,(M),588.8
2026-04-12 07:38:43,Haetae,(M),588.8
2026-04-12 08:57:20,Haetae,(M),588.8
2026-04-12 09:53:42,Haetae,(M),588.8
2026-04-12 10:46:53,Haetae,(M),588.8
2026-04-12 11:38:47,Haetae,(M),588.8
2026-04-12 11:38:47,Haetae,(MFR),545.0
2026-04-12 13:14:46,Haetae,(M),588.8
2026-04-12 14:46:42,Haetae,(M),588.8
2026-04-12 15:41:51,Haetae,(M),588.8
2026-04-12 16:49:38,Haetae,(M),588.8
2026-04-12 16:49:38,Haetae,(MFR),380.0
2026-04-12 17:40:58,Haetae,(M),588.8
2026-04-12 17:40:58,Haetae,(MFR),380.0
2026-04-12 18:59:30,Haetae,(M),588.8
2026-04-12 18:59:30,Haetae,(MFR),380.0
2026-04-12 19:47:37,Haetae,(M),588.8
2026-04-12 19:47:37,Haetae,(MFR),380.0
2026-04-12 20:43:45,Haetae,(M),588.8
2026-04-12 20:43:45,Haetae,(MFR),380.0
2026-04-12 21:41:59,Haetae,(M),588.8
2026-04-12 21:41:59,Haetae,(MFR),380.0
2026-04-12 22:42:09,Haetae,(M),588.8
2026-04-12 23:42:19,Haetae,(M),588.8
2026-04-13 03:32:46,Haetae,(MFR),380.0
2026-04-13 06:21:11,Haetae,(M),588.8
2026-04-13 09:05:01,Haetae,(M),588.8
2026-04-14 21:56:48,Haetae,(MFR),530.0
2026-04-15 03:20:15,Haetae,(MFR),530.0
2026-04-15 19:27:43,Haetae,(MFR),530.0
2026-04-15 20:59:24,Haetae,(MFR),530.0
2026-04-15 22:00:22,Haetae,(MFR),530.0
2026-04-17 08:47:34,Haetae,(MFR),530.0
2026-04-17 10:17:56,Haetae,(MFR),530.0
2026-04-17 11:56:12,Haetae,(MFR),530.0
2026-04-17 13:46:47,Haetae,(MFR),530.0
2026-04-17 15:04:16,Haetae,(M),420.0
2026-04-17 17:57:40,Haetae,(MFR),530.0
2026-04-17 19:14:49,Haetae,(MFR),530.0
2026-04-17 20:54:36,Haetae,(MFR),530.0
2026-04-17 20:54:36,Haetae,(M),420.0
2026-04-17 21:51:45,Haetae,(M),420.0
2026-04-17 21:51:45,Haetae,(MFR),530.0
2026-04-17 22:50:08,Haetae,(MFR),530.0
2026-04-18 05:12:43,Haetae,(M),420.0
2026-04-18 05:12:43,Haetae,(MFR),530.0
2026-04-18 07:18:42,Haetae,(M),420.0
2026-04-18 07:18:42,Haetae,(MFR),530.0
2026-04-18 08:58:45,Haetae,(MFR),530.0
2026-04-18 09:56:31,Haetae,(MFR),530.0
2026-04-18 10:51:09,Haetae,(MFR),530.0
2026-04-18 11:40:05,Haetae,(MFR),530.0
2026-04-18 13:15:10,Haetae,(MFR),530.0
2026-04-18 17:41:46,Haetae,(MFR),530.0
2026-04-19 08:09:37,Haetae,(M),410.0
2026-04-19 09:53:55,Haetae,(M),410.0
2026-04-19 09:53:55,Haetae,(MFR),530.0
2026-04-19 10:48:41,Haetae,(M),410.0
2026-04-19 11:40:42,Haetae,(M),410.0
2026-04-19 13:15:13,Haetae,(M),410.0
2026-04-19 20:46:49,Haetae,(M),559.36
2026-04-19 21:42:32,Haetae,(M),559.36
2026-04-19 22:43:04,Haetae,(M),559.36
2026-04-19 23:44:03,Haetae,(M),559.36
2026-04-20 03:32:48,Haetae,(M),559.36
2026-04-20 06:21:42,Haetae,(M),559.36
2026-04-20 09:10:50,Haetae,(MFR),399.0
2026-04-20 09:10:50,Haetae,(M),563.73
2026-04-20 11:23:17,Haetae,(M),568.1
2026-04-20 13:57:47,Haetae,(M),568.1
2026-04-20 15:23:18,Haetae,(M),568.1
2026-04-20 17:12:27,Haetae,(M),568.1
2026-04-20 19:16:09,Haetae,(M),568.1
2026-04-20 20:56:15,Haetae,(M),568.1
2026-04-20 21:54:31,Haetae,(M),568.1
2026-04-20 22:53:01,Haetae,(M),568.1
2026-04-20 23:51:40,Haetae,(M),568.1
2026-04-21 03:24:35,Haetae,(M),568.1
2026-04-21 06:07:13,Haetae,(M),568.1
2026-04-21 08:55:47,Haetae,(M),576.84
2026-04-21 10:22:42,Haetae,(M),576.84
2026-04-21 12:02:54,Haetae,(MFR),389.8
2026-04-21 14:50:19,Haetae,(MFR),389.8
2026-04-21 18:03:07,Haetae,(MFR),389.8
2026-04-22 03:23:03,Haetae,(M),572.47
2026-04-22 06:04:14,Haetae,(MFR),389.16
2026-04-22 10:23:36,Haetae,(M),572.47
2026-04-22 10:23:36,Haetae,(MFR),389.16
2026-04-22 12:02:34,Haetae,(M),568.1
2026-04-22 12:02:34,Haetae,(MFR),389.16
2026-04-22 14:49:53,Haetae,(M),572.47
2026-04-22 16:13:27,Haetae,(M),572.47
2026-04-22 18:04:10,Haetae,(M),572.47
2026-04-22 21:56:15,Haetae,(M),568.1
2026-04-22 22:55:05,Haetae,(M),568.1
2026-04-22 23:52:11,Haetae,(M),568.1
2026-04-25 02:56:35,Haetae,(M),568.1
2026-04-25 09:01:43,Haetae,(MFR),475.0
2026-04-25 10:50:42,Haetae,(M),572.47
2026-04-25 11:42:46,Haetae,(M),568.1
2026-04-25 13:18:31,Haetae,(M),572.47
2026-04-25 14:51:08,Haetae,(M),572.47
2026-04-25 16:53:08,Haetae,(M),572.47
2026-04-25 17:43:31,Haetae,(M),572.47
2026-04-25 19:03:10,Haetae,(MFR),475.0
2026-04-25 20:48:38,Haetae,(MFR),475.0
2026-04-25 21:42:14,Haetae,(MFR),475.0
2026-04-25 22:44:42,Haetae,(MFR),475.0
2026-04-25 23:46:28,Haetae,(MFR),475.0
2026-04-26 03:35:41,Haetae,(MFR),475.0
2026-04-26 06:12:02,Haetae,(M),568.1
2026-04-26 08:19:01,Haetae,(M),568.1
2026-04-26 09:58:52,Haetae,(M),572.47
2026-04-26 10:56:35,Haetae,(M),568.1
2026-04-26 19:05:01,Haetae,(MFR),550.0
2026-04-26 20:49:13,Haetae,(MFR),550.0
2026-04-26 20:49:13,Haetae,(M),572.47
2026-04-26 21:45:47,Haetae,(MFR),550.0
2026-04-26 21:45:47,Haetae,(M),572.47
2026-04-26 22:47:20,Haetae,(MFR),550.0
2026-04-26 22:47:20,Haetae,(M),572.47
2026-04-26 23:48:01,Haetae,(MFR),550.0
2026-04-26 23:48:01,Haetae,(M),572.47
2026-04-27 03:39:43,Haetae,(MFR),550.0
2026-04-27 03:39:43,Haetae,(M),572.47
2026-04-27 06:33:51,Haetae,(MFR),550.0
2026-04-27 06:33:51,Haetae,(M),572.47
2026-04-27 09:24:26,Haetae,(MFR),550.0
2026-04-27 09:24:26,Haetae,(M),576.84
2026-04-27 11:49:33,Haetae,(MFR),480.0
2026-04-27 16:46:28,Haetae,(MFR),480.0
2026-04-27 18:08:44,Haetae,(MFR),475.0
2026-04-27 21:58:54,Haetae,(MFR),475.0
2026-04-27 23:03:07,Haetae,(MFR),475.0
2026-04-28 03:44:49,Haetae,(MFR),480.0
2026-04-28 06:34:43,Haetae,(MFR),500.0
2026-04-28 09:28:08,Haetae,(MFR),475.0
2026-04-28 11:50:47,Haetae,(MFR),475.0
2026-04-28 14:28:00,Haetae,(MFR),475.0
2026-04-28 16:58:06,Haetae,(MFR),475.0
2026-04-28 18:24:07,Haetae,(MFR),475.0
2026-04-28 20:22:05,Haetae,(MFR),470.0
2026-04-28 22:04:29,Haetae,(MFR),465.0
2026-04-28 23:59:47,Haetae,(MFR),465.0
2026-04-29 03:56:59,Haetae,(MFR),450.0
2026-04-29 06:31:37,Haetae,(MFR),450.0
2026-04-29 09:15:00,Haetae,(MFR),449.99
2026-04-29 16:47:16,Haetae,(MFR),445.0
2026-04-29 18:16:34,Haetae,(MFR),430.0
2026-04-29 20:14:49,Haetae,(MFR),420.0
2026-04-29 22:05:13,Haetae,(MFR),430.0
2026-04-30 00:00:27,Haetae,(MFR),430.0
2026-04-30 03:59:18,Haetae,(MFR),430.0
2026-04-30 03:59:18,Haetae,(M),572.47
2026-04-30 06:37:12,Haetae,(MFR),430.0
2026-04-30 09:20:52,Haetae,(MFR),474.0
2026-04-30 09:20:52,Haetae,(M),572.47
2026-04-30 11:43:16,Haetae,(MFR),474.0
2026-04-30 14:11:29,Haetae,(MFR),474.0
2026-04-30 16:25:14,Haetae,(MFR),474.0
2026-04-30 18:15:07,Haetae,(MFR),473.99
2026-04-30 18:15:07,Haetae,(M),568.1
2026-04-30 20:13:14,Haetae,(MFR),473.99
2026-04-30 22:01:46,Haetae,(MFR),473.9
2026-04-30 23:56:49,Haetae,(MFR),473.9
2026-04-30 23:56:49,Haetae,(M),568.1
2026-05-01 04:06:56,Haetae,(MFR),473.0
2026-05-01 04:06:56,Haetae,(M),568.1
2026-05-01 07:28:45,Haetae,(MFR),473.0
2026-05-01 07:28:45,Haetae,(M),568.1
2026-05-01 09:52:22,Haetae,(MFR),470.0
2026-05-01 09:52:22,Haetae,(M),572.47
2026-05-01 11:12:52,Haetae,(MFR),470.0
2026-05-01 13:40:34,Haetae,(MFR),470.0
2026-05-01 13:40:34,Haetae,(M),568.1
2026-05-01 17:03:20,Haetae,(MFR),470.0
2026-05-01 17:03:20,Haetae,(M),568.1
2026-05-01 19:20:22,Haetae,(MFR),470.0
2026-05-01 19:20:22,Haetae,(M),572.47
2026-05-01 20:59:53,Haetae,(MFR),470.0
2026-05-01 20:59:53,Haetae,(M),568.1
2026-05-02 03:29:35,Haetae,(MFR),469.94
2026-05-02 03:29:35,Haetae,(M),568.1
2026-05-02 06:12:39,Haetae,(MFR),469.94
2026-05-02 06:12:39,Haetae,(M),568.1
2026-05-02 08:24:16,Haetae,(MFR),469.94
2026-05-02 08:24:16,Haetae,(M),568.1
2026-05-02 10:03:11,Haetae,(MFR),465.0
2026-05-02 10:03:11,Haetae,(M),572.47
2026-05-02 11:51:40,Haetae,(MFR),465.0
2026-05-02 11:51:40,Haetae,(M),572.47
2026-05-02 13:24:56,Haetae,(MFR),465.0
2026-05-02 13:24:56,Haetae,(M),572.47
2026-05-02 14:55:13,Haetae,(MFR),465.0
2026-05-02 14:55:13,Haetae,(M),572.47
2026-05-02 15:54:13,Haetae,(MFR),465.0
2026-05-02 15:54:13,Haetae,(M),572.47
2026-05-02 16:57:28,Haetae,(MFR),469.94
2026-05-02 16:57:28,Haetae,(M),572.47
2026-05-02 17:54:13,Haetae,(MFR),465.0
2026-05-02 17:54:13,Haetae,(M),572.47
2026-05-02 19:09:38,Haetae,(MFR),450.0
2026-05-02 19:09:38,Haetae,(M),572.47
2026-05-02 20:51:41,Haetae,(MFR),450.0
2026-05-02 20:51:41,Haetae,(M),572.47
2026-05-02 21:51:23,Haetae,(MFR),450.0
2026-05-02 21:51:23,Haetae,(M),572.47
2026-05-02 22:52:04,Haetae,(MFR),450.0
2026-05-02 22:52:04,Haetae,(M),572.47
2026-05-02 23:53:21,Haetae,(MFR),450.0
2026-05-02 23:53:21,Haetae,(M),572.47
2026-05-03 03:50:12,Haetae,(MFR),450.0
2026-05-03 03:50:12,Haetae,(M),572.47
2026-05-03 06:32:00,Haetae,(MFR),450.0
2026-05-03 06:32:00,Haetae,(M),572.47
2026-05-03 08:51:24,Haetae,(MFR),464.9
2026-05-03 08:51:24,Haetae,(M),572.47
2026-05-03 10:11:22,Haetae,(MFR),450.0
2026-05-03 10:11:22,Haetae,(M),572.47
2026-05-03 11:50:32,Haetae,(MFR),450.0
2026-05-03 11:50:32,Haetae,(M),572.47
2026-05-03 13:24:38,Haetae,(MFR),450.0
2026-05-03 13:24:38,Haetae,(M),572.47
2026-05-03 15:54:47,Haetae,(MFR),450.0
2026-05-03 15:54:47,Haetae,(M),572.47
2026-05-03 17:55:30,Haetae,(MFR),450.0
2026-05-03 17:55:30,Haetae,(M),572.47
2026-05-03 19:08:59,Haetae,(MFR),450.0
2026-05-03 19:08:59,Haetae,(M),572.47
2026-05-03 20:53:41,Haetae,(MFR),450.0
2026-05-03 20:53:41,Haetae,(M),572.47
2026-05-03 21:52:22,Haetae,(MFR),450.0
2026-05-03 21:52:22,Haetae,(M),572.47
2026-05-03 22:52:48,Haetae,(MFR),449.9
2026-05-03 22:52:48,Haetae,(M),572.47
2026-05-03 23:55:29,Haetae,(MFR),450.0
2026-05-03 23:55:29,Haetae,(M),572.47
2026-05-04 03:47:52,Haetae,(MFR),449.95
2026-05-04 03:47:52,Haetae,(M),572.47
2026-05-04 06:45:45,Haetae,(MFR),440.0
2026-05-04 06:45:45,Haetae,(M),572.47
2026-05-04 09:26:44,Haetae,(MFR),440.0
2026-05-04 09:26:44,Haetae,(M),572.47
2026-05-04 11:55:36,Haetae,(MFR),440.0
2026-05-04 11:55:36,Haetae,(M),572.47
2026-05-04 14:17:22,Haetae,(MFR),440.0
2026-05-04 14:17:22,Haetae,(M),572.47
2026-05-04 16:52:35,Haetae,(MFR),400.0
2026-05-04 16:52:35,Haetae,(M),572.47
2026-05-04 18:20:19,Haetae,(MFR),449.95
2026-05-04 18:20:19,Haetae,(M),568.1
2026-05-04 20:21:12,Haetae,(MFR),449.95
2026-05-04 20:21:12,Haetae,(M),572.47
2026-05-04 22:08:14,Haetae,(MFR),449.95
2026-05-04 22:08:14,Haetae,(M),572.47
2026-05-05 00:00:11,Haetae,(MFR),449.95
2026-05-05 00:00:11,Haetae,(M),572.47
2026-05-05 03:43:49,Haetae,(MFR),449.95
2026-05-05 03:43:49,Haetae,(M),568.1
2026-05-05 06:23:17,Haetae,(MFR),449.95
2026-05-05 06:23:17,Haetae,(M),572.47
2026-05-05 09:11:38,Haetae,(MFR),449.95
2026-05-05 09:11:38,Haetae,(M),572.47
2026-05-05 11:20:30,Haetae,(MFR),449.95
2026-05-05 11:20:30,Haetae,(M),572.47
2026-05-05 16:48:17,Haetae,(MFR),449.95
2026-05-05 16:48:17,Haetae,(M),572.47
2026-05-05 18:16:05,Haetae,(MFR),449.95
2026-05-05 18:16:05,Haetae,(M),572.47
2026-05-05 20:12:33,Haetae,(MFR),449.95
2026-05-05 20:12:33,Haetae,(M),572.47
2026-05-05 22:05:28,Haetae,(MFR),449.95
2026-05-05 22:05:28,Haetae,(M),572.47
2026-05-05 23:55:26,Haetae,(MFR),449.95
2026-05-05 23:55:26,Haetae,(M),572.47
2026-05-06 03:42:54,Haetae,(MFR),449.95
2026-05-06 03:42:54,Haetae,(M),572.47
2026-05-06 06:36:20,Haetae,(MFR),449.95
2026-05-06 06:36:20,Haetae,(M),572.47
2026-05-06 09:29:34,Haetae,(MFR),449.95
2026-05-06 09:29:34,Haetae,(M),572.47
2026-05-06 11:53:34,Haetae,(MFR),449.95
2026-05-06 11:53:34,Haetae,(M),576.84
2026-05-06 14:29:14,Haetae,(MFR),449.95
2026-05-06 14:29:14,Haetae,(M),576.84
2026-05-06 16:48:12,Haetae,(MFR),559.0
2026-05-06 16:48:12,Haetae,(M),576.84
2026-05-06 20:28:19,Haetae,(MFR),559.0
2026-05-06 20:28:19,Haetae,(M),576.84
2026-05-06 22:02:50,Haetae,(MFR),559.0
2026-05-06 22:02:50,Haetae,(M),576.84
2026-05-06 23:56:20,Haetae,(MFR),559.0
2026-05-06 23:56:20,Haetae,(M),576.84
2026-05-07 03:43:16,Haetae,(MFR),559.0
2026-05-07 03:43:16,Haetae,(M),576.84
2026-05-07 06:43:27,Haetae,(MFR),559.0
2026-05-07 06:43:27,Haetae,(M),576.84
2026-05-07 09:39:43,Haetae,(MFR),559.0
2026-05-07 09:39:43,Haetae,(M),576.84
2026-05-07 11:53:27,Haetae,(MFR),559.0
2026-05-07 11:53:27,Haetae,(M),576.84
2026-05-07 16:57:04,Haetae,(MFR),559.0
2026-05-07 16:57:04,Haetae,(M),576.84
2026-05-07 18:50:20,Haetae,(MFR),559.0
2026-05-07 18:50:20,Haetae,(M),576.84
2026-05-07 20:19:36,Haetae,(MFR),559.0
2026-05-07 20:19:36,Haetae,(M),607.21
2026-05-07 22:06:22,Haetae,(MFR),559.0
2026-05-07 22:06:22,Haetae,(M),607.21
2026-05-07 23:58:54,Haetae,(MFR),559.0
2026-05-07 23:58:54,Haetae,(M),607.21
2026-05-08 03:48:25,Haetae,(MFR),559.0
2026-05-08 03:48:25,Haetae,(M),607.21
2026-05-08 06:02:41,Haetae,(MFR),559.0
2026-05-08 06:02:41,Haetae,(M),607.21
2026-05-08 08:24:30,Haetae,(MFR),559.0
2026-05-08 08:24:30,Haetae,(M),607.21
2026-05-08 10:43:03,Haetae,(MFR),559.0
2026-05-08 10:43:03,Haetae,(M),607.21
2026-05-08 14:59:58,Haetae,(MFR),559.0
2026-05-08 14:59:58,Haetae,(M),611.8
2026-05-08 16:22:12,Haetae,(MFR),520.0
2026-05-08 16:22:12,Haetae,(M),611.8
2026-05-08 18:14:49,Haetae,(MFR),520.0
2026-05-08 18:14:49,Haetae,(M),607.21
2026-05-08 20:09:42,Haetae,(MFR),520.0
2026-05-08 20:09:42,Haetae,(M),607.21
2026-05-08 22:03:23,Haetae,(MFR),520.0
2026-05-08 22:03:23,Haetae,(M),607.21
2026-05-09 00:00:38,Haetae,(MFR),520.0
2026-05-09 00:00:38,Haetae,(M),607.21
2026-05-09 03:50:56,Haetae,(MFR),520.0
2026-05-09 03:50:56,Haetae,(M),607.21
2026-05-09 06:22:27,Haetae,(MFR),520.0
2026-05-09 06:22:27,Haetae,(M),607.21
2026-05-09 08:45:31,Haetae,(MFR),520.0
2026-05-09 10:12:23,Haetae,(MFR),520.0
2026-05-09 10:12:23,Haetae,(M),531.3
2026-05-09 11:55:07,Haetae,(MFR),520.0
2026-05-09 11:55:07,Haetae,(M),531.3
2026-05-09 13:39:11,Haetae,(MFR),520.0
2026-05-09 13:39:11,Haetae,(M),531.3
2026-05-09 14:58:19,Haetae,(MFR),520.0
2026-05-09 14:58:19,Haetae,(M),531.3
2026-05-09 16:01:08,Haetae,(MFR),520.0
2026-05-09 16:01:08,Haetae,(M),531.3
2026-05-09 17:54:42,Haetae,(MFR),520.0
2026-05-09 17:54:42,Haetae,(M),531.3
2026-05-09 19:12:28,Haetae,(MFR),510.0
2026-05-09 19:12:28,Haetae,(M),531.3
2026-05-09 20:53:12,Haetae,(MFR),520.0
2026-05-09 20:53:12,Haetae,(M),531.3
2026-05-09 21:53:13,Haetae,(MFR),520.0
2026-05-09 21:53:13,Haetae,(M),531.3
2026-05-09 22:54:04,Haetae,(MFR),520.0
2026-05-09 22:54:04,Haetae,(M),531.3
2026-05-09 23:55:58,Haetae,(MFR),520.0
2026-05-09 23:55:58,Haetae,(M),531.3
2026-05-10 03:52:47,Haetae,(MFR),520.0
2026-05-10 03:52:47,Haetae,(M),531.3
2026-05-10 06:38:26,Haetae,(MFR),520.0
2026-05-10 06:38:26,Haetae,(M),531.3
2026-05-10 08:59:19,Haetae,(MFR),520.0
2026-05-10 08:59:19,Haetae,(M),531.3
2026-05-10 10:23:15,Haetae,(MFR),520.0
2026-05-10 11:57:39,Haetae,(MFR),520.0
2026-05-10 11:57:39,Haetae,(M),531.3
2026-05-10 13:48:53,Haetae,(MFR),520.0
2026-05-10 14:59:26,Haetae,(MFR),520.0
2026-05-10 16:03:29,Haetae,(MFR),520.0
2026-05-10 17:56:12,Haetae,(MFR),520.0
2026-05-10 19:13:53,Haetae,(MFR),520.0
2026-05-10 19:13:53,Haetae,(M),535.34
2026-05-10 20:56:28,Haetae,(MFR),520.0
2026-05-10 20:56:28,Haetae,(M),535.34
2026-05-10 21:55:25,Haetae,(MFR),520.0
2026-05-10 21:55:25,Haetae,(M),535.34
2026-05-10 22:55:23,Haetae,(MFR),520.0
2026-05-10 22:55:23,Haetae,(M),535.34
2026-05-10 23:58:24,Haetae,(MFR),520.0
2026-05-11 04:17:11,Haetae,(MFR),520.0
2026-05-11 04:17:11,Haetae,(M),535.34
2026-05-11 08:28:21,Haetae,(MFR),520.0
2026-05-11 08:28:21,Haetae,(M),539.35
2026-05-11 12:16:53,Haetae,(MFR),510.0
2026-05-11 12:16:53,Haetae,(M),535.34
2026-05-11 16:06:09,Haetae,(MFR),520.0
2026-05-11 19:01:03,Haetae,(MFR),520.0
2026-05-11 21:22:09,Haetae,(MFR),520.0
2026-05-11 21:22:09,Haetae,(M),535.34
2026-05-11 23:00:36,Haetae,(MFR),520.0
2026-05-11 23:00:36,Haetae,(M),535.34
2026-05-12 00:07:41,Haetae,(MFR),520.0
2026-05-12 04:40:45,Haetae,(MFR),520.0
2026-05-12 04:40:45,Haetae,(M),535.34
2026-05-12 07:47:27,Haetae,(MFR),520.0
2026-05-12 07:47:27,Haetae,(M),535.34
2026-05-12 10:38:33,Haetae,(MFR),520.0
2026-05-12 10:38:33,Haetae,(M),535.34
2026-05-12 13:08:49,Haetae,(MFR),535.71
2026-05-12 13:08:49,Haetae,(M),539.35
2026-05-12 16:26:15,Haetae,(MFR),535.09
2026-05-12 16:26:15,Haetae,(M),535.34
2026-05-12 19:01:20,Haetae,(MFR),535.31
2026-05-12 19:01:20,Haetae,(M),535.34
2026-05-12 21:25:48,Haetae,(MFR),535.22
2026-05-12 21:25:48,Haetae,(M),535.34
2026-05-12 23:07:22,Haetae,(MFR),535.36
2026-05-12 23:07:22,Haetae,(M),535.34
2026-05-13 03:55:52,Haetae,(MFR),535.17
2026-05-13 03:55:52,Haetae,(M),535.34
2026-05-13 06:53:27,Haetae,(MFR),534.63
2026-05-13 06:53:27,Haetae,(M),535.34
2026-05-13 09:48:54,Haetae,(MFR),520.0
2026-05-13 09:48:54,Haetae,(M),539.35
2026-05-13 12:09:13,Haetae,(MFR),515.0
2026-05-13 12:09:13,Haetae,(M),539.35
2026-05-13 15:49:06,Haetae,(MFR),510.0
2026-05-13 15:49:06,Haetae,(M),539.35
2026-05-13 18:06:30,Haetae,(MFR),510.0
2026-05-13 18:06:30,Haetae,(M),539.35
2026-05-13 20:48:43,Haetae,(MFR),510.0
2026-05-13 20:48:43,Haetae,(M),539.35
2026-05-13 22:19:13,Haetae,(MFR),510.0
2026-05-13 22:19:13,Haetae,(M),539.35
2026-05-14 00:07:55,Haetae,(MFR),510.0
2026-05-14 00:07:55,Haetae,(M),539.35
2026-05-14 04:50:59,Haetae,(MFR),510.0
2026-05-14 04:50:59,Haetae,(M),539.35
2026-05-14 07:47:15,Haetae,(MFR),500.0
2026-05-14 07:47:15,Haetae,(M),543.38
2026-05-14 10:25:44,Haetae,(MFR),469.99
2026-05-14 10:25:44,Haetae,(M),547.4
2026-05-14 13:00:16,Haetae,(MFR),450.0
2026-05-14 13:00:16,Haetae,(M),547.4
2026-05-14 15:26:08,Haetae,(MFR),449.99
2026-05-14 15:26:08,Haetae,(M),543.38
2026-05-14 17:58:12,Haetae,(MFR),449.99
2026-05-14 17:58:12,Haetae,(M),543.38
2026-05-14 19:57:49,Haetae,(MFR),449.99
2026-05-14 19:57:49,Haetae,(M),543.38
2026-05-14 21:18:00,Haetae,(MFR),449.99
2026-05-14 21:18:00,Haetae,(M),543.38
2026-05-14 23:02:27,Haetae,(MFR),449.99
2026-05-14 23:02:27,Haetae,(M),543.38
2026-05-15 03:58:57,Haetae,(MFR),449.99
2026-05-15 03:58:57,Haetae,(M),543.38
2026-05-15 07:30:52,Haetae,(MFR),450.0
2026-05-15 07:30:52,Haetae,(M),543.38
2026-05-15 10:33:03,Haetae,(MFR),450.0
2026-05-15 12:58:51,Haetae,(MFR),450.0
2026-05-15 12:58:51,Haetae,(M),543.38
2026-05-15 15:24:23,Haetae,(MFR),479.99
2026-05-15 17:46:17,Haetae,(MFR),479.99
2026-05-15 19:46:37,Haetae,(MFR),479.99
2026-05-15 19:46:37,Haetae,(M),543.38
2026-05-15 21:11:34,Haetae,(MFR),479.99
2026-05-15 21:11:34,Haetae,(M),543.38
2026-05-15 23:00:58,Haetae,(MFR),479.99
2026-05-15 23:00:58,Haetae,(M),543.38
2026-05-16 03:40:03,Haetae,(MFR),479.99
2026-05-16 03:40:03,Haetae,(M),543.38
2026-05-16 06:26:40,Haetae,(MFR),479.99
2026-05-16 06:26:40,Haetae,(M),543.38
2026-05-16 08:51:13,Haetae,(MFR),479.99
2026-05-16 08:51:13,Haetae,(M),543.38
2026-05-16 10:20:56,Haetae,(MFR),479.99
2026-05-16 11:56:06,Haetae,(MFR),479.99
2026-05-16 11:56:06,Haetae,(M),543.38
2026-05-16 13:45:53,Haetae,(MFR),499.34
2026-05-16 13:45:53,Haetae,(M),543.38
2026-05-16 15:02:30,Haetae,(MFR),489.99
2026-05-16 15:02:30,Haetae,(M),543.38
2026-05-16 17:04:56,Haetae,(MFR),489.99
2026-05-16 17:04:56,Haetae,(M),543.38
2026-05-16 19:13:46,Haetae,(MFR),489.99
2026-05-16 19:13:46,Haetae,(M),543.38
2026-05-16 20:56:59,Haetae,(MFR),489.99
2026-05-16 20:56:59,Haetae,(M),543.38
2026-05-16 21:57:10,Haetae,(MFR),489.99
2026-05-16 21:57:10,Haetae,(M),543.38
2026-05-16 22:57:06,Haetae,(MFR),489.99
2026-05-16 22:57:06,Haetae,(M),543.38
2026-05-17 00:00:31,Haetae,(MFR),489.99
2026-05-17 00:00:31,Haetae,(M),543.38
2026-05-17 04:16:10,Haetae,(MFR),489.99
2026-05-17 04:16:10,Haetae,(M),543.38
2026-05-17 07:36:25,Haetae,(MFR),489.99
2026-05-17 07:36:25,Haetae,(M),543.38
2026-05-17 09:52:31,Haetae,(MFR),489.99
2026-05-17 09:52:31,Haetae,(M),543.38
2026-05-17 11:14:16,Haetae,(MFR),489.99
2026-05-17 11:14:16,Haetae,(M),543.38
2026-05-17 13:44:09,Haetae,(MFR),489.99
2026-05-17 13:44:09,Haetae,(M),543.38
2026-05-17 15:02:39,Haetae,(MFR),489.99
2026-05-17 15:02:39,Haetae,(M),543.38
2026-05-17 17:03:42,Haetae,(MFR),489.99
2026-05-17 17:03:42,Haetae,(M),543.38
2026-05-17 19:17:30,Haetae,(MFR),489.99
2026-05-17 19:17:30,Haetae,(M),543.38
2026-05-18 00:02:07,Haetae,(MFR),489.99
2026-05-18 00:02:07,Haetae,(M),543.38
2026-05-18 05:10:30,Haetae,(MFR),489.99
2026-05-18 05:10:30,Haetae,(M),543.38
2026-05-18 10:16:43,Haetae,(MFR),489.99
2026-05-18 10:16:43,Haetae,(M),547.4
2026-05-18 14:34:08,Haetae,(MFR),489.99
2026-05-18 14:34:08,Haetae,(M),547.4
2026-05-18 17:32:56,Haetae,(MFR),489.99
2026-05-18 17:32:56,Haetae,(M),551.44
2026-05-18 19:52:33,Haetae,(MFR),489.99
2026-05-18 19:52:33,Haetae,(M),551.44
2026-05-18 21:18:10,Haetae,(MFR),489.99
2026-05-18 21:18:10,Haetae,(M),551.44
2026-05-18 23:09:59,Haetae,(MFR),489.99
2026-05-18 23:09:59,Haetae,(M),555.46
2026-05-19 04:06:03,Haetae,(MFR),489.99
2026-05-19 08:32:22,Haetae,(MFR),489.99
2026-05-19 12:15:26,Haetae,(MFR),489.99
2026-05-19 16:26:44,Haetae,(MFR),489.99
2026-05-19 16:26:44,Haetae,(M),563.5
2026-05-19 19:05:48,Haetae,(MFR),489.99
2026-05-19 21:25:25,Haetae,(MFR),489.99
2026-05-19 21:25:25,Haetae,(M),563.5
2026-05-19 23:09:59,Haetae,(MFR),489.99
2026-05-20 04:06:44,Haetae,(MFR),489.99
2026-05-20 08:33:29,Haetae,(MFR),489.99
2026-05-20 11:53:41,Haetae,(MFR),489.99
2026-05-20 11:53:41,Haetae,(M),559.48
2026-05-20 15:37:53,Haetae,(MFR),489.99
2026-05-20 18:23:31,Haetae,(MFR),489.99
2026-05-20 21:02:01,Haetae,(MFR),489.99
2026-05-20 23:17:57,Haetae,(MFR),489.99
2026-05-21 04:15:58,Haetae,(MFR),489.99
2026-05-21 04:15:58,Haetae,(M),555.46
2026-05-21 08:37:38,Haetae,(MFR),489.99
2026-05-21 08:37:38,Haetae,(M),555.46
2026-05-21 12:20:51,Haetae,(MFR),489.99
2026-05-21 12:20:51,Haetae,(M),555.46
2026-05-21 16:19:35,Haetae,(MFR),489.99
2026-05-21 16:19:35,Haetae,(M),551.44
2026-05-21 19:02:22,Haetae,(MFR),489.99
2026-05-21 21:41:05,Haetae,(MFR),489.99
2026-05-21 21:41:05,Haetae,(M),551.44
2026-05-21 23:08:23,Haetae,(MFR),489.99
2026-05-22 04:11:09,Haetae,(M),550.0
2026-05-22 08:25:22,Haetae,(M),550.0
2026-05-22 08:25:22,Haetae,(MFR),489.99
2026-05-22 11:49:15,Haetae,(M),540.0
2026-05-22 21:18:03,Haetae,(M),533.34
2026-05-23 03:50:02,Haetae,(M),533.34
2026-05-23 06:38:47,Haetae,(M),533.34
2026-05-23 11:17:35,Haetae,(M),533.34
2026-05-23 13:49:05,Haetae,(M),533.34
2026-05-23 15:06:36,Haetae,(M),533.34
2026-05-23 21:00:33,Haetae,(MFR),449.99
2026-05-23 22:03:31,Haetae,(MFR),449.99
2026-05-24 00:02:53,Haetae,(MFR),449.99
2026-05-24 05:05:47,Haetae,(MFR),498.36
2026-05-24 05:05:47,Haetae,(M),539.35
2026-05-24 08:38:09,Haetae,(MFR),498.36
2026-05-24 10:45:23,Haetae,(MFR),498.36
2026-05-24 10:45:23,Haetae,(M),536.0
2026-05-24 12:04:20,Haetae,(MFR),498.36
2026-05-24 12:04:20,Haetae,(M),536.0
2026-05-24 14:28:06,Haetae,(MFR),498.36
2026-05-24 14:28:06,Haetae,(M),536.0
2026-05-24 16:05:39,Haetae,(MFR),498.36
2026-05-24 18:02:13,Haetae,(MFR),498.36
2026-05-24 18:02:13,Haetae,(M),536.0
2026-05-24 20:10:45,Haetae,(MFR),490.0
2026-05-24 22:00:27,Haetae,(MFR),490.0
2026-05-24 23:09:52,Haetae,(MFR),490.0
2026-05-25 04:20:55,Haetae,(MFR),490.0
2026-05-25 09:01:38,Haetae,(MFR),300.0
2026-05-25 13:33:35,Haetae,(MFR),490.0
2026-05-25 16:26:05,Haetae,(MFR),490.0
2026-05-25 18:47:17,Haetae,(MFR),490.0
2026-05-25 20:24:52,Haetae,(MFR),490.0
2026-05-25 22:12:54,Haetae,(MFR),490.0
2026-05-26 00:11:37,Haetae,(MFR),490.0
2026-05-26 05:07:25,Haetae,(MFR),450.0
2026-05-26 10:08:03,Haetae,(MFR),450.0
2026-05-26 13:57:29,Haetae,(MFR),450.0
2026-05-26 17:31:52,Haetae,(MFR),450.0
2026-05-26 20:17:18,Haetae,(MFR),447.0
2026-05-26 22:24:09,Haetae,(MFR),447.0
2026-05-27 00:14:10,Haetae,(MFR),445.0
2026-05-27 05:21:53,Haetae,(MFR),445.0
2026-05-27 10:05:37,Haetae,(MFR),445.0
2026-05-27 14:30:39,Haetae,(MFR),450.75
2026-05-27 18:05:16,Haetae,(MFR),450.06
2026-05-27 21:04:30,Haetae,(MFR),450.02
2026-05-28 04:09:28,Haetae,(MFR),448.68
2026-05-28 08:47:56,Haetae,(MFR),449.4
2026-05-28 12:34:32,Haetae,(MFR),449.87
2026-05-28 19:41:59,Haetae,(MFR),450.94
2026-05-28 22:00:16,Haetae,(MFR),451.03
2026-05-28 23:38:08,Haetae,(MFR),451.03
2026-05-29 04:11:45,Haetae,(MFR),450.52
2026-05-29 08:46:01,Haetae,(MFR),450.49
2026-05-29 12:20:40,Haetae,(MFR),450.71
2026-05-29 16:47:42,Haetae,(MFR),451.75
2026-05-29 19:34:58,Haetae,(MFR),451.67
2026-05-29 21:56:40,Haetae,(MFR),451.4
2026-05-29 23:21:00,Haetae,(MFR),451.44
2026-05-30 03:57:27,Haetae,(MFR),451.44
2026-05-30 06:53:05,Haetae,(MFR),451.44
2026-05-30 09:23:44,Haetae,(MFR),451.44
2026-05-30 11:25:59,Haetae,(MFR),451.44
2026-05-30 13:52:41,Haetae,(MFR),451.44
2026-05-30 15:14:48,Haetae,(MFR),451.44
2026-05-30 17:15:38,Haetae,(MFR),451.44
2026-05-30 19:26:02,Haetae,(MFR),400.0
2026-05-30 21:06:37,Haetae,(MFR),400.0
2026-05-30 23:04:44,Haetae,(MFR),400.0
2026-05-30 23:04:44,Haetae,(M),413.0
2026-05-31 04:22:30,Haetae,(MFR),400.0
2026-05-31 08:18:36,Haetae,(MFR),400.0
2026-05-31 11:03:04,Haetae,(MFR),400.0
2026-05-31 11:03:04,Haetae,(M),413.0
2026-05-31 15:23:19,Haetae,(MFR),400.0
2026-05-31 15:23:19,Haetae,(M),413.0
2026-05-31 17:14:56,Haetae,(MFR),440.0
2026-05-31 17:14:56,Haetae,(M),413.0
2026-05-31 19:25:17,Haetae,(MFR),440.0
2026-05-31 21:07:51,Haetae,(MFR),440.0
2026-05-31 23:07:01,Haetae,(MFR),440.0
2026-06-01 04:52:01,Haetae,(M),413.0
2026-06-01 04:52:01,Haetae,(MFR),440.0
2026-06-01 10:26:47,Haetae,(MFR),440.0
2026-06-01 16:43:44,Haetae,(MFR),440.0
2026-06-01 16:43:44,Haetae,(M),413.0
2026-06-01 20:59:14,Haetae,(MFR),440.0
2026-06-01 20:59:14,Haetae,(M),413.0
2026-06-01 23:06:50,Haetae,(M),413.0
2026-06-02 04:40:44,Haetae,(MFR),412.0
2026-06-02 04:40:44,Haetae,(M),420.0
2026-06-02 14:11:12,Haetae,(MFR),412.0
2026-06-02 14:11:12,Haetae,(M),420.0
2026-06-02 23:52:25,Haetae,(M),420.0
2026-06-03 09:58:23,Haetae,(M),413.33
2026-06-04 08:54:26,Haetae,(MFR),400.0
2026-06-04 19:26:05,Haetae,(M),398.0
2026-06-04 21:46:43,Haetae,(M),398.0
2026-06-04 23:14:15,Haetae,(M),398.0
2026-06-05 04:18:01,Haetae,(MFR),398.0
2026-06-05 08:47:01,Haetae,(M),393.33
2026-06-05 12:13:10,Haetae,(M),393.33
2026-06-05 12:13:10,Haetae,(MFR),398.0
2026-06-05 20:52:47,Haetae,(MFR),398.0
2026-06-05 20:52:47,Haetae,(M),393.33
2026-06-06 04:58:38,Haetae,(M),393.33
2026-06-06 07:53:05,Haetae,(M),393.33
2026-06-06 10:11:05,Haetae,(M),393.33
2026-06-07 05:27:09,Haetae,(M),400.0
2026-06-07 14:06:56,Haetae,(M),400.0
2026-06-07 16:22:19,Haetae,(M),400.0
2026-06-07 22:10:42,Haetae,(M),539.35
2026-06-08 00:15:53,Haetae,(M),539.35
2026-06-08 05:56:53,Haetae,(M),539.35
2026-06-08 11:12:43,Haetae,(M),539.35
2026-06-08 11:12:43,Haetae,(MFR),358.67
2026-06-09 08:34:23,Haetae,(MFR),358.67
2026-06-09 16:07:32,Haetae,(MFR),360.0
2026-06-09 21:51:37,Haetae,(M),400.0
2026-06-09 21:51:37,Haetae,(MFR),360.0
2026-06-09 23:24:10,Haetae,(M),400.0
2026-06-09 23:24:10,Haetae,(MFR),360.0
2026-06-09 23:24:10,Haetae,(MR),400.0
2026-06-10 04:15:19,Haetae,(MR),400.0
2026-06-10 04:15:19,Haetae,(M),400.0
2026-06-10 08:54:18,Haetae,(MFR),360.0
2026-06-10 12:28:23,Haetae,(M),400.0
2026-06-10 12:28:23,Haetae,(MFR),360.0
2026-06-10 16:39:18,Haetae,(MFR),360.0
2026-06-10 19:39:28,Haetae,(M),400.0
2026-06-11 00:22:03,Haetae,(M),400.0
2026-06-11 05:55:51,Haetae,(MFR),390.0
2026-06-11 10:48:10,Haetae,(MFR),390.0
2026-06-11 10:48:10,Haetae,(M),400.0
2026-06-11 14:43:44,Haetae,(MFR),390.0
2026-06-11 14:43:44,Haetae,(M),400.0
2026-06-11 18:21:12,Haetae,(MFR),390.0
2026-06-11 23:41:44,Haetae,(MFR),390.0
2026-06-12 04:41:03,Haetae,(M),400.0
2026-06-12 04:41:03,Haetae,(MFR),390.0
2026-06-12 09:03:37,Haetae,(M),400.0
2026-06-12 09:03:37,Haetae,(MFR),390.0
2026-06-12 13:30:32,Haetae,(M),400.0
2026-06-12 13:30:32,Haetae,(MFR),420.0
2026-06-12 16:48:05,Haetae,(M),400.0
2026-06-12 19:11:09,Haetae,(M),400.0
2026-06-12 21:54:14,Haetae,(M),400.0
2026-06-12 23:23:37,Haetae,(MFR),450.0
2026-06-12 23:23:37,Haetae,(M),400.0
2026-06-13 04:19:33,Haetae,(M),400.0
2026-06-13 04:19:33,Haetae,(MFR),450.0
2026-06-13 08:26:19,Haetae,(M),400.0
2026-06-13 08:26:19,Haetae,(MFR),450.0
2026-06-13 11:20:25,Haetae,(M),400.0
2026-06-13 14:12:15,Haetae,(M),485.17
2026-06-13 16:19:41,Haetae,(M),485.17
2026-06-13 18:14:21,Haetae,(M),485.17
2026-06-13 20:20:48,Haetae,(M),485.17
2026-06-13 22:10:42,Haetae,(M),485.17
2026-06-14 00:14:17,Haetae,(M),485.17
2026-06-14 05:56:08,Haetae,(M),485.17
2026-06-14 09:47:01,Haetae,(M),485.17
2026-06-14 12:02:48,Haetae,(M),485.17
2026-06-14 17:25:20,Haetae,(M),485.17
2026-06-14 19:45:01,Haetae,(M),485.17
2026-06-14 21:20:02,Haetae,(M),485.17
2026-06-14 23:14:15,Haetae,(M),485.17
2026-06-15 05:02:15,Haetae,(M),485.17
2026-06-15 05:02:15,Haetae,(MFR),400.0
2026-06-15 12:29:01,Haetae,(M),485.17
2026-06-15 17:58:51,Haetae,(M),485.17
2026-06-15 21:13:26,Haetae,(M),485.17
2026-06-15 23:50:50,Haetae,(M),485.17
2026-06-16 05:03:50,Haetae,(M),485.17
2026-06-16 05:03:50,Haetae,(MFR),376.52
2026-06-16 17:09:16,Haetae,(M),485.17
2026-06-16 17:09:16,Haetae,(MFR),377.69
2026-06-16 21:09:49,Haetae,(MFR),377.56
2026-06-16 21:09:49,Haetae,(M),485.17
2026-06-16 23:27:11,Haetae,(MFR),377.72
2026-06-16 23:27:11,Haetae,(M),485.17
2026-06-17 04:47:18,Haetae,(M),485.17
2026-06-17 09:54:21,Haetae,(M),485.17
2026-06-17 13:46:09,Haetae,(M),481.57
2026-06-17 17:10:55,Haetae,(M),485.17
2026-06-17 20:20:54,Haetae,(MFR),373.76
2026-06-17 20:20:54,Haetae,(M),485.17
2026-06-17 22:47:32,Haetae,(MFR),374.11
2026-06-17 22:47:32,Haetae,(M),481.57
2026-06-18 00:19:40,Haetae,(M),485.17
2026-06-18 05:59:45,Haetae,(M),481.57
2026-06-18 10:44:15,Haetae,(M),481.57
2026-06-18 14:14:35,Haetae,(M),481.57
2026-06-18 18:12:03,Haetae,(M),477.98
2026-06-18 21:25:20,Haetae,(M),477.98
2026-06-18 23:55:24,Haetae,(M),477.98
2026-06-19 04:58:56,Haetae,(M),477.98
2026-06-19 09:48:40,Haetae,(MFR),372.77
2026-06-19 09:48:40,Haetae,(M),477.98
2026-06-19 13:38:28,Haetae,(M),477.98
2026-06-19 13:38:28,Haetae,(MFR),372.8
2026-06-19 16:34:56,Haetae,(M),477.98
2026-06-19 16:34:56,Haetae,(MFR),372.83
2026-06-19 19:00:34,Haetae,(M),474.38
2026-06-19 19:00:34,Haetae,(MFR),373.41
2026-06-19 20:43:08,Haetae,(M),474.38
2026-06-19 20:43:08,Haetae,(MFR),373.14
2026-06-19 22:09:27,Haetae,(M),474.38
2026-06-19 22:09:27,Haetae,(MFR),373.17
2026-06-20 00:15:23,Haetae,(M),474.38
2026-06-20 00:15:23,Haetae,(MFR),373.17
2026-06-20 05:20:57,Haetae,(M),474.38
2026-06-20 05:20:57,Haetae,(MFR),373.17
2026-06-20 09:27:35,Haetae,(M),474.38
2026-06-20 15:06:20,Haetae,(M),477.98
2026-06-20 17:40:32,Haetae,(M),477.98
2026-06-20 17:40:32,Haetae,(MFR),600.0
2026-06-21 04:55:03,Haetae,(M),477.98
2026-06-21 04:55:03,Haetae,(MFR),600.0
2026-06-21 09:00:08,Haetae,(M),477.98
2026-06-21 09:00:08,Haetae,(MFR),600.0
2026-06-21 11:50:37,Haetae,(M),474.38
2026-06-21 16:49:20,Haetae,(M),474.38
2026-06-21 16:49:20,Haetae,(MFR),600.0
2026-06-21 22:18:50,Haetae,(M),477.98
2026-06-21 22:18:50,Haetae,(MFR),600.0
2026-06-22 00:17:55,Haetae,(M),477.98
2026-06-22 06:33:41,Haetae,(M),477.98
2026-06-22 12:53:43,Haetae,(MFR),600.0
2026-06-22 12:53:43,Haetae,(M),477.98
2026-06-22 17:42:33,Haetae,(MFR),600.0
2026-06-22 20:55:30,Haetae,(M),474.38
2026-06-22 22:50:34,Haetae,(M),474.38
2026-06-22 22:50:34,Haetae,(MFR),600.0
2026-06-23 00:13:52,Haetae,(M),474.38
2026-06-23 05:07:22,Haetae,(M),474.38
2026-06-23 09:53:47,Haetae,(MFR),600.0
2026-06-23 09:53:47,Haetae,(M),470.79
2026-06-23 12:38:47,Haetae,(MFR),600.0
2026-06-23 12:38:47,Haetae,(M),470.79
2026-06-23 15:55:20,Haetae,(M),470.79
2026-06-23 15:55:20,Haetae,(MFR),600.0
2026-06-23 18:04:20,Haetae,(M),470.79
2026-06-23 18:04:20,Haetae,(MFR),600.0
2026-06-23 21:03:12,Haetae,(M),470.79
2026-06-23 21:03:12,Haetae,(MFR),600.0
2026-06-23 23:13:17,Haetae,(M),470.79
2026-06-23 23:13:17,Haetae,(MFR),600.0
2026-06-24 04:05:14,Haetae,(MFR),600.0
2026-06-24 04:05:14,Haetae,(M),470.79
2026-06-24 08:26:26,Haetae,(MFR),600.0
2026-06-24 08:26:26,Haetae,(M),470.79
2026-06-24 21:27:08,Haetae,(M),463.6
2026-06-24 23:11:06,Haetae,(M),463.6
2026-06-25 04:05:39,Haetae,(M),463.6
2026-06-25 08:26:42,Haetae,(M),463.6
2026-06-25 11:44:01,Haetae,(MFR),600.0
2026-06-25 14:43:00,Haetae,(M),460.0
2026-06-25 14:43:00,Haetae,(MFR),600.0
2026-06-25 17:17:32,Haetae,(M),460.0
2026-06-25 17:17:32,Haetae,(MFR),600.0
2026-06-25 22:24:39,Haetae,(M),460.0
2026-06-26 00:15:34,Haetae,(M),460.0
2026-06-26 09:38:28,Haetae,(MFR),600.0
2026-06-26 12:16:19,Haetae,(M),461.88
2026-06-26 12:16:19,Haetae,(MFR),600.0
2026-06-26 15:26:48,Haetae,(M),458.21
2026-06-26 15:26:48,Haetae,(MFR),600.0
2026-06-26 17:55:51,Haetae,(M),458.21
2026-06-26 19:58:43,Haetae,(MFR),600.0
2026-06-26 21:25:59,Haetae,(MFR),600.0
2026-06-26 23:13:44,Haetae,(MFR),600.0
2026-06-27 03:58:30,Haetae,(M),458.21
2026-06-27 07:24:01,Haetae,(M),458.21
2026-06-27 10:15:03,Haetae,(M),458.21
2026-06-27 10:15:03,Haetae,(MFR),600.0
2026-06-27 12:11:39,Haetae,(M),458.21
2026-06-27 12:11:39,Haetae,(MFR),600.0
2026-06-27 14:46:41,Haetae,(M),458.21
2026-06-27 16:10:14,Haetae,(M),458.21
2026-06-27 16:10:14,Haetae,(MFR),600.0
2026-06-27 22:08:06,Haetae,(M),458.21
2026-06-28 00:08:14,Haetae,(M),458.21
2026-06-28 05:21:01,Haetae,(M),458.21
2026-06-28 05:21:01,Haetae,(MFR),600.0
2026-06-28 09:19:48,Haetae,(M),458.21
2026-06-28 11:50:33,Haetae,(M),458.21
2026-06-28 14:01:14,Haetae,(M),458.21
2026-06-28 16:17:14,Haetae,(M),458.21
2026-06-28 18:09:14,Haetae,(M),458.21
2026-06-28 20:17:25,Haetae,(M),461.88
2026-06-28 22:06:05,Haetae,(M),461.88
2026-06-29 05:55:01,Haetae,(M),458.21
2026-06-29 11:11:08,Haetae,(M),461.88
2026-06-30 09:51:13,Haetae,(MFR),600.0
2026-06-30 15:35:15,Haetae,(MFR),600.0
2026-07-01 10:00:14,Haetae,(MFR),600.0
2026-07-01 12:43:37,Haetae,(MFR),600.0
2026-07-01 18:03:25,Haetae,(MFR),600.0
2026-07-02 09:22:52,Haetae,(MFR),600.0
2026-07-02 19:41:37,Haetae,(MFR),600.0
2026-07-03 03:48:37,Haetae,(MFR),600.0
2026-07-03 23:11:04,Haetae,(MFR),600.0
2026-07-04 03:40:24,Haetae,(MFR),600.0
2026-07-04 06:52:00,Haetae,(MFR),600.0
2026-07-04 09:26:59,Haetae,(MFR),600.0
2026-07-04 11:38:07,Haetae,(MFR),600.0
2026-07-05 03:59:34,Haetae,(MFR),600.0
2026-07-05 07:35:24,Haetae,(MFR),600.0
2026-07-05 10:22:15,Haetae,(MFR),600.0
2026-07-05 12:20:57,Haetae,(MFR),600.0
2026-07-05 14:48:12,Haetae,(MFR),600.0
2026-07-06 00:13:25,Haetae,(MFR),600.0
2026-07-06 05:17:25,Haetae,(MFR),600.0
2026-07-06 10:49:44,Haetae,(MFR),600.0
2026-07-06 14:30:57,Haetae,(MFR),600.0
2026-07-06 17:48:00,Haetae,(MFR),600.0
2026-07-07 20:04:30,Haetae,(MFR),600.0
2026-07-10 00:10:59,Haetae,(MFR),600.0
2026-07-10 04:57:13,Haetae,(MFR),600.0
2026-07-10 11:57:40,Haetae,(MFR),600.0
2026-07-10 19:40:47,Haetae,(MFR),600.0
2026-07-11 17:58:31,Haetae,(MFR),600.0
2026-07-11 19:19:21,Haetae,(MFR),600.0
2026-07-11 20:57:51,Haetae,(MFR),600.0
2026-07-11 21:58:04,Haetae,(MFR),600.0
2026-07-11 22:59:44,Haetae,(MFR),600.0
2026-07-12 04:28:53,Haetae,(MFR),600.0
2026-07-12 13:39:21,Haetae,(MFR),600.0
2026-07-13 19:36:06,Haetae,(MFR),600.0
2026-07-13 21:02:33,Haetae,(MFR),600.0
2026-07-13 23:00:27,Haetae,(MFR),600.0
2026-07-14 00:01:21,Haetae,(MFR),600.0
2026-07-15 17:22:36,Haetae,(MFR),600.0
2026-07-15 19:20:06,Haetae,(MFR),600.0
2026-07-16 03:14:27,Haetae,(MFR),586.67
2026-07-16 06:24:07,Haetae,(MFR),586.67
2026-07-16 09:19:10,Haetae,(MFR),586.67
2026-07-16 11:44:38,Haetae,(MFR),586.67
2026-07-16 14:06:12,Haetae,(MFR),586.67
2026-07-16 18:10:38,Haetae,(MFR),586.67
2026-07-16 20:05:14,Haetae,(MFR),586.67
2026-07-18 16:05:18,Haetae,(MFR),584.0
2026-07-18 17:59:44,Haetae,(MFR),584.0
2026-07-18 22:58:57,Haetae,(MFR),584.0
2026-07-19 00:02:45,Haetae,(MFR),584.0
2026-07-19 04:24:34,Haetae,(MFR),584.0
2026-07-19 07:30:22,Haetae,(MFR),584.0
2026-07-19 11:15:18,Haetae,(MFR),584.0
2026-07-19 13:36:29,Haetae,(MFR),584.0
2026-07-19 15:02:03,Haetae,(MFR),584.0
2026-07-19 17:04:00,Haetae,(MFR),584.0
2026-07-20 13:11:32,Haetae,(MFR),600.0
2026-07-20 18:10:08,Haetae,(MFR),600.0
2026-07-20 20:25:49,Haetae,(MFR),600.0
2026-07-21 04:18:30,Haetae,(MFR),600.0
2026-07-21 12:25:42,Haetae,(MFR),573.33
2026-07-21 15:07:41,Haetae,(MFR),573.33
2026-07-21 17:27:07,Haetae,(MFR),573.33
2026-07-21 19:39:30,Haetae,(MFR),573.33
2026-07-21 21:16:17,Haetae,(MFR),573.33
2026-07-22 06:35:12,Haetae,(MFR),573.33
2026-07-22 09:30:44,Haetae,(MFR),573.33
2026-07-22 11:51:56,Haetae,(MFR),573.33
2026-07-22 14:08:46,Haetae,(MFR),573.33
2026-07-22 16:24:04,Haetae,(MFR),573.33
2026-07-23 07:37:00,Haetae,(MFR),600.0
2026-07-23 12:26:47,Haetae,(MFR),600.0
2026-07-23 17:35:57,Haetae,(MFR),600.0
2026-07-23 19:27:04,Haetae,(MFR),600.0
2026-07-23 21:11:02,Haetae,(MFR),600.0
2026-07-23 23:02:06,Haetae,(MFR),600.0
2026-07-24 03:18:46,Haetae,(MFR),600.0
2026-07-25 03:17:19,Haetae,(MFR),588.0
2026-07-25 06:22:45,Haetae,(MFR),588.0
2026-07-25 09:03:30,Haetae,(MFR),588.0
2026-07-25 11:16:00,Haetae,(MFR),588.0
2026-07-25 13:47:01,Haetae,(MFR),588.0
2026-07-25 22:03:04,Haetae,(MFR),588.0
2026-07-26 00:04:33,Haetae,(MFR),588.0
2026-07-26 20:14:04,Haetae,(MFR),580.0
2026-07-27 15:46:30,Haetae,(MFR),578.67
2026-07-27 17:47:12,Haetae,(MFR),578.67
2026-07-27 19:42:46,Haetae,(MFR),578.67
2026-07-27 21:16:35,Haetae,(MFR),558.67
2026-07-27 23:09:12,Haetae,(MFR),558.67
2026-07-28 02:56:13,Haetae,(MFR),558.67
2026-07-28 05:53:02,Haetae,(MFR),558.67
2026-07-28 08:44:04,Haetae,(MFR),546.67
2026-07-28 11:23:19,Haetae,(MFR),546.67
2026-07-28 14:22:43,Haetae,(MFR),546.67
2026-07-28 16:45:19,Haetae,(MFR),546.67
2026-07-28 18:20:48,Haetae,(MFR),546.67
2026-07-28 20:20:30,Haetae,(MFR),546.67
2026-07-28 22:10:37,Haetae,(MFR),546.67
2026-07-29 00:02:34,Haetae,(MFR),546.67
2026-07-29 04:16:28,Haetae,(MFR),546.67
2026-07-29 07:47:32,Haetae,(MFR),546.67
2026-07-29 10:44:41,Haetae,(MFR),559.99
2026-07-29 13:04:30,Haetae,(MFR),559.99
2026-07-29 15:52:35,Haetae,(MFR),559.99
2026-07-29 17:20:42,Haetae,(MFR),559.99
2026-07-29 19:25:20,Haetae,(MFR),559.99
2026-07-29 21:02:46,Haetae,(MFR),559.99
2026-07-29 23:02:55,Haetae,(MFR),559.99
2026-07-30 02:47:26,Haetae,(MFR),559.99
2026-07-30 05:47:20,Haetae,(MFR),559.99
2026-07-30 08:36:44,Haetae,(MFR),559.99
2026-07-30 11:12:38,Haetae,(MFR),559.99
2026-07-30 14:16:17,Haetae,(MFR),559.99
2026-07-30 16:40:22,Haetae,(MFR),559.99
2026-07-30 18:20:49,Haetae,(MFR),559.99
2026-07-30 20:18:18,Haetae,(MFR),559.99
2026-07-30 22:11:13,Haetae,(MFR),559.99
2026-07-31 00:07:30,Haetae,(MFR),559.99
2026-07-31 04:27:04,Haetae,(MFR),559.99
2026-07-31 07:54:31,Haetae,(MFR),559.99
2026-07-31 10:45:24,Haetae,(MFR),559.99
2026-07-31 13:00:14,Haetae,(MFR),559.99
2026-07-31 15:26:33,Haetae,(MFR),559.99
2026-07-31 17:44:54,Haetae,(MFR),559.99
2026-07-31 21:12:30,Haetae,(MFR),559.99
2026-07-31 23:07:50,Haetae,(MFR),559.99
2026-08-01 03:29:48,Haetae,(MFR),559.99
2026-08-01 06:35:05,Haetae,(MFR),559.99
2026-08-01 09:10:53,Haetae,(MFR),559.99
2026-08-01 11:21:55,Haetae,(MFR),559.99
2026-08-01 13:39:49,Haetae,(MFR),559.99
2026-08-01 15:05:29,Haetae,(MFR),559.99
2026-08-01 17:06:21,Haetae,(MFR),559.99
2026-08-01 19:17:35,Haetae,(MFR),559.99
2026-08-01 21:00:24,Haetae,(MFR),559.99
2026-08-01 22:06:14,Haetae,(MFR),559.99
2026-08-02 00:03:07,Haetae,(MFR),559.99
2026-08-02 04:27:13,Haetae,(MFR),559.99
2026-08-02 07:34:51,Haetae,(MFR),559.99
2026-08-02 10:02:30,Haetae,(MFR),559.99
2026-08-02 12:07:06,Haetae,(MFR),559.99
2026-08-02 14:39:12,Haetae,(MFR),559.99
2026-08-02 16:04:30,Haetae,(MFR),559.99
2026-08-02 18:03:40,Haetae,(MFR),559.99
2026-08-02 20:13:06,Haetae,(MFR),559.99
2026-08-02 22:00:03,Haetae,(MFR),559.99
2026-08-02 23:04:28,Haetae,(MFR),559.99
2026-08-07 11:52:04,Haetae,(MFR),400.0
2026-08-08 23:34:23,Haetae,(MFR),400.0
2026-08-10 16:58:46,Haetae,(MFR),426.65
2026-08-10 17:56:54,Haetae,(MFR),426.65
2026-08-10 19:06:46,Haetae,(MFR),426.65
2026-08-10 20:50:14,Haetae,(MFR),426.65
2026-08-10 21:48:29,Haetae,(MFR),426.65
2026-08-10 22:43:21,Haetae,(MFR),426.65
2026-08-10 23:40:09,Haetae,(MFR),426.65
2026-08-11 02:05:59,Haetae,(MFR),426.65
2026-08-11 04:23:57,Haetae,(MFR),426.65
2026-08-11 05:56:23,Haetae,(MFR),426.65
2026-08-11 07:17:25,Haetae,(MFR),426.65
2026-08-11 09:04:55,Haetae,(MFR),426.65
2026-08-11 10:55:06,Haetae,(MFR),426.65
2026-08-11 11:49:07,Haetae,(MFR),426.65
2026-08-11 13:17:37,Haetae,(MFR),426.65
2026-08-11 15:03:35,Haetae,(MFR),426.65
2026-08-11 17:02:26,Haetae,(MFR),426.65
2026-08-11 19:09:13,Haetae,(MFR),426.65
2026-08-11 20:52:32,Haetae,(MFR),426.65
2026-08-11 21:54:40,Haetae,(MFR),426.65
2026-08-11 22:50:54,Haetae,(MFR),426.65
2026-08-11 23:49:12,Haetae,(MFR),426.65
2026-08-12 02:23:35,Haetae,(MFR),426.65
2026-08-12 04:52:02,Haetae,(MFR),426.65
2026-08-12 06:18:44,Haetae,(MFR),426.65
2026-08-12 08:22:44,Haetae,(MFR),426.65
2026-08-12 10:12:09,Haetae,(MFR),426.65
2026-08-12 11:52:12,Haetae,(MFR),426.65
2026-08-12 13:21:57,Haetae,(MFR),426.65
2026-08-12 15:03:15,Haetae,(MFR),426.65
2026-08-12 17:01:55,Haetae,(MFR),426.65
2026-08-12 19:08:24,Haetae,(MFR),426.65
2026-08-12 20:52:14,Haetae,(MFR),426.65
2026-08-12 21:53:00,Haetae,(MFR),426.65
2026-08-12 22:49:03,Haetae,(MFR),426.65
2026-08-12 23:49:25,Haetae,(MFR),426.65
2026-08-13 02:25:28,Haetae,(MFR),426.65
2026-08-13 04:56:22,Haetae,(MFR),426.65
2026-08-13 06:21:35,Haetae,(MFR),426.65
2026-08-13 08:25:12,Haetae,(MFR),426.65
2026-08-13 10:13:33,Haetae,(MFR),426.65
2026-08-13 11:53:04,Haetae,(MFR),426.65
2026-08-13 13:23:28,Haetae,(MFR),426.65
2026-08-13 15:03:02,Haetae,(MFR),426.65
2026-08-13 17:01:16,Haetae,(MFR),426.65
2026-08-13 19:08:54,Haetae,(MFR),426.65
2026-08-13 20:50:13,Haetae,(MFR),426.65
2026-08-13 21:52:32,Haetae,(MFR),426.65
2026-08-13 22:50:06,Haetae,(MFR),426.65
2026-08-13 23:49:09,Haetae,(MFR),426.65
2026-08-14 02:23:43,Haetae,(MFR),426.65
2026-08-14 04:53:00,Haetae,(MFR),426.65
2026-08-14 06:18:22,Haetae,(MFR),426.65
2026-08-14 08:20:23,Haetae,(MFR),426.65
2026-08-14 10:09:11,Haetae,(MFR),426.65
2026-08-14 11:49:59,Haetae,(MFR),426.65
2026-08-14 13:18:13,Haetae,(MFR),426.65
2026-08-14 14:56:39,Haetae,(MFR),426.65
2026-08-14 15:57:55,Haetae,(MFR),426.65
2026-08-14 17:01:35,Haetae,(MFR),426.65
2026-08-14 19:01:21,Haetae,(MFR),426.65
2026-08-14 20:36:16,Haetae,(MFR),426.65
2026-08-14 21:30:01,Haetae,(MFR),426.65
2026-08-14 22:29:20,Haetae,(MFR),426.65
2026-08-14 23:27:02,Haetae,(MFR),426.65
2026-08-15 01:35:33,Haetae,(MFR),426.65
2026-08-15 02:57:31,Haetae,(MFR),426.65
2026-08-15 03:45:09,Haetae,(MFR),426.65
2026-08-15 04:37:16,Haetae,(MFR),426.65
2026-08-15 05:30:20,Haetae,(MFR),426.65
2026-08-15 06:47:32,Haetae,(MFR),426.65
2026-08-15 07:35:12,Haetae,(MFR),426.65
2026-08-15 08:35:33,Haetae,(MFR),426.65
2026-08-15 09:30:43,Haetae,(MFR),426.65
2026-08-15 10:28:29,Haetae,(MFR),426.65
2026-08-15 11:25:07,Haetae,(MFR),426.65
2026-08-15 12:47:43,Haetae,(MFR),426.65
2026-08-15 13:34:37,Haetae,(MFR),426.65
2026-08-15 14:28:22,Haetae,(MFR),426.65
2026-08-15 15:26:58,Haetae,(MFR),426.65
2026-08-15 16:31:00,Haetae,(MFR),426.65
2026-08-15 17:25:37,Haetae,(MFR),426.65
2026-08-15 18:36:59,Haetae,(MFR),426.65
2026-08-15 19:25:50,Haetae,(MFR),426.65
2026-08-15 20:28:29,Haetae,(MFR),426.65
2026-08-15 21:25:51,Haetae,(MFR),426.65
2026-08-15 22:28:18,Haetae,(MFR),426.65
2026-08-15 23:25:40,Haetae,(MFR),426.65
2026-08-16 01:42:02,Haetae,(MFR),580.0
2026-08-16 03:05:18,Haetae,(MFR),580.0
2026-08-16 04:41:01,Haetae,(MFR),580.0
2026-08-16 05:33:01,Haetae,(MFR),580.0
2026-08-16 06:48:47,Haetae,(MFR),580.0
2026-08-16 07:35:35,Haetae,(MFR),580.0
2026-08-16 08:35:38,Haetae,(MFR),580.0
2026-08-16 09:32:10,Haetae,(MFR),580.0
2026-08-16 10:28:43,Haetae,(MFR),580.0
2026-08-16 11:25:26,Haetae,(MFR),580.0
2026-08-16 12:49:47,Haetae,(MFR),580.0
2026-08-16 13:35:38,Haetae,(MFR),580.0
2026-08-16 14:28:38,Haetae,(MFR),580.0
2026-08-16 15:26:52,Haetae,(MFR),580.0
2026-08-16 16:31:52,Haetae,(MFR),580.0
2026-08-16 17:24:26,Haetae,(MFR),580.0
2026-08-16 18:36:13,Haetae,(MFR),426.67
2026-08-16 19:25:05,Haetae,(MFR),426.67
2026-08-16 20:28:47,Haetae,(MFR),426.67
2026-08-16 21:25:54,Haetae,(MFR),426.67
2026-08-16 22:27:00,Haetae,(MFR),426.67
2026-08-16 23:25:15,Haetae,(MFR),426.67
2026-08-17 01:39:35,Haetae,(MFR),426.67
2026-08-17 03:05:16,Haetae,(MFR),426.67
2026-08-17 04:49:52,Haetae,(MFR),426.67
2026-08-17 05:39:38,Haetae,(MFR),426.67
2026-08-17 07:05:28,Haetae,(MFR),426.67
2026-08-17 08:50:19,Haetae,(MFR),426.67
2026-08-17 09:49:09,Haetae,(MFR),426.67
2026-08-17 10:37:30,Haetae,(MFR),426.67
2026-08-17 11:30:47,Haetae,(MFR),426.67
2026-08-17 12:54:06,Haetae,(MFR),426.67
2026-08-17 13:43:36,Haetae,(MFR),426.67
2026-08-17 14:33:38,Haetae,(MFR),426.67
2026-08-17 16:33:53,Haetae,(MFR),426.67
2026-08-17 17:31:39,Haetae,(MFR),426.67
2026-08-17 18:47:47,Haetae,(MFR),426.67
2026-08-17 19:32:58,Haetae,(MFR),426.67
2026-08-17 20:32:37,Haetae,(MFR),426.67
2026-08-17 21:30:48,Haetae,(MFR),426.67
2026-08-17 22:29:45,Haetae,(MFR),426.67
2026-08-17 23:28:00,Haetae,(MFR),426.67
2026-08-18 01:35:34,Haetae,(MFR),426.67
2026-08-18 03:02:20,Haetae,(MFR),426.67
2026-08-18 03:53:03,Haetae,(MFR),426.67
2026-08-18 04:41:09,Haetae,(MFR),426.67
2026-08-18 05:41:59,Haetae,(MFR),426.67
2026-08-18 06:52:42,Haetae,(MFR),426.67
2026-08-18 07:43:20,Haetae,(MFR),426.67
2026-08-18 08:43:32,Haetae,(MFR),426.67
2026-08-18 09:38:52,Haetae,(MFR),426.67
2026-08-18 10:34:18,Haetae,(MFR),426.67
2026-08-18 11:30:08,Haetae,(MFR),426.67
2026-08-18 12:56:13,Haetae,(MFR),426.67
2026-08-18 13:47:47,Haetae,(MFR),426.67
2026-08-18 14:39:04,Haetae,(MFR),426.67
2026-08-18 15:37:04,Haetae,(MFR),426.67
2026-08-18 16:39:13,Haetae,(MFR),426.67
2026-08-18 17:33:43,Haetae,(MFR),426.67
2026-08-18 18:46:14,Haetae,(MFR),426.67
2026-08-18 19:33:13,Haetae,(MFR),426.67
2026-08-18 20:30:17,Haetae,(MFR),426.67
2026-08-18 21:30:01,Haetae,(MFR),426.67
2026-08-18 22:29:17,Haetae,(MFR),426.67
2026-08-18 23:27:02,Haetae,(MFR),426.67
2026-08-19 01:37:35,Haetae,(MFR),426.67
2026-08-19 03:06:22,Haetae,(MFR),426.67
2026-08-19 05:35:34,Haetae,(MFR),426.67
2026-08-19 07:44:17,Haetae,(MFR),426.67
2026-08-19 09:39:30,Haetae,(MFR),426.67
2026-08-19 10:41:36,Haetae,(MFR),426.67
2026-08-19 11:30:24,Haetae,(MFR),426.67
2026-08-19 12:56:50,Haetae,(MFR),426.67
2026-08-19 13:50:15,Haetae,(MFR),426.67
2026-08-19 14:42:33,Haetae,(MFR),426.67
2026-08-19 16:40:44,Haetae,(MFR),426.67
2026-08-19 17:31:28,Haetae,(MFR),426.67
2026-08-19 18:51:01,Haetae,(MFR),426.67
2026-08-19 19:33:01,Haetae,(MFR),426.67
2026-08-19 20:39:38,Haetae,(MFR),426.67
2026-08-19 22:29:52,Haetae,(MFR),426.67
2026-08-19 23:27:39,Haetae,(MFR),426.67
2026-08-20 01:36:12,Haetae,(MFR),426.67
2026-08-20 03:02:26,Haetae,(MFR),426.67
2026-08-20 04:42:11,Haetae,(MFR),426.0
2026-08-20 05:35:38,Haetae,(MFR),426.0
2026-08-20 06:54:29,Haetae,(MFR),426.0
2026-08-20 07:45:29,Haetae,(MFR),426.0
2026-08-20 08:45:26,Haetae,(MFR),426.0
2026-08-20 09:40:04,Haetae,(MFR),426.0
2026-08-20 10:36:28,Haetae,(MFR),426.0
2026-08-20 11:31:58,Haetae,(MFR),426.0
2026-08-20 12:58:46,Haetae,(MFR),426.0
2026-08-20 13:52:57,Haetae,(MFR),426.0
2026-08-20 14:41:34,Haetae,(MFR),426.0
2026-08-20 15:38:57,Haetae,(MFR),426.0
2026-08-20 16:40:23,Haetae,(MFR),426.0
2026-08-20 17:35:28,Haetae,(MFR),426.0
2026-08-20 18:47:50,Haetae,(MFR),426.0
2026-08-20 19:35:53,Haetae,(MFR),426.0
2026-08-20 20:34:37,Haetae,(MFR),426.0
2026-08-20 21:33:13,Haetae,(MFR),426.0
2026-08-20 22:33:01,Haetae,(MFR),426.0
2026-08-20 23:31:08,Haetae,(MFR),426.0
2026-08-21 01:40:52,Haetae,(MFR),426.0
2026-08-21 03:08:20,Haetae,(MFR),426.0
2026-08-21 04:44:24,Haetae,(MFR),426.0
2026-08-21 05:37:15,Haetae,(MFR),426.0
2026-08-21 06:55:52,Haetae,(MFR),426.0
2026-08-21 07:48:29,Haetae,(MFR),426.0
2026-08-21 08:47:46,Haetae,(MFR),426.0
2026-08-21 09:42:24,Haetae,(MFR),426.0
2026-08-21 10:35:42,Haetae,(MFR),426.0
2026-08-21 11:31:45,Haetae,(MFR),426.0
2026-08-21 12:57:47,Haetae,(MFR),426.0
2026-08-21 13:51:59,Haetae,(MFR),426.0
2026-08-21 14:40:35,Haetae,(MFR),426.0
2026-08-21 15:38:51,Haetae,(MFR),407.14
2026-08-21 16:40:26,Haetae,(MFR),426.0
2026-08-21 17:33:58,Haetae,(MFR),504.29
2026-08-21 18:43:36,Haetae,(MFR),504.41
2026-08-21 19:29:39,Haetae,(MFR),504.33
2026-08-21 20:31:17,Haetae,(MFR),504.25
2026-08-21 21:29:54,Haetae,(MFR),503.66
2026-08-21 22:30:25,Haetae,(MFR),503.66
2026-08-21 23:29:17,Haetae,(MFR),503.66
2026-08-22 01:34:48,Haetae,(MFR),480.54
2026-08-22 02:59:16,Haetae,(MFR),480.54
2026-08-22 03:50:05,Haetae,(MFR),480.54
2026-08-22 04:38:18,Haetae,(MFR),480.54
2026-08-22 05:32:32,Haetae,(MFR),480.54
2026-08-22 06:48:56,Haetae,(MFR),480.58
2026-08-22 07:36:18,Haetae,(MFR),480.54
2026-08-22 08:36:21,Haetae,(MFR),480.54
2026-08-22 09:32:26,Haetae,(MFR),480.54
2026-08-22 10:29:26,Haetae,(MFR),480.54
2026-08-22 11:25:21,Haetae,(MFR),480.54
2026-08-22 12:49:35,Haetae,(MFR),480.54
2026-08-22 13:35:47,Haetae,(MFR),480.54
2026-08-22 14:27:07,Haetae,(MFR),480.54
2026-08-22 15:26:46,Haetae,(MFR),480.54
2026-08-22 16:30:56,Haetae,(MFR),480.54
2026-08-22 17:25:35,Haetae,(MFR),480.54
2026-08-22 18:37:36,Haetae,(MFR),480.54
2026-08-22 19:26:41,Haetae,(MFR),480.54
2026-08-22 20:29:02,Haetae,(MFR),480.54
2026-08-22 21:27:20,Haetae,(MFR),480.54
2026-08-22 22:27:35,Haetae,(MFR),480.54
2026-08-22 23:26:13,Haetae,(MFR),480.54
2026-08-23 10:29:31,Haetae,(MFR),480.66
2026-08-23 11:25:58,Haetae,(MFR),480.66
2026-08-23 12:50:42,Haetae,(MFR),480.66
2026-08-23 13:36:10,Haetae,(MFR),480.66
2026-08-23 15:28:04,Haetae,(MFR),480.66
2026-08-23 16:32:16,Haetae,(MFR),480.66
2026-08-24 01:41:58,Haetae,(MFR),480.58
2026-08-24 03:09:03,Haetae,(MFR),480.62
2026-08-24 04:51:52,Haetae,(MFR),480.62
2026-08-24 05:42:17,Haetae,(MFR),480.58
2026-08-24 07:08:05,Haetae,(MFR),480.54
2026-08-24 19:34:54,Haetae,(MFR),479.8
2026-08-24 20:36:24,Haetae,(MFR),479.93
2026-08-25 16:43:01,Haetae,(MFR),480.17
2026-08-25 17:36:11,Haetae,(MFR),480.21
2026-08-26 03:11:02,Haetae,(MFR),433.33
2026-08-26 04:45:32,Haetae,(MFR),433.33
2026-08-26 05:39:34,Haetae,(MFR),433.33
2026-08-26 06:57:37,Haetae,(MFR),433.33
2026-08-26 07:53:07,Haetae,(MFR),433.33
2026-08-26 16:22:22,Haetae,(MFR),433.33
2026-08-26 19:09:09,Haetae,(MFR),433.33
2026-08-26 23:11:03,Haetae,(MFR),503.22
2026-08-27 08:37:08,Haetae,(MFR),455.71
2026-08-27 19:43:54,Haetae,(MFR),455.71
2026-08-28 04:08:04,Haetae,(MFR),455.71
2026-08-28 17:15:10,Haetae,(MFR),455.71
2026-08-29 01:36:48,Haetae,(MFR),455.71
2026-08-29 08:50:34,Haetae,(MFR),455.71
2026-08-29 14:18:24,Haetae,(MFR),580.0
2026-08-29 18:15:46,Haetae,(MFR),580.0
2026-08-29 21:35:12,Haetae,(MFR),580.0
2026-08-30 00:00:05,Haetae,(MFR),600.0
2026-08-30 05:15:08,Haetae,(MFR),600.0
2026-08-30 11:40:11,Haetae,(MFR),600.0
2026-08-30 16:27:17,Haetae,(MFR),600.0
2026-08-30 19:41:46,Haetae,(MFR),600.0
2026-08-30 22:35:24,Haetae,(MFR),600.0
2026-08-31 01:16:53,Haetae,(MFR),600.0
2026-08-31 08:28:23,Haetae,(MFR),600.0
2026-08-31 16:57:05,Haetae,(MFR),600.0
2026-08-31 21:52:10,Haetae,(MFR),600.0
2026-09-01 01:09:30,Haetae,(MFR),600.0
2026-09-01 07:35:33,Haetae,(MFR),600.0
2026-09-01 13:21:48,Haetae,(MFR),600.0
2026-09-01 17:45:11,Haetae,(MFR),600.0
2026-09-01 20:52:54,Haetae,(MFR),600.0
2026-09-01 23:12:18,Haetae,(MFR),600.0
2026-09-02 03:55:44,Haetae,(MFR),600.0
2026-09-02 08:41:12,Haetae,(MFR),600.0
2026-09-02 13:28:47,Haetae,(MFR),600.0
2026-09-02 17:48:11,Haetae,(MFR),585.71
2026-09-02 20:52:27,Haetae,(MFR),585.71
2026-09-02 23:11:47,Haetae,(MFR),585.71
2026-09-03 03:54:08,Haetae,(MFR),600.0
2026-09-03 08:48:59,Haetae,(MFR),560.0
2026-09-03 13:27:43,Haetae,(MFR),560.0
2026-09-03 17:43:58,Haetae,(MFR),560.0
2026-09-03 20:50:00,Haetae,(MFR),560.0
2026-09-03 23:08:54,Haetae,(MFR),560.0
2026-09-04 03:56:33,Haetae,(MFR),580.0
2026-09-04 08:45:29,Haetae,(MFR),580.0
2026-09-04 13:21:43,Haetae,(MFR),580.0
2026-09-04 17:30:46,Haetae,(MFR),580.0
2026-09-04 20:36:36,Haetae,(MFR),580.0
2026-09-04 22:55:46,Haetae,(MFR),590.67
2026-09-05 00:47:14,Haetae,(MFR),590.67
2026-09-05 05:29:25,Haetae,(MFR),590.67
2026-09-05 10:20:40,Haetae,(MFR),590.67
2026-09-05 13:47:47,Haetae,(MFR),590.67
2026-09-05 16:42:14,Haetae,(MFR),590.67
2026-09-05 18:55:56,Haetae,(MFR),590.67
2026-09-05 21:03:11,Haetae,(MFR),590.67
2026-09-05 23:41:56,Haetae,(MFR),590.67
2026-09-06 03:59:09,Haetae,(MFR),590.67
2026-09-06 08:36:49,Haetae,(MFR),590.67
2026-09-06 12:46:13,Haetae,(MFR),586.67
2026-09-06 16:05:54,Haetae,(MFR),586.67
2026-09-06 18:59:02,Haetae,(MFR),586.67
2026-09-06 21:13:55,Haetae,(MFR),586.67
2026-09-06 23:40:28,Haetae,(MFR),580.0
